horizon,model,subject,n,n_buy,pr_auc,mcc
first1,behavior,S01,129,12,0.3172254645938856,0.22473236795522997
first1,behavior,S02,127,15,0.19930456329420887,0.1487643399046203
first1,behavior,S03,143,15,0.36414751470342377,0.2871819689292038
first1,behavior,S05,132,8,0.3711569855214813,0.22325617118536775
first1,behavior,S06,144,23,0.4103735547782117,0.22793460082329153
first1,behavior,S07,128,12,0.4465683683352072,0.3058619448706977
first1,behavior,S08,143,13,0.18657298580912232,0.0
first1,behavior,S09,131,19,0.3923731417711366,0.46527966398355686
first1,behavior,S10,122,17,0.22963128852407724,0.0889416394411681
first1,behavior,S12,133,20,0.3150762164919159,0.3024838555496215
first1,behavior,S13,117,29,0.4913021540782739,0.20071386396285798
first1,behavior,S14,134,9,0.15132753057909215,0.09452234092780888
first1,behavior,S15,144,28,0.5094624815750671,0.3199336784106236
first1,behavior,S16,142,18,0.2297333201964366,0.20273231537739178
first1,behavior,S17,133,21,0.35569140208362315,0.21171097100746183
first1,behavior,S18,140,19,0.3883076485040884,0.20712245537061227
first1,behavior,S19,141,12,0.2615523050827244,0.15370529328617538
first1,behavior,S20,144,15,0.3047071507378126,0.22281105029196718
first1,behavior,S21,132,23,0.6203945404825723,0.49124768903522503
first1,behavior,S22,136,21,0.2953392245310834,0.12245637363064615
first1,behavior,S23,144,21,0.30120610590715796,0.153289623220946
first1,behavior,S24,144,18,0.22547855576523546,0.1285058810634358
first1,behavior,S25,140,7,0.3086275552404585,0.2653673703463574
first1,behavior,S26,135,33,0.3784020708321797,0.20861391918504754
first1,behavior,S27,127,10,0.6427761485826001,0.3939235055322864
first1,behavior,S28,129,16,0.53638514117683,0.33971780324367457
first1,behavior,S29,136,14,0.3620437054860134,0.21904856149390295
first1,behavior,S30,131,20,0.2942356082127129,0.14305885996676318
first1,behavior,S31,141,25,0.5641560657856929,0.26968155944373645
first1,behavior,S32,144,17,0.3456618102973162,0.287085929516978
first1,behavior,S33,124,21,0.46676787621010435,0.22338677898164486
first1,behavior,S34,138,22,0.3187157978213862,0.12483959500057987
first1,behavior,S35,144,17,0.29464854360243714,0.31045719724967963
first1,behavior,S36,139,14,0.2653623026846502,0.1524712073355711
first1,behavior,S37,144,22,0.3970743502692813,0.25744845738984107
first1,behavior,S38,141,27,0.29449457208081486,0.22069654827619686
first1,behavior,S39,143,13,0.39953609017110997,0.43069267837532
first1,behavior,S40,134,17,0.5162920747308837,0.4211370139485603
first1,behavior,S41,137,12,0.16715006736894766,0.17756236949795526
first1,behavior,S42,142,19,0.43047259577850466,0.37605560604434196
first1,behavior,S43,124,16,0.20285667511493832,0.04339326459702216
first1,behavior,S44,139,16,0.28127975198614097,0.16473780264715543
first1,behavior_eeg,S01,129,12,0.3407293347322797,0.2844528728025791
first1,behavior_eeg,S02,127,15,0.24037432813495924,0.18697615899791462
first1,behavior_eeg,S03,143,15,0.3608109301567441,0.2528197462107619
first1,behavior_eeg,S05,132,8,0.2930132489950646,0.1403166422084179
first1,behavior_eeg,S06,144,23,0.3939844968215125,0.22082824480907276
first1,behavior_eeg,S07,128,12,0.361264960044069,0.18127338626492118
first1,behavior_eeg,S08,143,13,0.11990525063602897,0.0
first1,behavior_eeg,S09,131,19,0.43959730350761983,0.2876941844475524
first1,behavior_eeg,S10,122,17,0.21727805113500348,0.15559659220052718
first1,behavior_eeg,S12,133,20,0.3024394722809686,0.3091524239577268
first1,behavior_eeg,S13,117,29,0.42924053812458113,0.17410445156209925
first1,behavior_eeg,S14,134,9,0.1206255198194065,0.1442477292972316
first1,behavior_eeg,S15,144,28,0.45246407263194466,0.34034063836913186
first1,behavior_eeg,S16,142,18,0.22903230730862248,0.18357669361820206
first1,behavior_eeg,S17,133,21,0.41223747069458117,0.35964730350387936
first1,behavior_eeg,S18,140,19,0.34598918279764923,0.15932993285582173
first1,behavior_eeg,S19,141,12,0.17783428810009072,0.17737690935290132
first1,behavior_eeg,S20,144,15,0.25524276062872686,0.1932286624193503
first1,behavior_eeg,S21,132,23,0.5273993828024509,0.32733015943677324
first1,behavior_eeg,S22,136,21,0.3010552329098816,0.23795403303897403
first1,behavior_eeg,S23,144,21,0.25468208312386914,0.06984302957695782
first1,behavior_eeg,S24,144,18,0.2266867022524299,0.13263952726932274
first1,behavior_eeg,S25,140,7,0.29880290285483047,0.15737789507292674
first1,behavior_eeg,S26,135,33,0.30571324145198486,-0.017630415929856095
first1,behavior_eeg,S27,127,10,0.5937038469296534,0.3690451625259511
first1,behavior_eeg,S28,129,16,0.485170597626093,0.2348952559120767
first1,behavior_eeg,S29,136,14,0.3300959955035536,0.14010751810374328
first1,behavior_eeg,S30,131,20,0.3222697947217341,0.24706543259249655
first1,behavior_eeg,S31,141,25,0.554637116320845,0.404716242325776
first1,behavior_eeg,S32,144,17,0.30359186381629294,0.2570727796261192
first1,behavior_eeg,S33,124,21,0.46945362538206614,0.22926513087053874
first1,behavior_eeg,S34,138,22,0.30168047280127613,0.1520659775782882
first1,behavior_eeg,S35,144,17,0.3255493135636001,0.28153371388143883
first1,behavior_eeg,S36,139,14,0.2711652650366894,0.10622619678782105
first1,behavior_eeg,S37,144,22,0.46307847974726024,0.22749172884199553
first1,behavior_eeg,S38,141,27,0.282283257107735,0.12848130633708235
first1,behavior_eeg,S39,143,13,0.42459083454625923,0.44744645862196
first1,behavior_eeg,S40,134,17,0.4754880185336353,0.4235625861941025
first1,behavior_eeg,S41,137,12,0.13664967428540592,-0.03771236166328253
first1,behavior_eeg,S42,142,19,0.3884084081850365,0.26795562916468885
first1,behavior_eeg,S43,124,16,0.20984787418295306,0.09476225544736293
first1,behavior_eeg,S44,139,16,0.2854627308241978,0.165165015884854
first1,behavior_eeg_et,S01,129,12,0.3224827184126467,0.31726479751763864
first1,behavior_eeg_et,S02,127,15,0.21714083826787253,0.0
first1,behavior_eeg_et,S03,143,15,0.3216753831005965,0.3366470125996171
first1,behavior_eeg_et,S05,132,8,0.2579376092657343,0.10913601593968009
first1,behavior_eeg_et,S06,144,23,0.3908361478171398,0.2885375494071146
first1,behavior_eeg_et,S07,128,12,0.3804800451173408,0.3324963368250692
first1,behavior_eeg_et,S08,143,13,0.13882902739351238,0.0
first1,behavior_eeg_et,S09,131,19,0.44092237672838464,0.13700938040601718
first1,behavior_eeg_et,S10,122,17,0.2360411857648282,0.017943463088456835
first1,behavior_eeg_et,S12,133,20,0.29754807151505597,0.232391775938041
first1,behavior_eeg_et,S13,117,29,0.43892348720622926,0.16632169688748422
first1,behavior_eeg_et,S14,134,9,0.1449989287139931,0.08819563514621281
first1,behavior_eeg_et,S15,144,28,0.43731589022168543,0.31658925345180183
first1,behavior_eeg_et,S16,142,18,0.2167719326242617,0.17452461266160285
first1,behavior_eeg_et,S17,133,21,0.41076973556890906,0.23962861890851017
first1,behavior_eeg_et,S18,140,19,0.485476145915297,0.22591299788996203
first1,behavior_eeg_et,S19,141,12,0.15787757570231606,0.039311130834626645
first1,behavior_eeg_et,S20,144,15,0.2023811419807556,0.2420839754357787
first1,behavior_eeg_et,S21,132,23,0.6566394593066667,0.15184612022518507
first1,behavior_eeg_et,S22,136,21,0.36247349531495426,0.17622684421256035
first1,behavior_eeg_et,S23,144,21,0.26022445935609845,0.16765098418171126
first1,behavior_eeg_et,S24,144,18,0.23551347107050005,0.05694068649569659
first1,behavior_eeg_et,S25,140,7,0.24699792960662525,0.24856567949974837
first1,behavior_eeg_et,S26,135,33,0.28555666778196415,0.018281810603178267
first1,behavior_eeg_et,S27,127,10,0.3857856617067143,0.3600893593063023
first1,behavior_eeg_et,S28,129,16,0.4827521675894726,0.27395840397640037
first1,behavior_eeg_et,S29,136,14,0.2863927393201662,0.27292148193302634
first1,behavior_eeg_et,S30,131,20,0.28371921382975146,0.15950626624575204
first1,behavior_eeg_et,S31,141,25,0.565389439173117,0.4193796732613868
first1,behavior_eeg_et,S32,144,17,0.23139869520004908,-0.030595290523437336
first1,behavior_eeg_et,S33,124,21,0.38167656872366484,0.34515919381181304
first1,behavior_eeg_et,S34,138,22,0.3176579063403845,0.07886702074889264
first1,behavior_eeg_et,S35,144,17,0.3342212599805747,0.31580013988928424
first1,behavior_eeg_et,S36,139,14,0.3082224986516201,0.3204594249984894
first1,behavior_eeg_et,S37,144,22,0.4449940991134021,0.1826376816135146
first1,behavior_eeg_et,S38,141,27,0.26895121467204625,0.025409104121273136
first1,behavior_eeg_et,S39,143,13,0.43797505099646367,0.4687936026232281
first1,behavior_eeg_et,S40,134,17,0.4864080706108434,0.36752318873401313
first1,behavior_eeg_et,S41,137,12,0.09891592379417108,-0.026568446566202858
first1,behavior_eeg_et,S42,142,19,0.40453835511403985,0.2940092381323043
first1,behavior_eeg_et,S43,124,16,0.22894577378547012,0.10340889791059751
first1,behavior_eeg_et,S44,139,16,0.26915978860721235,0.1799107728260367
first1,behavior_et,S01,129,12,0.411119392628299,0.3094559368642616
first1,behavior_et,S02,127,15,0.22676038632126183,0.3111689631242774
first1,behavior_et,S03,143,15,0.3638779550780923,0.30755876073418525
first1,behavior_et,S05,132,8,0.3399821726521532,0.22325617118536775
first1,behavior_et,S06,144,23,0.37698538080933763,0.19180536399919287
first1,behavior_et,S07,128,12,0.3209919118478264,0.13840913308956662
first1,behavior_et,S08,143,13,0.12859775693908823,0.0
first1,behavior_et,S09,131,19,0.5069073204675324,0.508397325718425
first1,behavior_et,S10,122,17,0.2591836314131721,-0.05194624816493197
first1,behavior_et,S12,133,20,0.2982621428532855,0.27932704634542466
first1,behavior_et,S13,117,29,0.5158878715630268,0.2359214899391818
first1,behavior_et,S14,134,9,0.10938788560538255,0.024558901714345507
first1,behavior_et,S15,144,28,0.45834053248545686,0.2549590148061441
first1,behavior_et,S16,142,18,0.2701695527699855,0.10175677108658344
first1,behavior_et,S17,133,21,0.42765161742842217,0.28356027236317516
first1,behavior_et,S18,140,19,0.3829622964376594,0.35455158870904996
first1,behavior_et,S19,141,12,0.19354943609749226,0.14206591516789555
first1,behavior_et,S20,144,15,0.2677381992195774,0.2288019266154875
first1,behavior_et,S21,132,23,0.6883274628838151,0.41370212587819355
first1,behavior_et,S22,136,21,0.3295069279147243,0.19387726485420492
first1,behavior_et,S23,144,21,0.3026660976782077,0.23082120545605203
first1,behavior_et,S24,144,18,0.2788411335014197,0.17746050242093514
first1,behavior_et,S25,140,7,0.2505518861498324,0.24856567949974837
first1,behavior_et,S26,135,33,0.3201698460792369,0.05527899928227821
first1,behavior_et,S27,127,10,0.6783763186125513,0.4365197023611312
first1,behavior_et,S28,129,16,0.525383997341401,0.29380684101820537
first1,behavior_et,S29,136,14,0.32339937652931516,0.31094670840846167
first1,behavior_et,S30,131,20,0.29392490941116645,0.024534987303147356
first1,behavior_et,S31,141,25,0.5552580029891249,0.49391711824450896
first1,behavior_et,S32,144,17,0.3033363643322545,0.21887749874096993
first1,behavior_et,S33,124,21,0.5159659799401903,0.3612874019935742
first1,behavior_et,S34,138,22,0.3249711854503564,0.1473338535790956
first1,behavior_et,S35,144,17,0.39458818366573595,0.3436753224463078
first1,behavior_et,S36,139,14,0.3328797347352664,0.0
first1,behavior_et,S37,144,22,0.44328755792299457,0.13013598507133367
first1,behavior_et,S38,141,27,0.30153309767609904,0.10160815619949388
first1,behavior_et,S39,143,13,0.42673230443423993,0.49230769230769234
first1,behavior_et,S40,134,17,0.4837898445390547,0.25603840977704395
first1,behavior_et,S41,137,12,0.15719502094054907,0.1262804785359133
first1,behavior_et,S42,142,19,0.40844696643104456,0.4011780049107267
first1,behavior_et,S43,124,16,0.23865915608275373,0.046261342500225074
first1,behavior_et,S44,139,16,0.2520132136768333,0.14477819843298356
first1,behavior_no_propensity,S01,129,12,0.2688148738538722,0.24741058496256804
first1,behavior_no_propensity,S02,127,15,0.14476154535999758,0.09152996957601064
first1,behavior_no_propensity,S03,143,15,0.28633776146822754,0.2552083333333333
first1,behavior_no_propensity,S05,132,8,0.2531165345856248,0.17430604019629448
first1,behavior_no_propensity,S06,144,23,0.31949716950390583,0.23143983676777402
first1,behavior_no_propensity,S07,128,12,0.23936584338394631,0.20598865674965355
first1,behavior_no_propensity,S08,143,13,0.19335941605304977,0.0
first1,behavior_no_propensity,S09,131,19,0.4771378067491415,0.41089094935496373
first1,behavior_no_propensity,S10,122,17,0.1966154163637816,0.0
first1,behavior_no_propensity,S12,133,20,0.19371073369235528,0.147934740963043
first1,behavior_no_propensity,S13,117,29,0.3595667925206162,0.0938992761825402
first1,behavior_no_propensity,S14,134,9,0.2087288631762465,0.13036303809932592
first1,behavior_no_propensity,S15,144,28,0.4378208522848406,0.2655178629677541
first1,behavior_no_propensity,S16,142,18,0.21038813833720457,0.11975873976303517
first1,behavior_no_propensity,S17,133,21,0.27691429312717714,0.13122519606894606
first1,behavior_no_propensity,S18,140,19,0.33823495141076904,0.21404667433975852
first1,behavior_no_propensity,S19,141,12,0.1878314481873278,0.051149575460285514
first1,behavior_no_propensity,S20,144,15,0.3105400882305876,0.16773158659076717
first1,behavior_no_propensity,S21,132,23,0.4593852303725093,0.43765703204956413
first1,behavior_no_propensity,S22,136,21,0.32763207302611297,0.19005740882442915
first1,behavior_no_propensity,S23,144,21,0.23905291706516096,0.169618786115469
first1,behavior_no_propensity,S24,144,18,0.18149427130043252,0.12921914767618442
first1,behavior_no_propensity,S25,140,7,0.19109466175348866,0.19617224880382775
first1,behavior_no_propensity,S26,135,33,0.29292058142299127,0.10646980527881476
first1,behavior_no_propensity,S27,127,10,0.618767635872899,0.3835079272671047
first1,behavior_no_propensity,S28,129,16,0.4700529575387888,0.4508472849383516
first1,behavior_no_propensity,S29,136,14,0.3118335400803507,0.190979515077454
first1,behavior_no_propensity,S30,131,20,0.3217262341923709,0.24775410467254905
first1,behavior_no_propensity,S31,141,25,0.5929603306997729,0.4193796732613868
first1,behavior_no_propensity,S32,144,17,0.3273556914359389,0.3976281000221415
first1,behavior_no_propensity,S33,124,21,0.4907929913708882,0.2507624373170324
first1,behavior_no_propensity,S34,138,22,0.2405570139550797,0.18148810561325862
first1,behavior_no_propensity,S35,144,17,0.36419382331302386,0.287085929516978
first1,behavior_no_propensity,S36,139,14,0.18957063893649959,0.0
first1,behavior_no_propensity,S37,144,22,0.35189925325086413,0.26096355057921244
first1,behavior_no_propensity,S38,141,27,0.21867603446117748,0.05315165258165999
first1,behavior_no_propensity,S39,143,13,0.3999192802635564,0.26494773089015533
first1,behavior_no_propensity,S40,134,17,0.327880108743408,0.24274177727066645
first1,behavior_no_propensity,S41,137,12,0.10330732439036992,0.1300656805631864
first1,behavior_no_propensity,S42,142,19,0.33016129605336614,0.18396877428718506
first1,behavior_no_propensity,S43,124,16,0.2042090253400007,0.02531451046849353
first1,behavior_no_propensity,S44,139,16,0.17484884469557946,0.0029698487185714066
first1,logreg_behavior,S01,129,12,0.27316663169917965,0.2844528728025791
first1,logreg_behavior,S02,127,15,0.18177605815651598,0.008104979376327289
first1,logreg_behavior,S03,143,15,0.2968762425416681,0.2552083333333333
first1,logreg_behavior,S05,132,8,0.23642666519086972,0.28724424165293727
first1,logreg_behavior,S06,144,23,0.28356728678183984,0.16007509052674734
first1,logreg_behavior,S07,128,12,0.23206113732392933,0.3166692820873667
first1,logreg_behavior,S08,143,13,0.13921703472118957,0.12344267996967354
first1,logreg_behavior,S09,131,19,0.5334481156216073,0.508397325718425
first1,logreg_behavior,S10,122,17,0.1946868439764869,0.2417709353823302
first1,logreg_behavior,S12,133,20,0.20639388378511098,-0.01796013284141896
first1,logreg_behavior,S13,117,29,0.4302932705034383,0.12362138314827135
first1,logreg_behavior,S14,134,9,0.20995107046206976,0.1150622713264628
first1,logreg_behavior,S15,144,28,0.40757685680058336,0.297649826587638
first1,logreg_behavior,S16,142,18,0.21461384473323422,0.19236429820494022
first1,logreg_behavior,S17,133,21,0.28565074198154594,0.26730542827991033
first1,logreg_behavior,S18,140,19,0.38080951758171844,0.17194709707105765
first1,logreg_behavior,S19,141,12,0.13956283599047636,0.043179123397883455
first1,logreg_behavior,S20,144,15,0.2956136806008087,0.20335159787821755
first1,logreg_behavior,S21,132,23,0.47408764387941715,0.3967545656145676
first1,logreg_behavior,S22,136,21,0.33974904120893984,0.16648776394757214
first1,logreg_behavior,S23,144,21,0.2296233844228094,0.17397118911748224
first1,logreg_behavior,S24,144,18,0.2506907947832842,0.10101525445522108
first1,logreg_behavior,S25,140,7,0.15164105101480638,0.19237614156586572
first1,logreg_behavior,S26,135,33,0.26437773047486485,0.08260551162360942
first1,logreg_behavior,S27,127,10,0.5944540644540645,0.3835079272671047
first1,logreg_behavior,S28,129,16,0.504315576067534,0.4289424821846576
first1,logreg_behavior,S29,136,14,0.2735656563885922,0.190979515077454
first1,logreg_behavior,S30,131,20,0.3440808615369788,0.31309364035001996
first1,logreg_behavior,S31,141,25,0.5673893204320224,0.4193796732613868
first1,logreg_behavior,S32,144,17,0.3265466684005405,0.3561151095966042
first1,logreg_behavior,S33,124,21,0.47564492340825576,0.26659959287291324
first1,logreg_behavior,S34,138,22,0.24891066289086244,0.04531460073508672
first1,logreg_behavior,S35,144,17,0.3715978975598147,0.32319305522101505
first1,logreg_behavior,S36,139,14,0.23329513168213867,0.06372247932246619
first1,logreg_behavior,S37,144,22,0.4264689593740891,0.22115461079318394
first1,logreg_behavior,S38,141,27,0.2357647120313046,0.036470256167557016
first1,logreg_behavior,S39,143,13,0.3786280415250367,0.44744645862196
first1,logreg_behavior,S40,134,17,0.31008545988978853,0.1878598533668404
first1,logreg_behavior,S41,137,12,0.13397864898605066,0.1300656805631864
first1,logreg_behavior,S42,142,19,0.35467653254279863,0.23360068651580265
first1,logreg_behavior,S43,124,16,0.21051964498967135,0.06588078458684124
first1,logreg_behavior,S44,139,16,0.17765020678907215,0.061275420083669395
first1,logreg_dwell_propensity,S01,129,12,0.3487862412794302,0.23826109606385762
first1,logreg_dwell_propensity,S02,127,15,0.2399499670568309,0.14466476616370316
first1,logreg_dwell_propensity,S03,143,15,0.3655034097072925,0.2720251177742569
first1,logreg_dwell_propensity,S05,132,8,0.3422745114792328,0.2691452441009956
first1,logreg_dwell_propensity,S06,144,23,0.41595845380988117,0.19367588932806323
first1,logreg_dwell_propensity,S07,128,12,0.4131547254021571,0.35077867847975036
first1,logreg_dwell_propensity,S08,143,13,0.17499921615842381,0.06923076923076923
first1,logreg_dwell_propensity,S09,131,19,0.4612093179231168,0.32844045290375107
first1,logreg_dwell_propensity,S10,122,17,0.2607101061219813,0.08828144256783536
first1,logreg_dwell_propensity,S12,133,20,0.37657369662601237,0.1824954376710866
first1,logreg_dwell_propensity,S13,117,29,0.5016235879297541,0.20644466294075361
first1,logreg_dwell_propensity,S14,134,9,0.20955293180924317,0.08508332019123721
first1,logreg_dwell_propensity,S15,144,28,0.45352081030442737,0.29818828977281364
first1,logreg_dwell_propensity,S16,142,18,0.22506046386016262,0.19128546565031554
first1,logreg_dwell_propensity,S17,133,21,0.4023722652398448,0.3469443332443555
first1,logreg_dwell_propensity,S18,140,19,0.45535388202465626,0.3347454502400747
first1,logreg_dwell_propensity,S19,141,12,0.22924175863829985,0.13238081551107772
first1,logreg_dwell_propensity,S20,144,15,0.34181442963631176,0.2288019266154875
first1,logreg_dwell_propensity,S21,132,23,0.5847063963217846,0.3833369736764031
first1,logreg_dwell_propensity,S22,136,21,0.2786023081877054,0.19005740882442915
first1,logreg_dwell_propensity,S23,144,21,0.26824208421896595,0.18220165723780804
first1,logreg_dwell_propensity,S24,144,18,0.2831583074484302,0.1413000702801674
first1,logreg_dwell_propensity,S25,140,7,0.27746057691773873,0.24856567949974837
first1,logreg_dwell_propensity,S26,135,33,0.33503223021320616,0.036563621206356534
first1,logreg_dwell_propensity,S27,127,10,0.6470931029754559,0.33816429343602994
first1,logreg_dwell_propensity,S28,129,16,0.5189408281935456,0.4504306276768096
first1,logreg_dwell_propensity,S29,136,14,0.35879371970288154,0.20182829897112411
first1,logreg_dwell_propensity,S30,131,20,0.25822534964905,0.06901224180380666
first1,logreg_dwell_propensity,S31,141,25,0.5305054390914768,0.36062505448010207
first1,logreg_dwell_propensity,S32,144,17,0.32511420906148963,0.2886850546803015
first1,logreg_dwell_propensity,S33,124,21,0.4081169286778804,0.18620973068096466
first1,logreg_dwell_propensity,S34,138,22,0.3169635698184367,0.1379207473346261
first1,logreg_dwell_propensity,S35,144,17,0.28601356130504924,0.19837637980739542
first1,logreg_dwell_propensity,S36,139,14,0.30503403283153085,0.12628571428571428
first1,logreg_dwell_propensity,S37,144,22,0.4666182439391656,0.2640000971530555
first1,logreg_dwell_propensity,S38,141,27,0.32387176214198843,0.2187228872729236
first1,logreg_dwell_propensity,S39,143,13,0.3128138408010715,0.2825264598420043
first1,logreg_dwell_propensity,S40,134,17,0.4929579274646145,0.29136396776123624
first1,logreg_dwell_propensity,S41,137,12,0.1926782648204409,0.18603491787849766
first1,logreg_dwell_propensity,S42,142,19,0.4440809456987142,0.18295191825255103
first1,logreg_dwell_propensity,S43,124,16,0.23097961915119317,0.07776627474173502
first1,logreg_dwell_propensity,S44,139,16,0.2749490791503793,0.22828097678229775
first1,logreg_eeg,S01,129,12,0.10589842721995149,0.05599678857543781
first1,logreg_eeg,S02,127,15,0.2592040532504901,0.07602874419373501
first1,logreg_eeg,S03,143,15,0.20318765907630654,-0.028727409986057603
first1,logreg_eeg,S05,132,8,0.053772804596541775,-0.06582041547476924
first1,logreg_eeg,S06,144,23,0.2322959290684703,0.05976711442285688
first1,logreg_eeg,S07,128,12,0.16700643336621218,-0.02854038109844782
first1,logreg_eeg,S08,143,13,0.07058853929783164,-0.08671099695241201
first1,logreg_eeg,S09,131,19,0.16794455968310315,-0.03612402323862965
first1,logreg_eeg,S10,122,17,0.20775682939254125,-0.0365794461892253
first1,logreg_eeg,S12,133,20,0.20508219568372726,0.08924461759630944
first1,logreg_eeg,S13,117,29,0.2870563305051269,0.06807870833716279
first1,logreg_eeg,S14,134,9,0.107408321523114,0.0709955629159723
first1,logreg_eeg,S15,144,28,0.1691098747256559,-0.1114619048729424
first1,logreg_eeg,S16,142,18,0.10194309620674245,-0.08154121863799284
first1,logreg_eeg,S17,133,21,0.24862101214739035,0.08995444880638914
first1,logreg_eeg,S18,140,19,0.29423645483668054,0.01702883293784898
first1,logreg_eeg,S19,141,12,0.08017134607063009,-0.025776963111323353
first1,logreg_eeg,S20,144,15,0.1605513465114828,0.15378189088436214
first1,logreg_eeg,S21,132,23,0.2628782894451947,0.14593124052123782
first1,logreg_eeg,S22,136,21,0.19015607609968038,-0.033436692754521165
first1,logreg_eeg,S23,144,21,0.22657364376230085,0.05356170765941946
first1,logreg_eeg,S24,144,18,0.15767435285760656,0.0
first1,logreg_eeg,S25,140,7,0.06882555928804863,-0.027618408833305377
first1,logreg_eeg,S26,135,33,0.22365089627370047,-0.06429916397947517
first1,logreg_eeg,S27,127,10,0.10640283140261224,0.0755956556331155
first1,logreg_eeg,S28,129,16,0.14544100829982803,0.06836426381064659
first1,logreg_eeg,S29,136,14,0.14849757488902798,0.062399247500554283
first1,logreg_eeg,S30,131,20,0.15559468652133265,-0.036594338321796635
first1,logreg_eeg,S31,141,25,0.15949056140026774,-0.06580180103562662
first1,logreg_eeg,S32,144,17,0.2298780194529094,0.06778653154249595
first1,logreg_eeg,S33,124,21,0.23240439784806205,0.12881397015339796
first1,logreg_eeg,S34,138,22,0.16151293932674202,-0.0979811894172745
first1,logreg_eeg,S35,144,17,0.2220627565456804,0.1302758417140413
first1,logreg_eeg,S36,139,14,0.16860174944301592,-0.07706746355884524
first1,logreg_eeg,S37,144,22,0.17391107806145498,-0.06016088004828343
first1,logreg_eeg,S38,141,27,0.25195126379757427,-0.05315165258165999
first1,logreg_eeg,S39,143,13,0.10392189354929524,-0.04629100498862757
first1,logreg_eeg,S40,134,17,0.20081015789287276,0.0
first1,logreg_eeg,S41,137,12,0.06947261876592098,-0.0537328395407574
first1,logreg_eeg,S42,142,19,0.1694306484996964,-0.04697591247733051
first1,logreg_eeg,S43,124,16,0.23166708344242007,0.13742162825753632
first1,logreg_eeg,S44,139,16,0.11493242433679512,0.0
first1,logreg_et,S01,129,12,0.24553820298326662,0.21111886687476866
first1,logreg_et,S02,127,15,0.3396148210234897,0.3469477433516796
first1,logreg_et,S03,143,15,0.23198381980857447,0.13045956380186097
first1,logreg_et,S05,132,8,0.1534752374834194,0.12722042226896554
first1,logreg_et,S06,144,23,0.21341639315659142,0.13052074646204384
first1,logreg_et,S07,128,12,0.17694902083473923,0.0886174219413773
first1,logreg_et,S08,143,13,0.08888693148679748,-0.08671099695241201
first1,logreg_et,S09,131,19,0.346907631316293,0.18571614537441966
first1,logreg_et,S10,122,17,0.235660760043522,0.13824944239027956
first1,logreg_et,S12,133,20,0.18865015993742618,0.013303802104754786
first1,logreg_et,S13,117,29,0.39336365019558467,0.11875470187012345
first1,logreg_et,S14,134,9,0.11479658103081199,0.03915200912589422
first1,logreg_et,S15,144,28,0.20333782156459784,0.1268540658512312
first1,logreg_et,S16,142,18,0.17147988293570754,0.12411145193102324
first1,logreg_et,S17,133,21,0.24836510675328188,0.12439196542219419
first1,logreg_et,S18,140,19,0.2951896961443749,0.24826462599543436
first1,logreg_et,S19,141,12,0.11449740641813813,0.039311130834626645
first1,logreg_et,S20,144,15,0.23530782294858554,0.2269320869363849
first1,logreg_et,S21,132,23,0.34967089175557065,0.25228412751514134
first1,logreg_et,S22,136,21,0.2885853471322041,0.12127688149424794
first1,logreg_et,S23,144,21,0.20317626947164982,0.16695677422593644
first1,logreg_et,S24,144,18,0.20731080705575722,0.0525153301495577
first1,logreg_et,S25,140,7,0.07814909639939374,0.05481185639664855
first1,logreg_et,S26,135,33,0.25567716915574235,0.05577508160914502
first1,logreg_et,S27,127,10,0.18240450553777934,0.22327797455822052
first1,logreg_et,S28,129,16,0.23396408706311733,0.14855729204946175
first1,logreg_et,S29,136,14,0.15665622121007838,0.14692095632627405
first1,logreg_et,S30,131,20,0.25378106593700356,0.0771777097143525
first1,logreg_et,S31,141,25,0.36856055678250493,0.26968155944373645
first1,logreg_et,S32,144,17,0.23304535784077965,0.22451917361417587
first1,logreg_et,S33,124,21,0.4291295165018403,0.19581761980179435
first1,logreg_et,S34,138,22,0.19178790582711902,0.143814206703931
first1,logreg_et,S35,144,17,0.2522696268261576,0.2653579482111885
first1,logreg_et,S36,139,14,0.1811842708334547,0.10399817964993147
first1,logreg_et,S37,144,22,0.22767260832293823,0.24334904357569612
first1,logreg_et,S38,141,27,0.26714438467343576,-0.09872896795713429
first1,logreg_et,S39,143,13,0.29907248788608576,0.24464712699880306
first1,logreg_et,S40,134,17,0.18799927779383538,0.1816976741148622
first1,logreg_et,S41,137,12,0.21199101218808442,0.18521779980460001
first1,logreg_et,S42,142,19,0.25111742722601804,0.0677210063492677
first1,logreg_et,S43,124,16,0.18800271435137428,0.10638078975070422
first1,logreg_et,S44,139,16,0.15389962752857497,0.04366874424611263
first1,logreg_fusion,S01,129,12,0.17754762210111574,0.15776013940634465
first1,logreg_fusion,S02,127,15,0.2104138568199931,0.01851946331679053
first1,logreg_fusion,S03,143,15,0.22006726892206807,0.2442629032375941
first1,logreg_fusion,S05,132,8,0.15971612331803323,0.11370050839322057
first1,logreg_fusion,S06,144,23,0.26694542224508877,0.09896711365593082
first1,logreg_fusion,S07,128,12,0.14850704796747405,0.12017278061240778
first1,logreg_fusion,S08,143,13,0.07607912795393669,-0.08600261451922268
first1,logreg_fusion,S09,131,19,0.3255486159912013,0.2712724946210479
first1,logreg_fusion,S10,122,17,0.19739375670461545,0.11148459383753502
first1,logreg_fusion,S12,133,20,0.1979682793603132,0.12881350998238617
first1,logreg_fusion,S13,117,29,0.29113599143294827,0.12038135863670296
first1,logreg_fusion,S14,134,9,0.12453693453853351,-0.01942977971746672
first1,logreg_fusion,S15,144,28,0.21352778452813398,0.04261878276411447
first1,logreg_fusion,S16,142,18,0.16523992259241588,0.06773351508675328
first1,logreg_fusion,S17,133,21,0.23861787866092246,0.11165253738558126
first1,logreg_fusion,S18,140,19,0.2511411779277382,0.05692425468329564
first1,logreg_fusion,S19,141,12,0.11765747137490247,-0.04592794974316195
first1,logreg_fusion,S20,144,15,0.17856176961419873,0.2378714142355144
first1,logreg_fusion,S21,132,23,0.42589949328232796,0.25683710239747254
first1,logreg_fusion,S22,136,21,0.2550360811442953,0.09897870815370043
first1,logreg_fusion,S23,144,21,0.2324943256903675,0.2223194533268667
first1,logreg_fusion,S24,144,18,0.1692269616081416,0.017719247798458352
first1,logreg_fusion,S25,140,7,0.11986957227004066,0.0734952010263456
first1,logreg_fusion,S26,135,33,0.24212723443168352,-0.07582822939263996
first1,logreg_fusion,S27,127,10,0.26418787214253303,0.24901985457474357
first1,logreg_fusion,S28,129,16,0.16545979874370287,0.1027882110529031
first1,logreg_fusion,S29,136,14,0.1677375968035033,0.11245608041995418
first1,logreg_fusion,S30,131,20,0.21146815804312263,-0.019621127571670522
first1,logreg_fusion,S31,141,25,0.25882116160705054,0.11165284718390525
first1,logreg_fusion,S32,144,17,0.2780222628074045,0.13552415364828327
first1,logreg_fusion,S33,124,21,0.41842808093584316,0.19437185910313814
first1,logreg_fusion,S34,138,22,0.1891339566127036,0.1067236786579221
first1,logreg_fusion,S35,144,17,0.2202623983673048,0.15895080899272035
first1,logreg_fusion,S36,139,14,0.18474573651242787,0.10399817964993147
first1,logreg_fusion,S37,144,22,0.2333186956585431,0.11606465417694978
first1,logreg_fusion,S38,141,27,0.26680578526874804,0.1057882923916732
first1,logreg_fusion,S39,143,13,0.23506706375473124,0.12344267996967354
first1,logreg_fusion,S40,134,17,0.28469729070839744,0.1491316483440936
first1,logreg_fusion,S41,137,12,0.10515549714697568,-0.004666666666666667
first1,logreg_fusion,S42,142,19,0.19904212339367058,0.11198693973857742
first1,logreg_fusion,S43,124,16,0.2221035201598187,0.07776627474173502
first1,logreg_fusion,S44,139,16,0.1406506199795725,-0.05356715840055802
first1,prevalence,S01,129,12,0.09302325581395349,0.0
first1,prevalence,S02,127,15,0.11811023622047244,0.0
first1,prevalence,S03,143,15,0.1048951048951049,0.0
first1,prevalence,S05,132,8,0.06060606060606061,0.0
first1,prevalence,S06,144,23,0.1597222222222222,0.0
first1,prevalence,S07,128,12,0.09375,0.0
first1,prevalence,S08,143,13,0.09090909090909091,0.0
first1,prevalence,S09,131,19,0.1450381679389313,0.0
first1,prevalence,S10,122,17,0.13934426229508196,0.0
first1,prevalence,S12,133,20,0.15037593984962405,0.0
first1,prevalence,S13,117,29,0.24786324786324787,0.0
first1,prevalence,S14,134,9,0.06716417910447761,0.0
first1,prevalence,S15,144,28,0.19444444444444445,0.0
first1,prevalence,S16,142,18,0.1267605633802817,0.0
first1,prevalence,S17,133,21,0.15789473684210525,0.0
first1,prevalence,S18,140,19,0.1357142857142857,0.0
first1,prevalence,S19,141,12,0.0851063829787234,0.0
first1,prevalence,S20,144,15,0.10416666666666667,0.0
first1,prevalence,S21,132,23,0.17424242424242425,0.0
first1,prevalence,S22,136,21,0.15441176470588236,0.0
first1,prevalence,S23,144,21,0.14583333333333334,0.0
first1,prevalence,S24,144,18,0.125,0.0
first1,prevalence,S25,140,7,0.05,0.0
first1,prevalence,S26,135,33,0.24444444444444444,0.0
first1,prevalence,S27,127,10,0.07874015748031496,0.0
first1,prevalence,S28,129,16,0.12403100775193798,0.0
first1,prevalence,S29,136,14,0.10294117647058823,0.0
first1,prevalence,S30,131,20,0.15267175572519084,0.0
first1,prevalence,S31,141,25,0.1773049645390071,0.0
first1,prevalence,S32,144,17,0.11805555555555555,0.0
first1,prevalence,S33,124,21,0.1693548387096774,0.0
first1,prevalence,S34,138,22,0.15942028985507245,0.0
first1,prevalence,S35,144,17,0.11805555555555555,0.0
first1,prevalence,S36,139,14,0.10071942446043165,0.0
first1,prevalence,S37,144,22,0.1527777777777778,0.0
first1,prevalence,S38,141,27,0.19148936170212766,0.0
first1,prevalence,S39,143,13,0.09090909090909091,0.0
first1,prevalence,S40,134,17,0.12686567164179105,0.0
first1,prevalence,S41,137,12,0.08759124087591241,0.0
first1,prevalence,S42,142,19,0.13380281690140844,0.0
first1,prevalence,S43,124,16,0.12903225806451613,0.0
first1,prevalence,S44,139,16,0.11510791366906475,0.0
first1,product_propensity,S01,129,12,0.20207712442301484,0.18920465384647675
first1,product_propensity,S02,127,15,0.2262776075965789,0.0642579564514797
first1,product_propensity,S03,143,15,0.2392741601419771,0.1678952186527686
first1,product_propensity,S05,132,8,0.24582709336850378,-0.02219210523130669
first1,product_propensity,S06,144,23,0.31359588981465114,0.10863739930111473
first1,product_propensity,S07,128,12,0.3503392447760016,0.14606515959501085
first1,product_propensity,S08,143,13,0.15850505834825862,0.1628742262678259
first1,product_propensity,S09,131,19,0.13410882679752545,-0.14486040457534433
first1,product_propensity,S10,122,17,0.31825599865194654,0.1927266725168234
first1,product_propensity,S12,133,20,0.4448121259518733,0.2745284627637851
first1,product_propensity,S13,117,29,0.5024303762611375,0.33015272193550954
first1,product_propensity,S14,134,9,0.08746253837053201,0.013867238230536606
first1,product_propensity,S15,144,28,0.35196469661046154,0.18357576139006862
first1,product_propensity,S16,142,18,0.2962457562312668,0.17721056762232906
first1,product_propensity,S17,133,21,0.37250724066479046,0.1619940964655456
first1,product_propensity,S18,140,19,0.4537034947473709,0.2786898906467548
first1,product_propensity,S19,141,12,0.28289071609505045,0.22935723979802056
first1,product_propensity,S20,144,15,0.19646277761143485,0.13577944950587045
first1,product_propensity,S21,132,23,0.34943824116990874,0.18542571033572994
first1,product_propensity,S22,136,21,0.21242251321104738,0.03858345305621894
first1,product_propensity,S23,144,21,0.34990805213846665,0.2524149167425064
first1,product_propensity,S24,144,18,0.28482425859137456,0.15965073416229442
first1,product_propensity,S25,140,7,0.1472349889532552,0.13588424731590598
first1,product_propensity,S26,135,33,0.410829091158432,0.07556713746738138
first1,product_propensity,S27,127,10,0.21362350751152542,0.002315778247639583
first1,product_propensity,S28,129,16,0.29849999321979614,0.21507835583614515
first1,product_propensity,S29,136,14,0.2434382186847691,0.29036035109749636
first1,product_propensity,S30,131,20,0.192662713111638,-0.003153153153153153
first1,product_propensity,S31,141,25,0.3108989596393461,0.11935412439295907
first1,product_propensity,S32,144,17,0.20394300424593792,0.037762928695899534
first1,product_propensity,S33,124,21,0.21091569303384577,0.07436648547660937
first1,product_propensity,S34,138,22,0.2833801911290434,0.1303748735589124
first1,product_propensity,S35,144,17,0.15214622332412908,0.070179604949176
first1,product_propensity,S36,139,14,0.25309396149411256,0.03200640192064023
first1,product_propensity,S37,144,22,0.2843599332769085,0.07295578322623138
first1,product_propensity,S38,141,27,0.31613037607927386,0.07784725237242085
first1,product_propensity,S39,143,13,0.1878090205406135,0.15285446012893575
first1,product_propensity,S40,134,17,0.47862138722545766,0.37582492804295753
first1,product_propensity,S41,137,12,0.22272236339520843,0.07545906934388377
first1,product_propensity,S42,142,19,0.2960656662859023,0.18589448829696503
first1,product_propensity,S43,124,16,0.22579063046075162,-0.02096916299828522
first1,product_propensity,S44,139,16,0.26043971654072323,0.1696045743763941
first1,total_dwell,S01,129,12,0.2688148738538722,0.2844528728025791
first1,total_dwell,S02,127,15,0.14431294613020068,-0.024260307661174957
first1,total_dwell,S03,143,15,0.28337569853055306,0.19320709122468174
first1,total_dwell,S05,132,8,0.2538555055969336,0.28724424165293727
first1,total_dwell,S06,144,23,0.3225460527392858,0.12235952319503761
first1,total_dwell,S07,128,12,0.2379994687763833,0.22604490834610985
first1,total_dwell,S08,143,13,0.19295948513202701,0.0
first1,total_dwell,S09,131,19,0.5209974558719486,0.4860203507327455
first1,total_dwell,S10,122,17,0.20242351725947827,0.0
first1,total_dwell,S12,133,20,0.19055413328346196,-0.08314876315471742
first1,total_dwell,S13,117,29,0.4302911413576322,0.08410044002583568
first1,total_dwell,S14,134,9,0.20833373120216717,0.12252749492659602
first1,total_dwell,S15,144,28,0.4163294134328856,0.29064039408866993
first1,total_dwell,S16,142,18,0.20995516948318305,0.18357669361820206
first1,total_dwell,S17,133,21,0.27624816306683475,0.26730542827991033
first1,total_dwell,S18,140,19,0.3374402295634156,0.14599183064490293
first1,total_dwell,S19,141,12,0.14572515737473168,0.051149575460285514
first1,total_dwell,S20,144,15,0.2957958721045149,0.20335159787821755
first1,total_dwell,S21,132,23,0.4809379170117387,0.4406021218165268
first1,total_dwell,S22,136,21,0.32714438065420987,0.10637681593374038
first1,total_dwell,S23,144,21,0.22306179839547086,0.16774410422454056
first1,total_dwell,S24,144,18,0.25721437732683355,0.1163350101494222
first1,total_dwell,S25,140,7,0.19706150858611843,0.19237614156586572
first1,total_dwell,S26,135,33,0.2936520517756915,0.1023781393777983
first1,total_dwell,S27,127,10,0.618767635872899,0.3835079272671047
first1,total_dwell,S28,129,16,0.4695956404656181,0.4118048256002687
first1,total_dwell,S29,136,14,0.30906157887744046,0.2274536218568652
first1,total_dwell,S30,131,20,0.32166104514413096,0.24775410467254905
first1,total_dwell,S31,141,25,0.5929603306997728,0.4193796732613868
first1,total_dwell,S32,144,17,0.3273556914359389,0.3692033686083575
first1,total_dwell,S33,124,21,0.49041467933120486,0.336787171463659
first1,total_dwell,S34,138,22,0.23888973273661762,0.04275109810170828
first1,total_dwell,S35,144,17,0.3640822385347557,0.3366499888366374
first1,total_dwell,S36,139,14,0.18957063893649959,0.08538118697902419
first1,total_dwell,S37,144,22,0.4089105922319934,0.17555159345874063
first1,total_dwell,S38,141,27,0.21955067865447575,0.10160815619949388
first1,total_dwell,S39,143,13,0.3999192802635564,0.43069267837532
first1,total_dwell,S40,134,17,0.32568609349972066,0.29136396776123624
first1,total_dwell,S41,137,12,0.10316115629188764,0.1300656805631864
first1,total_dwell,S42,142,19,0.3461938454452205,0.3071307171805261
first1,total_dwell,S43,124,16,0.20340276615504851,0.02531451046849353
first1,total_dwell,S44,139,16,0.17682643720771443,0.07405844775409581
first1,visit_count,S01,129,12,0.09302325581395349,0.0
first1,visit_count,S02,127,15,0.11811023622047244,0.0
first1,visit_count,S03,143,15,0.1048951048951049,0.0
first1,visit_count,S05,132,8,0.06060606060606061,0.0
first1,visit_count,S06,144,23,0.1597222222222222,0.0
first1,visit_count,S07,128,12,0.09375,0.0
first1,visit_count,S08,143,13,0.09090909090909091,0.0
first1,visit_count,S09,131,19,0.1450381679389313,0.0
first1,visit_count,S10,122,17,0.13934426229508196,0.0
first1,visit_count,S12,133,20,0.15037593984962405,0.0
first1,visit_count,S13,117,29,0.24786324786324787,0.0
first1,visit_count,S14,134,9,0.06716417910447761,0.0
first1,visit_count,S15,144,28,0.19444444444444445,0.0
first1,visit_count,S16,142,18,0.1267605633802817,0.0
first1,visit_count,S17,133,21,0.15789473684210525,0.0
first1,visit_count,S18,140,19,0.1357142857142857,0.0
first1,visit_count,S19,141,12,0.0851063829787234,0.0
first1,visit_count,S20,144,15,0.10416666666666667,0.0
first1,visit_count,S21,132,23,0.17424242424242425,0.0
first1,visit_count,S22,136,21,0.15441176470588236,0.0
first1,visit_count,S23,144,21,0.14583333333333334,0.0
first1,visit_count,S24,144,18,0.125,0.0
first1,visit_count,S25,140,7,0.05,0.0
first1,visit_count,S26,135,33,0.24444444444444444,0.0
first1,visit_count,S27,127,10,0.07874015748031496,0.0
first1,visit_count,S28,129,16,0.12403100775193798,0.0
first1,visit_count,S29,136,14,0.10294117647058823,0.0
first1,visit_count,S30,131,20,0.15267175572519084,0.0
first1,visit_count,S31,141,25,0.1773049645390071,0.0
first1,visit_count,S32,144,17,0.11805555555555555,0.0
first1,visit_count,S33,124,21,0.1693548387096774,0.0
first1,visit_count,S34,138,22,0.15942028985507245,0.0
first1,visit_count,S35,144,17,0.11805555555555555,0.0
first1,visit_count,S36,139,14,0.10071942446043165,0.0
first1,visit_count,S37,144,22,0.1527777777777778,0.0
first1,visit_count,S38,141,27,0.19148936170212766,0.0
first1,visit_count,S39,143,13,0.09090909090909091,0.0
first1,visit_count,S40,134,17,0.12686567164179105,0.0
first1,visit_count,S41,137,12,0.08759124087591241,0.0
first1,visit_count,S42,142,19,0.13380281690140844,0.0
first1,visit_count,S43,124,16,0.12903225806451613,0.0
first1,visit_count,S44,139,16,0.11510791366906475,0.0
first2,behavior,S01,95,11,0.5285265105291006,0.35808407720702456
first2,behavior,S02,95,15,0.5533788079363821,0.44641569764311884
first2,behavior,S03,110,15,0.3565583513465136,0.26482768100684034
first2,behavior,S05,108,8,0.6810057997557998,0.5976143046671969
first2,behavior,S06,140,23,0.5379479719042985,0.3553775251342112
first2,behavior,S07,87,12,0.7039521928194697,0.6169626059518171
first2,behavior,S08,137,13,0.33847965238243904,0.0
first2,behavior,S09,84,14,0.47598885337949554,0.3990119375605064
first2,behavior,S10,87,11,0.22432156527104793,0.18820382514356668
first2,behavior,S12,111,20,0.7346753542526614,0.6114295984380816
first2,behavior,S13,90,24,0.4859403115403541,0.2831632162923003
first2,behavior,S14,85,9,0.2178376022126022,0.03599965250089932
first2,behavior,S15,115,26,0.47723717815069977,0.2554496669569626
first2,behavior,S16,79,17,0.4548001781314027,0.2504743833017078
first2,behavior,S17,92,20,0.582589993080389,0.3984925297873177
first2,behavior,S18,131,19,0.6249428890355608,0.3597126603307431
first2,behavior,S19,139,12,0.21734964009029606,0.2629142297917141
first2,behavior,S20,67,9,0.32839715839715844,0.29429213183717134
first2,behavior,S21,83,17,0.6335432971026401,0.50601030309194
first2,behavior,S22,91,18,0.5542986628892347,0.385380746354175
first2,behavior,S23,143,21,0.4186885719771602,0.28802759743275613
first2,behavior,S24,132,16,0.26588928022203795,0.19704009023608218
first2,behavior,S25,132,6,0.8169642857142857,0.32510161013223093
first2,behavior,S26,69,21,0.4458557112467656,0.07346510420043817
first2,behavior,S27,65,8,0.6177453673777203,0.24151593423176287
first2,behavior,S28,98,16,0.4958437376306646,0.3403207422427858
first2,behavior,S29,114,13,0.27504949848616445,0.18142069579207074
first2,behavior,S30,75,13,0.6212849665902938,0.5141487187108322
first2,behavior,S31,81,18,0.5207008801389387,0.3082056514117678
first2,behavior,S32,121,16,0.3502395768491037,0.30093195211774343
first2,behavior,S33,72,14,0.4412652542838804,0.21512568018035708
first2,behavior,S34,123,19,0.28345274474047527,0.026995276239950853
first2,behavior,S35,99,16,0.4078562976727443,0.32792359711092567
first2,behavior,S36,108,14,0.4470538799114131,0.2674284369503055
first2,behavior,S37,127,22,0.5291635226991814,0.3811099627257551
first2,behavior,S38,129,26,0.42201597944084757,0.17890452236691218
first2,behavior,S39,96,13,0.5701341853973433,0.2798120577727183
first2,behavior,S40,97,12,0.59767343877122,0.379230468872994
first2,behavior,S41,104,9,0.30176719325932827,0.15128168515702486
first2,behavior,S42,132,19,0.5086147570024334,0.24363864239558639
first2,behavior,S43,78,15,0.42995666222704404,0.18151372660830073
first2,behavior,S44,111,13,0.2736833228823309,0.1226530869960561
first2,behavior_eeg,S01,95,11,0.44272340719709136,0.3645748445110555
first2,behavior_eeg,S02,95,15,0.5455466223000237,0.5509629807289557
first2,behavior_eeg,S03,110,15,0.33833476411018903,0.18654326650550787
first2,behavior_eeg,S05,108,8,0.6239761396011396,0.35
first2,behavior_eeg,S06,140,23,0.539986354233617,0.3891482048646362
first2,behavior_eeg,S07,87,12,0.7431878306878307,0.6412515282671009
first2,behavior_eeg,S08,137,13,0.25106045809255484,0.0
first2,behavior_eeg,S09,84,14,0.4819718296693596,0.13968605915391563
first2,behavior_eeg,S10,87,11,0.25832435187273894,0.03456774257176441
first2,behavior_eeg,S12,111,20,0.6667099026958586,0.5509387764807331
first2,behavior_eeg,S13,90,24,0.5060782075198221,0.10660035817780521
first2,behavior_eeg,S14,85,9,0.2514288847622181,0.18990536354737728
first2,behavior_eeg,S15,115,26,0.48402128904708974,0.36536105746087255
first2,behavior_eeg,S16,79,17,0.4365398815275498,0.20748420325653422
first2,behavior_eeg,S17,92,20,0.5871395847848851,0.4473798644559573
first2,behavior_eeg,S18,131,19,0.46152624297226524,0.33687924537807445
first2,behavior_eeg,S19,139,12,0.19451796568780091,0.1728186199346906
first2,behavior_eeg,S20,67,9,0.29868656035322705,0.2754306972098739
first2,behavior_eeg,S21,83,17,0.5802106246475871,0.49055416269890056
first2,behavior_eeg,S22,91,18,0.6134593911858405,0.40946995831559313
first2,behavior_eeg,S23,143,21,0.4178236311528969,0.26962858679375595
first2,behavior_eeg,S24,132,16,0.21463249888553487,0.012980513656399894
first2,behavior_eeg,S25,132,6,0.7705938697318008,0.46056618647183833
first2,behavior_eeg,S26,69,21,0.3503179349077789,-0.0802111184899685
first2,behavior_eeg,S27,65,8,0.46961936090225564,0.4892178765964089
first2,behavior_eeg,S28,98,16,0.46088906296001353,0.2739809576809687
first2,behavior_eeg,S29,114,13,0.2580463533501123,0.11751448346735271
first2,behavior_eeg,S30,75,13,0.6262651456277386,0.4424521595673921
first2,behavior_eeg,S31,81,18,0.5003963341132992,0.368521737047751
first2,behavior_eeg,S32,121,16,0.29294755843208703,0.20097759594311024
first2,behavior_eeg,S33,72,14,0.4765217882985127,0.2481458334927326
first2,behavior_eeg,S34,123,19,0.28705911394711947,0.12996274931599244
first2,behavior_eeg,S35,99,16,0.4212173908472668,0.35936272241992523
first2,behavior_eeg,S36,108,14,0.38152771208765535,0.19724546908861515
first2,behavior_eeg,S37,127,22,0.510395286653912,0.3320005066067326
first2,behavior_eeg,S38,129,26,0.4111949304269108,0.1923359666062802
first2,behavior_eeg,S39,96,13,0.5243879354514094,0.4629935178894019
first2,behavior_eeg,S40,97,12,0.5846185064935064,0.4194485269325549
first2,behavior_eeg,S41,104,9,0.22468642868604685,0.205920844273183
first2,behavior_eeg,S42,132,19,0.5037618854191652,0.23907323200234978
first2,behavior_eeg,S43,78,15,0.4760124311806192,0.0715660053495591
first2,behavior_eeg,S44,111,13,0.2586692161976179,0.11206636293610515
first2,behavior_eeg_et,S01,95,11,0.4587875614596588,0.29439815585406465
first2,behavior_eeg_et,S02,95,15,0.5184242815784008,0.4436305507916652
first2,behavior_eeg_et,S03,110,15,0.3685930670425245,0.2948173896382008
first2,behavior_eeg_et,S05,108,8,0.46822916666666664,0.5061639290555215
first2,behavior_eeg_et,S06,140,23,0.5355929783041535,0.40098925780206685
first2,behavior_eeg_et,S07,87,12,0.6907456563706563,0.43109570539986414
first2,behavior_eeg_et,S08,137,13,0.3069800555084744,0.3759129437922314
first2,behavior_eeg_et,S09,84,14,0.47053334092807775,0.3142857142857143
first2,behavior_eeg_et,S10,87,11,0.2061399578200849,0.08161994071920696
first2,behavior_eeg_et,S12,111,20,0.6206841076062278,0.5417105616121719
first2,behavior_eeg_et,S13,90,24,0.546796033169735,0.1723957067919028
first2,behavior_eeg_et,S14,85,9,0.21858154981724776,0.19883494240131708
first2,behavior_eeg_et,S15,115,26,0.4740280522217195,0.4170940161995145
first2,behavior_eeg_et,S16,79,17,0.40829862121411775,0.3216396287703123
first2,behavior_eeg_et,S17,92,20,0.6019672722975411,0.4473798644559573
first2,behavior_eeg_et,S18,131,19,0.6636768081977465,0.46527966398355686
first2,behavior_eeg_et,S19,139,12,0.1891017999980048,0.20452988181151915
first2,behavior_eeg_et,S20,67,9,0.30343489843489846,0.3337751272095729
first2,behavior_eeg_et,S21,83,17,0.5941680337144547,0.27869849055305856
first2,behavior_eeg_et,S22,91,18,0.5795016889275367,0.5402757325434003
first2,behavior_eeg_et,S23,143,21,0.3854081666892774,0.2654294092078785
first2,behavior_eeg_et,S24,132,16,0.18129177698535362,0.012980513656399894
first2,behavior_eeg_et,S25,132,6,0.7088744588744589,0.5683985600588052
first2,behavior_eeg_et,S26,69,21,0.3278759331603671,-0.0802111184899685
first2,behavior_eeg_et,S27,65,8,0.26069213645433154,0.25756109818496586
first2,behavior_eeg_et,S28,98,16,0.4465607595964589,0.39283221780372135
first2,behavior_eeg_et,S29,114,13,0.30529022499198,0.1357610911734965
first2,behavior_eeg_et,S30,75,13,0.6592921447053384,0.3843131836828443
first2,behavior_eeg_et,S31,81,18,0.4887338572249271,0.35675303400633784
first2,behavior_eeg_et,S32,121,16,0.336464936453678,0.2866934678348619
first2,behavior_eeg_et,S33,72,14,0.4759522020380332,0.1305000397701628
first2,behavior_eeg_et,S34,123,19,0.2909245494675202,0.16439933368786894
first2,behavior_eeg_et,S35,99,16,0.4373723695477551,0.27256498708241755
first2,behavior_eeg_et,S36,108,14,0.4352678510085527,0.27025020169356895
first2,behavior_eeg_et,S37,127,22,0.5105342420609666,0.22478718826234725
first2,behavior_eeg_et,S38,129,26,0.4041513965914029,0.2714178912541068
first2,behavior_eeg_et,S39,96,13,0.5841549752264038,0.4027247327641816
first2,behavior_eeg_et,S40,97,12,0.5349065738433555,0.3802744888212109
first2,behavior_eeg_et,S41,104,9,0.11766571510427418,0.15128168515702486
first2,behavior_eeg_et,S42,132,19,0.48386423267047785,0.1640150621791794
first2,behavior_eeg_et,S43,78,15,0.4894401111369042,0.0715660053495591
first2,behavior_eeg_et,S44,111,13,0.2710084135181994,0.11019972082772753
first2,behavior_et,S01,95,11,0.5011700105450105,0.401620883151138
first2,behavior_et,S02,95,15,0.510668340122769,0.5051814855409225
first2,behavior_et,S03,110,15,0.39127949775014614,0.22075539284417398
first2,behavior_et,S05,108,8,0.6583867521367521,0.3975434772783106
first2,behavior_et,S06,140,23,0.525524028782531,0.27152165210427814
first2,behavior_et,S07,87,12,0.6418688318195318,0.412406626222364
first2,behavior_et,S08,137,13,0.27015856697375734,0.1682513579070068
first2,behavior_et,S09,84,14,0.5977963727141359,0.4587317109255645
first2,behavior_et,S10,87,11,0.2783713531101045,0.0
first2,behavior_et,S12,111,20,0.5918647755139208,0.5515806694904388
first2,behavior_et,S13,90,24,0.5215224874934301,0.3207927081521863
first2,behavior_et,S14,85,9,0.21872479563398037,0.1040867681449771
first2,behavior_et,S15,115,26,0.4704972056109846,0.32249745676917696
first2,behavior_et,S16,79,17,0.4874727851806759,0.2933022768547866
first2,behavior_et,S17,92,20,0.6098177533471651,0.3984925297873177
first2,behavior_et,S18,131,19,0.5929445597140229,0.4645977292657491
first2,behavior_et,S19,139,12,0.1916563871478732,0.21761083498778686
first2,behavior_et,S20,67,9,0.29967692801026136,0.31692302760954477
first2,behavior_et,S21,83,17,0.6982440336511517,0.41228920298032495
first2,behavior_et,S22,91,18,0.5868984597848197,0.4459665144596651
first2,behavior_et,S23,143,21,0.41282033552382363,0.1999219207465852
first2,behavior_et,S24,132,16,0.30814198758760875,0.11697801108357826
first2,behavior_et,S25,132,6,0.7214285714285714,0.7187561642845491
first2,behavior_et,S26,69,21,0.3801245340717102,-0.0802111184899685
first2,behavior_et,S27,65,8,0.6472756410256411,0.48866391480018256
first2,behavior_et,S28,98,16,0.5202649780774781,0.4771341463414634
first2,behavior_et,S29,114,13,0.2644109284474856,0.21858339680121858
first2,behavior_et,S30,75,13,0.5866067004404474,0.3614745588437089
first2,behavior_et,S31,81,18,0.46046141016578335,0.2834733547569204
first2,behavior_et,S32,121,16,0.3099153612271349,0.27205493726247443
first2,behavior_et,S33,72,14,0.44242388586115633,0.23278142562976673
first2,behavior_et,S34,123,19,0.30545167797213696,0.15907119074394444
first2,behavior_et,S35,99,16,0.4854618782191133,0.3615469904983877
first2,behavior_et,S36,108,14,0.46188532198013466,0.27025020169356895
first2,behavior_et,S37,127,22,0.5255873932477292,0.2877120870634322
first2,behavior_et,S38,129,26,0.4180224968277036,0.19944905927252182
first2,behavior_et,S39,96,13,0.5867692980557636,0.43109339471835195
first2,behavior_et,S40,97,12,0.404240664845173,0.38746560113990985
first2,behavior_et,S41,104,9,0.33173456688278224,0.29411379426441087
first2,behavior_et,S42,132,19,0.4821237229980759,0.3662521827757252
first2,behavior_et,S43,78,15,0.4927216338336882,0.24273969375147303
first2,behavior_et,S44,111,13,0.28817658289539777,0.2666279205438263
first2,behavior_no_propensity,S01,95,11,0.4028977256810619,0.3796263064164424
first2,behavior_no_propensity,S02,95,15,0.4885169669827061,0.47987205117725507
first2,behavior_no_propensity,S03,110,15,0.33919327211628936,0.287502390343611
first2,behavior_no_propensity,S05,108,8,0.47991452991452993,0.0
first2,behavior_no_propensity,S06,140,23,0.4722349270069865,0.3060982830947443
first2,behavior_no_propensity,S07,87,12,0.7015802656760104,0.5803432921972449
first2,behavior_no_propensity,S08,137,13,0.33360434617557055,0.31627765628594323
first2,behavior_no_propensity,S09,84,14,0.6216995744468943,0.4601415057116586
first2,behavior_no_propensity,S10,87,11,0.248768637640935,0.03294564552561946
first2,behavior_no_propensity,S12,111,20,0.54313385346347,0.32255055669431587
first2,behavior_no_propensity,S13,90,24,0.3994881314430312,0.0034549374551423877
first2,behavior_no_propensity,S14,85,9,0.2830333809390013,0.1040867681449771
first2,behavior_no_propensity,S15,115,26,0.4161406653103635,0.29755874600035476
first2,behavior_no_propensity,S16,79,17,0.3378440204815916,0.1899069012201631
first2,behavior_no_propensity,S17,92,20,0.5707671995153446,0.49594433590245335
first2,behavior_no_propensity,S18,131,19,0.5325551215864808,0.461953092497537
first2,behavior_no_propensity,S19,139,12,0.16518747655478727,0.18953184144270122
first2,behavior_no_propensity,S20,67,9,0.31235904013681787,0.20300707242471544
first2,behavior_no_propensity,S21,83,17,0.6055637262296437,0.3629966697243633
first2,behavior_no_propensity,S22,91,18,0.7401539079543151,0.43140159969213054
first2,behavior_no_propensity,S23,143,21,0.3707115689832039,0.24135279695681203
first2,behavior_no_propensity,S24,132,16,0.2316699941400452,0.2145942510935853
first2,behavior_no_propensity,S25,132,6,0.7944444444444445,0.8253968253968254
first2,behavior_no_propensity,S26,69,21,0.38975158181381586,0.07346510420043817
first2,behavior_no_propensity,S27,65,8,0.5624921101894786,0.48866391480018256
first2,behavior_no_propensity,S28,98,16,0.48780277427176405,0.39286704137038775
first2,behavior_no_propensity,S29,114,13,0.24292156235760612,0.009476974473173605
first2,behavior_no_propensity,S30,75,13,0.603011669885119,0.3843131836828443
first2,behavior_no_propensity,S31,81,18,0.46105583389390303,0.18898223650461363
first2,behavior_no_propensity,S32,121,16,0.4498486580919252,0.2866934678348619
first2,behavior_no_propensity,S33,72,14,0.5228744136992699,0.38359776074799085
first2,behavior_no_propensity,S34,123,19,0.1960708351670964,0.0512311706785142
first2,behavior_no_propensity,S35,99,16,0.4480694892877821,0.3980354923407208
first2,behavior_no_propensity,S36,108,14,0.3936478058731156,0.0
first2,behavior_no_propensity,S37,127,22,0.4160018937323327,0.22534328070432805
first2,behavior_no_propensity,S38,129,26,0.3387420425284532,0.12336307988525293
first2,behavior_no_propensity,S39,96,13,0.6138192511389342,0.5266706831547533
first2,behavior_no_propensity,S40,97,12,0.2599977276085055,0.2199278322772111
first2,behavior_no_propensity,S41,104,9,0.22821993585667477,0.09069145192910756
first2,behavior_no_propensity,S42,132,19,0.31508066928098194,0.2067552817066667
first2,behavior_no_propensity,S43,78,15,0.4227511644479437,0.2639315516295432
first2,behavior_no_propensity,S44,111,13,0.21505683757432115,0.02975820972546382
first2,logreg_behavior,S01,95,11,0.4725384975706588,0.525963873426865
first2,logreg_behavior,S02,95,15,0.5771306814871776,0.4116387748237724
first2,logreg_behavior,S03,110,15,0.3153340791283198,0.2777552847393363
first2,logreg_behavior,S05,108,8,0.6272959861775651,0.6061230833151466
first2,logreg_behavior,S06,140,23,0.42742222567584864,0.1793366895715909
first2,logreg_behavior,S07,87,12,0.7026187079945969,0.37428570204651607
first2,logreg_behavior,S08,137,13,0.3290323791075951,0.15109422828003807
first2,logreg_behavior,S09,84,14,0.5707325681805844,0.4795122238161564
first2,logreg_behavior,S10,87,11,0.25929043638249755,0.23800409272904308
first2,logreg_behavior,S12,111,20,0.48993276869858876,0.4406878648270159
first2,logreg_behavior,S13,90,24,0.423663040555975,0.0034549374551423877
first2,logreg_behavior,S14,85,9,0.22417921584588252,0.16933066071398606
first2,logreg_behavior,S15,115,26,0.4377050133214386,0.2828834625082997
first2,logreg_behavior,S16,79,17,0.3053138884162773,0.28841342753092575
first2,logreg_behavior,S17,92,20,0.5960714292643184,0.4094130525753272
first2,logreg_behavior,S18,131,19,0.5456832331273891,0.34814730931194704
first2,logreg_behavior,S19,139,12,0.17634999129454773,0.21761083498778686
first2,logreg_behavior,S20,67,9,0.5268829944344052,0.23440428072618782
first2,logreg_behavior,S21,83,17,0.5701289929368278,0.34873368227099244
first2,logreg_behavior,S22,91,18,0.7483418714675559,0.4823560677974694
first2,logreg_behavior,S23,143,21,0.31250736592114886,0.20432551471849947
first2,logreg_behavior,S24,132,16,0.2196514384821415,-0.002900073952828708
first2,logreg_behavior,S25,132,6,0.6620370370370371,0.5282424821850301
first2,logreg_behavior,S26,69,21,0.4304730993544785,0.013430382733756338
first2,logreg_behavior,S27,65,8,0.6158501683501684,0.25756109818496586
first2,logreg_behavior,S28,98,16,0.41013130913593626,0.4321537455074265
first2,logreg_behavior,S29,114,13,0.23540592310485844,-0.013692127984307224
first2,logreg_behavior,S30,75,13,0.6406067563268374,0.4812641260623047
first2,logreg_behavior,S31,81,18,0.45419816622028686,0.3219665424963317
first2,logreg_behavior,S32,121,16,0.3621129780533305,0.24447968458022437
first2,logreg_behavior,S33,72,14,0.446765372815793,0.4394353744020411
first2,logreg_behavior,S34,123,19,0.19446449366202534,-0.0005948925239324481
first2,logreg_behavior,S35,99,16,0.3539984894120808,0.30954623030351935
first2,logreg_behavior,S36,108,14,0.3181237272463471,0.20661551153014437
first2,logreg_behavior,S37,127,22,0.4213442868063064,0.19730494874739088
first2,logreg_behavior,S38,129,26,0.3433023210281906,0.26128426304229496
first2,logreg_behavior,S39,96,13,0.5431472337318215,0.476510329932074
first2,logreg_behavior,S40,97,12,0.28041134825950953,0.08610584002420806
first2,logreg_behavior,S41,104,9,0.14328576512847208,0.11627754656965081
first2,logreg_behavior,S42,132,19,0.3841219939431647,0.2059171058919744
first2,logreg_behavior,S43,78,15,0.38318050322012837,0.3328729279570584
first2,logreg_behavior,S44,111,13,0.24242621470266967,0.10188567484113552
first2,logreg_dwell_propensity,S01,95,11,0.46000001139297325,0.4825811562050755
first2,logreg_dwell_propensity,S02,95,15,0.5987526040546572,0.37817769450046057
first2,logreg_dwell_propensity,S03,110,15,0.3472720938337466,0.2538791342309648
first2,logreg_dwell_propensity,S05,108,8,0.6123424369747898,0.4892279172472255
first2,logreg_dwell_propensity,S06,140,23,0.4479716876692083,0.2648644914570954
first2,logreg_dwell_propensity,S07,87,12,0.6875296204340323,0.46704782368519765
first2,logreg_dwell_propensity,S08,137,13,0.34240606832460313,0.12173922436578168
first2,logreg_dwell_propensity,S09,84,14,0.4642471452367751,0.3651483716701107
first2,logreg_dwell_propensity,S10,87,11,0.29840285128050165,0.2032599873963597
first2,logreg_dwell_propensity,S12,111,20,0.6265296786803011,0.45696649704630976
first2,logreg_dwell_propensity,S13,90,24,0.5207662960540796,0.19138295395602783
first2,logreg_dwell_propensity,S14,85,9,0.19745459639043011,0.04129955231527934
first2,logreg_dwell_propensity,S15,115,26,0.47440025582024387,0.3472792136076903
first2,logreg_dwell_propensity,S16,79,17,0.38858287764636124,0.3618464006178563
first2,logreg_dwell_propensity,S17,92,20,0.5656927732737652,0.4085966464769322
first2,logreg_dwell_propensity,S18,131,19,0.6347446662599955,0.3948702849898061
first2,logreg_dwell_propensity,S19,139,12,0.2259130947455079,0.29948829275591915
first2,logreg_dwell_propensity,S20,67,9,0.4622615039281706,0.2874174706526878
first2,logreg_dwell_propensity,S21,83,17,0.6191634737204761,0.37161407638159377
first2,logreg_dwell_propensity,S22,91,18,0.4652003453691189,0.2707638067882481
first2,logreg_dwell_propensity,S23,143,21,0.33160014012090017,0.26411746071173287
first2,logreg_dwell_propensity,S24,132,16,0.292247698300659,0.22461311960975427
first2,logreg_dwell_propensity,S25,132,6,0.7195071010860484,0.7187561642845491
first2,logreg_dwell_propensity,S26,69,21,0.4948768383805246,-0.0802111184899685
first2,logreg_dwell_propensity,S27,65,8,0.6561809352927774,0.5277434254308542
first2,logreg_dwell_propensity,S28,98,16,0.5035510701307454,0.2326637554878487
first2,logreg_dwell_propensity,S29,114,13,0.3030628386779015,0.22555199246153182
first2,logreg_dwell_propensity,S30,75,13,0.5112514252209024,0.25447764865485634
first2,logreg_dwell_propensity,S31,81,18,0.4536868220353213,0.15265620249783177
first2,logreg_dwell_propensity,S32,121,16,0.3099211081585267,0.33647499089996835
first2,logreg_dwell_propensity,S33,72,14,0.4803255767438618,0.45097439271569734
first2,logreg_dwell_propensity,S34,123,19,0.3057527656472836,0.15474334766451434
first2,logreg_dwell_propensity,S35,99,16,0.3916356871042349,0.35019818583648743
first2,logreg_dwell_propensity,S36,108,14,0.3334400969723668,0.19724546908861515
first2,logreg_dwell_propensity,S37,127,22,0.48989222813249356,0.34767443417924765
first2,logreg_dwell_propensity,S38,129,26,0.41982388464307185,0.3175240283639946
first2,logreg_dwell_propensity,S39,96,13,0.4309807072664589,0.2949032945661911
first2,logreg_dwell_propensity,S40,97,12,0.7127542721292722,0.5321004401122097
first2,logreg_dwell_propensity,S41,104,9,0.23442559965049542,0.15128168515702486
first2,logreg_dwell_propensity,S42,132,19,0.4693664649489795,0.30366357895368873
first2,logreg_dwell_propensity,S43,78,15,0.41357078710339584,0.13791854994447517
first2,logreg_dwell_propensity,S44,111,13,0.31443605653951967,0.17895780200142722
first2,logreg_eeg,S01,95,11,0.12115862083605346,-0.05306769483909278
first2,logreg_eeg,S02,95,15,0.2071851672334454,0.006246097408298845
first2,logreg_eeg,S03,110,15,0.16969548034015652,0.06432497763260105
first2,logreg_eeg,S05,108,8,0.08821791575368244,0.0
first2,logreg_eeg,S06,140,23,0.16346164794607268,0.08392273252241929
first2,logreg_eeg,S07,87,12,0.2198837581887979,0.0
first2,logreg_eeg,S08,137,13,0.14141589615247616,0.0
first2,logreg_eeg,S09,84,14,0.26601868953892227,-0.049088069367381595
first2,logreg_eeg,S10,87,11,0.24263074708845714,0.0
first2,logreg_eeg,S12,111,20,0.24323241964502615,0.0
first2,logreg_eeg,S13,90,24,0.3303396153031344,0.11391244105032701
first2,logreg_eeg,S14,85,9,0.10263134182544117,0.0
first2,logreg_eeg,S15,115,26,0.30405042972981716,0.10525411000559069
first2,logreg_eeg,S16,79,17,0.3115211643767405,0.0
first2,logreg_eeg,S17,92,20,0.2941782344637733,0.0024056261216234406
first2,logreg_eeg,S18,131,19,0.20105368345265828,-0.13076473990833815
first2,logreg_eeg,S19,139,12,0.10703727691112344,-0.03129401350920932
first2,logreg_eeg,S20,67,9,0.2052714509703757,-0.048488113787642693
first2,logreg_eeg,S21,83,17,0.3649257385934945,0.39910351434930774
first2,logreg_eeg,S22,91,18,0.4325154824647626,0.10647439764914043
first2,logreg_eeg,S23,143,21,0.1342272783753591,-0.03481653601187346
first2,logreg_eeg,S24,132,16,0.12495031697994508,0.0
first2,logreg_eeg,S25,132,6,0.08775177341686946,0.0419960525565808
first2,logreg_eeg,S26,69,21,0.4423044362752629,0.0
first2,logreg_eeg,S27,65,8,0.13284185761556452,0.0
first2,logreg_eeg,S28,98,16,0.21943723748846014,-0.04485049060397948
first2,logreg_eeg,S29,114,13,0.14517796478889478,0.0
first2,logreg_eeg,S30,75,13,0.15917719881424502,0.0
first2,logreg_eeg,S31,81,18,0.20052223729064836,0.0
first2,logreg_eeg,S32,121,16,0.1101820403487064,-0.05060656488800545
first2,logreg_eeg,S33,72,14,0.2477405143651383,0.0
first2,logreg_eeg,S34,123,19,0.20164894705225417,0.06971728560398294
first2,logreg_eeg,S35,99,16,0.19233094744051119,0.0
first2,logreg_eeg,S36,108,14,0.14354593162737736,0.0
first2,logreg_eeg,S37,127,22,0.16478269388508324,-0.07119778384165573
first2,logreg_eeg,S38,129,26,0.2852592803026911,0.14341785950386737
first2,logreg_eeg,S39,96,13,0.20697270284399796,-0.16983630815911158
first2,logreg_eeg,S40,97,12,0.24040592789995835,0.1372215512369386
first2,logreg_eeg,S41,104,9,0.090501611566969,0.0
first2,logreg_eeg,S42,132,19,0.24835074778166297,0.0
first2,logreg_eeg,S43,78,15,0.20488488173257127,-0.055607067440108786
first2,logreg_eeg,S44,111,13,0.18023643376259563,0.0
first2,logreg_et,S01,95,11,0.486319097499168,0.384616945551278
first2,logreg_et,S02,95,15,0.3544144834115511,0.44725795972758553
first2,logreg_et,S03,110,15,0.2493995467099682,0.2631952070473636
first2,logreg_et,S05,108,8,0.1841308689265945,0.17056057308448833
first2,logreg_et,S06,140,23,0.20149764036198153,0.12267748898329021
first2,logreg_et,S07,87,12,0.26409615444941537,0.29524069878307374
first2,logreg_et,S08,137,13,0.10657795186475366,-0.019851116625310174
first2,logreg_et,S09,84,14,0.28549402006533303,0.16351748504193214
first2,logreg_et,S10,87,11,0.21173406571957296,0.0565437185103695
first2,logreg_et,S12,111,20,0.4151835734648435,0.4008563279852218
first2,logreg_et,S13,90,24,0.40989329455164775,0.1338753210713477
first2,logreg_et,S14,85,9,0.2237060865102744,-0.045968384623330055
first2,logreg_et,S15,115,26,0.38208750009777626,0.2190098704493938
first2,logreg_et,S16,79,17,0.2788226431141661,0.1763405483925743
first2,logreg_et,S17,92,20,0.42298688381326605,0.1954016841836789
first2,logreg_et,S18,131,19,0.2641068023295716,0.20458570025203449
first2,logreg_et,S19,139,12,0.1621541888191727,0.09489062974764897
first2,logreg_et,S20,67,9,0.40632099674000094,0.30099640593249116
first2,logreg_et,S21,83,17,0.33437686122181876,0.1873775134168122
first2,logreg_et,S22,91,18,0.3925651760195892,0.20512826462123962
first2,logreg_et,S23,143,21,0.20542944111371925,0.06957211044824173
first2,logreg_et,S24,132,16,0.21604443408928306,0.15168153218526692
first2,logreg_et,S25,132,6,0.2833145221785084,0.324955147716031
first2,logreg_et,S26,69,21,0.38047045526275863,0.19503590932172113
first2,logreg_et,S27,65,8,0.16010932956252194,-0.08136221724826642
first2,logreg_et,S28,98,16,0.25059839378946286,0.1370132325075971
first2,logreg_et,S29,114,13,0.28575499384464303,0.07664325221605887
first2,logreg_et,S30,75,13,0.3185978120132599,0.25687953355784443
first2,logreg_et,S31,81,18,0.451514646287943,0.20770964681638046
first2,logreg_et,S32,121,16,0.29000291556419927,0.08872442622820285
first2,logreg_et,S33,72,14,0.46025970831496693,0.3052796229118842
first2,logreg_et,S34,123,19,0.17889792167419416,0.04581959899505048
first2,logreg_et,S35,99,16,0.2930746121591656,0.2199093156167943
first2,logreg_et,S36,108,14,0.2574726438906103,0.24180403301864922
first2,logreg_et,S37,127,22,0.36314129113580607,0.15010097988673232
first2,logreg_et,S38,129,26,0.3225888549904926,0.22824887935279486
first2,logreg_et,S39,96,13,0.33387034906022245,0.182433265702163
first2,logreg_et,S40,97,12,0.3177851915975621,0.10659145217852672
first2,logreg_et,S41,104,9,0.155642357675001,0.01059795466494227
first2,logreg_et,S42,132,19,0.20958465021527722,0.0718142476034113
first2,logreg_et,S43,78,15,0.39289369985521905,0.18823293400388222
first2,logreg_et,S44,111,13,0.18852948837152175,0.08093268898386646
first2,logreg_fusion,S01,95,11,0.3597834426500194,0.21964339233737942
first2,logreg_fusion,S02,95,15,0.24066364801243806,0.07216878364870322
first2,logreg_fusion,S03,110,15,0.2398696562234291,0.02084521143108788
first2,logreg_fusion,S05,108,8,0.14339906829358043,0.2820380374088831
first2,logreg_fusion,S06,140,23,0.16658435827942464,-0.09722566336647394
first2,logreg_fusion,S07,87,12,0.31445801633595055,0.13
first2,logreg_fusion,S08,137,13,0.1126356398160025,0.029226598073229
first2,logreg_fusion,S09,84,14,0.30968138598272454,0.33768905564895757
first2,logreg_fusion,S10,87,11,0.2063764515789298,0.14055651961417626
first2,logreg_fusion,S12,111,20,0.31500969882256596,0.25476176584050303
first2,logreg_fusion,S13,90,24,0.39579690659620886,0.16000469373301632
first2,logreg_fusion,S14,85,9,0.1971051308770607,0.12391477594115058
first2,logreg_fusion,S15,115,26,0.37201196063109604,0.17778875273088746
first2,logreg_fusion,S16,79,17,0.2689032596568657,0.12293080659340916
first2,logreg_fusion,S17,92,20,0.3014798907236413,0.08880906293392334
first2,logreg_fusion,S18,131,19,0.21284327653126445,0.06929503146579372
first2,logreg_fusion,S19,139,12,0.13304030781582374,0.06969861664109102
first2,logreg_fusion,S20,67,9,0.42218152218152216,0.16499463776140771
first2,logreg_fusion,S21,83,17,0.36772609359340236,0.13110565838010918
first2,logreg_fusion,S22,91,18,0.4078823834478935,0.0844145985869244
first2,logreg_fusion,S23,143,21,0.2316425733425821,0.10609908260816499
first2,logreg_fusion,S24,132,16,0.23367156969947028,0.2094943818647097
first2,logreg_fusion,S25,132,6,0.23074544599045504,0.2656574308651474
first2,logreg_fusion,S26,69,21,0.4421713687700498,0.16787978417195423
first2,logreg_fusion,S27,65,8,0.1417463062300019,-0.06675015657623451
first2,logreg_fusion,S28,98,16,0.22336228141379677,0.0756632820417043
first2,logreg_fusion,S29,114,13,0.251654895277134,0.14849016530825992
first2,logreg_fusion,S30,75,13,0.31825447291807685,-0.07579305266077767
first2,logreg_fusion,S31,81,18,0.40657631826239293,0.10631081389064057
first2,logreg_fusion,S32,121,16,0.2286749006004525,0.2167792128304916
first2,logreg_fusion,S33,72,14,0.469416712953444,0.1656219960617125
first2,logreg_fusion,S34,123,19,0.2500170348504268,0.08054982071433772
first2,logreg_fusion,S35,99,16,0.3007365311811145,-0.04435145861179045
first2,logreg_fusion,S36,108,14,0.22331913647696283,0.16067976465372283
first2,logreg_fusion,S37,127,22,0.3112215751765978,0.04363279519884436
first2,logreg_fusion,S38,129,26,0.41559306988732536,0.16172676891189997
first2,logreg_fusion,S39,96,13,0.3813762830728799,0.36856869173022766
first2,logreg_fusion,S40,97,12,0.3791487486708639,-0.02150899038937565
first2,logreg_fusion,S41,104,9,0.12605693020180994,0.03948992518393949
first2,logreg_fusion,S42,132,19,0.24018922827712194,0.046518687989184494
first2,logreg_fusion,S43,78,15,0.3986578643243158,0.1375363812147007
first2,logreg_fusion,S44,111,13,0.18189482674184476,-0.049335596919315106
first2,prevalence,S01,95,11,0.11578947368421053,0.0
first2,prevalence,S02,95,15,0.15789473684210525,0.0
first2,prevalence,S03,110,15,0.13636363636363635,0.0
first2,prevalence,S05,108,8,0.07407407407407407,0.0
first2,prevalence,S06,140,23,0.16428571428571428,0.0
first2,prevalence,S07,87,12,0.13793103448275862,0.0
first2,prevalence,S08,137,13,0.0948905109489051,0.0
first2,prevalence,S09,84,14,0.16666666666666666,0.0
first2,prevalence,S10,87,11,0.12643678160919541,0.0
first2,prevalence,S12,111,20,0.18018018018018017,0.0
first2,prevalence,S13,90,24,0.26666666666666666,0.0
first2,prevalence,S14,85,9,0.10588235294117647,0.0
first2,prevalence,S15,115,26,0.22608695652173913,0.0
first2,prevalence,S16,79,17,0.21518987341772153,0.0
first2,prevalence,S17,92,20,0.21739130434782608,0.0
first2,prevalence,S18,131,19,0.1450381679389313,0.0
first2,prevalence,S19,139,12,0.08633093525179857,0.0
first2,prevalence,S20,67,9,0.13432835820895522,0.0
first2,prevalence,S21,83,17,0.20481927710843373,0.0
first2,prevalence,S22,91,18,0.1978021978021978,0.0
first2,prevalence,S23,143,21,0.14685314685314685,0.0
first2,prevalence,S24,132,16,0.12121212121212122,0.0
first2,prevalence,S25,132,6,0.045454545454545456,0.0
first2,prevalence,S26,69,21,0.30434782608695654,0.0
first2,prevalence,S27,65,8,0.12307692307692308,0.0
first2,prevalence,S28,98,16,0.16326530612244897,0.0
first2,prevalence,S29,114,13,0.11403508771929824,0.0
first2,prevalence,S30,75,13,0.17333333333333334,0.0
first2,prevalence,S31,81,18,0.2222222222222222,0.0
first2,prevalence,S32,121,16,0.1322314049586777,0.0
first2,prevalence,S33,72,14,0.19444444444444445,0.0
first2,prevalence,S34,123,19,0.15447154471544716,0.0
first2,prevalence,S35,99,16,0.16161616161616163,0.0
first2,prevalence,S36,108,14,0.12962962962962962,0.0
first2,prevalence,S37,127,22,0.1732283464566929,0.0
first2,prevalence,S38,129,26,0.20155038759689922,0.0
first2,prevalence,S39,96,13,0.13541666666666666,0.0
first2,prevalence,S40,97,12,0.12371134020618557,0.0
first2,prevalence,S41,104,9,0.08653846153846154,0.0
first2,prevalence,S42,132,19,0.14393939393939395,0.0
first2,prevalence,S43,78,15,0.19230769230769232,0.0
first2,prevalence,S44,111,13,0.11711711711711711,0.0
first2,product_propensity,S01,95,11,0.27831847306826796,0.2319887933659117
first2,product_propensity,S02,95,15,0.26001632187877083,0.09997334399526148
first2,product_propensity,S03,110,15,0.27280776385408984,0.23890560500084304
first2,product_propensity,S05,108,8,0.28587227573956414,0.16329931618554522
first2,product_propensity,S06,140,23,0.27332839182829194,0.09199369913938027
first2,product_propensity,S07,87,12,0.4524299719887955,0.27264329319658204
first2,product_propensity,S08,137,13,0.15390093003683267,0.13962751160083745
first2,product_propensity,S09,84,14,0.17229159692591617,-0.06575959492214291
first2,product_propensity,S10,87,11,0.26289004539915006,0.10103136405654432
first2,product_propensity,S12,111,20,0.47331027084704125,0.30083966217506575
first2,product_propensity,S13,90,24,0.5284082753350082,0.3894521534129447
first2,product_propensity,S14,85,9,0.12678912573649415,-0.0010797499208713398
first2,product_propensity,S15,115,26,0.4057587945285902,0.19965949627009447
first2,product_propensity,S16,79,17,0.4512594182605668,0.24097445203109114
first2,product_propensity,S17,92,20,0.3670231134631686,0.14008005786854827
first2,product_propensity,S18,131,19,0.4443027352881306,0.27443247372634605
first2,product_propensity,S19,139,12,0.2963293056744396,0.2499041263170827
first2,product_propensity,S20,67,9,0.22428110971869938,0.1249066148993453
first2,product_propensity,S21,83,17,0.3101525578323301,0.18533015875418707
first2,product_propensity,S22,91,18,0.27291758637756314,0.19145892387985436
first2,product_propensity,S23,143,21,0.3251377125981032,0.2018603454811157
first2,product_propensity,S24,132,16,0.3027097668645654,0.1948116011286765
first2,product_propensity,S25,132,6,0.11202384640762802,0.18255958165266709
first2,product_propensity,S26,69,21,0.5154164500788199,0.1589970778181693
first2,product_propensity,S27,65,8,0.2956810313957978,0.06313467335805807
first2,product_propensity,S28,98,16,0.40622196989263326,0.35784159054127707
first2,product_propensity,S29,114,13,0.21136832541904,0.19884187442095677
first2,product_propensity,S30,75,13,0.28981252684185244,0.10885791251063999
first2,product_propensity,S31,81,18,0.3407466781208578,0.2038588765750502
first2,product_propensity,S32,121,16,0.2267945106754564,0.014374722712498648
first2,product_propensity,S33,72,14,0.31751939761687803,0.1815371544314341
first2,product_propensity,S34,123,19,0.3189177607881862,0.1865655704924514
first2,product_propensity,S35,99,16,0.2067111765410956,0.07179392362783579
first2,product_propensity,S36,108,14,0.27136261288477725,0.13596547005117568
first2,product_propensity,S37,127,22,0.29341753579147223,0.09796156050969576
first2,product_propensity,S38,129,26,0.3296620790893695,0.01671524870375654
first2,product_propensity,S39,96,13,0.20670382225611217,0.1586957763706562
first2,product_propensity,S40,97,12,0.5578236393938482,0.3357199159879411
first2,product_propensity,S41,104,9,0.2124700075935407,0.12975849540459689
first2,product_propensity,S42,132,19,0.3117437458959756,0.17654810147686129
first2,product_propensity,S43,78,15,0.32095599538405184,0.062418778393235924
first2,product_propensity,S44,111,13,0.2651528899623029,0.11461908125339633
first2,total_dwell,S01,95,11,0.4036656409143379,0.31359022701877626
first2,total_dwell,S02,95,15,0.5462757467870986,0.363255803035758
first2,total_dwell,S03,110,15,0.2826130351130351,0.13245323570650439
first2,total_dwell,S05,108,8,0.46477468180254555,0.5573160356048802
first2,total_dwell,S06,140,23,0.37207509334199707,0.17524134683456435
first2,total_dwell,S07,87,12,0.6010549151537524,0.3975393289191876
first2,total_dwell,S08,137,13,0.2829089778461019,0.06980363033561134
first2,total_dwell,S09,84,14,0.6143183464938291,0.5217535056401378
first2,total_dwell,S10,87,11,0.20560707598014477,0.11764957176360047
first2,total_dwell,S12,111,20,0.4456048386892905,0.4124195421219776
first2,total_dwell,S13,90,24,0.41750702896928893,-0.010427987903207354
first2,total_dwell,S14,85,9,0.19206981497522232,0.20611613949248372
first2,total_dwell,S15,115,26,0.44316956697302967,0.3330172206465887
first2,total_dwell,S16,79,17,0.2666277276285631,0.13263930804629662
first2,total_dwell,S17,92,20,0.5471000216791113,0.38389784901654783
first2,total_dwell,S18,131,19,0.5506895086430565,0.2621861860168325
first2,total_dwell,S19,139,12,0.18680176567722367,0.16910782616806694
first2,total_dwell,S20,67,9,0.5030221240747557,0.22387346303932826
first2,total_dwell,S21,83,17,0.5234418630528788,0.38259509015650356
first2,total_dwell,S22,91,18,0.6968347509442094,0.4928750690380457
first2,total_dwell,S23,143,21,0.3093687975490686,0.1828238280971062
first2,total_dwell,S24,132,16,0.20787303102023383,0.0029118159112199128
first2,total_dwell,S25,132,6,0.6058004052684903,0.47619047619047616
first2,total_dwell,S26,69,21,0.4057048057680325,0.013430382733756338
first2,total_dwell,S27,65,8,0.6366865079365079,0.20327978113586373
first2,total_dwell,S28,98,16,0.3928569664721302,0.3277439024390244
first2,total_dwell,S29,114,13,0.2469078412830324,0.023192873760724687
first2,total_dwell,S30,75,13,0.4750526619911591,0.4812641260623047
first2,total_dwell,S31,81,18,0.4337077984652804,0.18232322463624387
first2,total_dwell,S32,121,16,0.3448927145025617,0.318174169962948
first2,total_dwell,S33,72,14,0.4535615140111596,0.3766218577010349
first2,total_dwell,S34,123,19,0.19744055427889623,0.0776187933255127
first2,total_dwell,S35,99,16,0.3522873790306044,0.299189582729502
first2,total_dwell,S36,108,14,0.2686815638778932,0.0972644376899696
first2,total_dwell,S37,127,22,0.4019190137073309,0.24551874404142773
first2,total_dwell,S38,129,26,0.3254902865354143,0.17173364716291037
first2,total_dwell,S39,96,13,0.4829211836296856,0.3106733652752258
first2,total_dwell,S40,97,12,0.27458395490303544,0.08610584002420806
first2,total_dwell,S41,104,9,0.09973797972697114,-0.04309971159206156
first2,total_dwell,S42,132,19,0.41558982625399504,0.21368857714461545
first2,total_dwell,S43,78,15,0.3549273367514063,0.2696080590863827
first2,total_dwell,S44,111,13,0.24710666515191798,0.11019972082772753
first2,visit_count,S01,95,11,0.11578947368421053,0.0
first2,visit_count,S02,95,15,0.15789473684210525,0.0
first2,visit_count,S03,110,15,0.13636363636363635,0.0
first2,visit_count,S05,108,8,0.07407407407407407,0.0
first2,visit_count,S06,140,23,0.16428571428571428,0.0
first2,visit_count,S07,87,12,0.13793103448275862,0.0
first2,visit_count,S08,137,13,0.0948905109489051,0.0
first2,visit_count,S09,84,14,0.16666666666666666,0.0
first2,visit_count,S10,87,11,0.12643678160919541,0.0
first2,visit_count,S12,111,20,0.18018018018018017,0.0
first2,visit_count,S13,90,24,0.26666666666666666,0.0
first2,visit_count,S14,85,9,0.10588235294117647,0.0
first2,visit_count,S15,115,26,0.22608695652173913,0.0
first2,visit_count,S16,79,17,0.21518987341772153,0.0
first2,visit_count,S17,92,20,0.21739130434782608,0.0
first2,visit_count,S18,131,19,0.1450381679389313,0.0
first2,visit_count,S19,139,12,0.08633093525179857,0.0
first2,visit_count,S20,67,9,0.13432835820895522,0.0
first2,visit_count,S21,83,17,0.20481927710843373,0.0
first2,visit_count,S22,91,18,0.1978021978021978,0.0
first2,visit_count,S23,143,21,0.14685314685314685,0.0
first2,visit_count,S24,132,16,0.12121212121212122,0.0
first2,visit_count,S25,132,6,0.045454545454545456,0.0
first2,visit_count,S26,69,21,0.30434782608695654,0.0
first2,visit_count,S27,65,8,0.12307692307692308,0.0
first2,visit_count,S28,98,16,0.16326530612244897,0.0
first2,visit_count,S29,114,13,0.11403508771929824,0.0
first2,visit_count,S30,75,13,0.17333333333333334,0.0
first2,visit_count,S31,81,18,0.2222222222222222,0.0
first2,visit_count,S32,121,16,0.1322314049586777,0.0
first2,visit_count,S33,72,14,0.19444444444444445,0.0
first2,visit_count,S34,123,19,0.15447154471544716,0.0
first2,visit_count,S35,99,16,0.16161616161616163,0.0
first2,visit_count,S36,108,14,0.12962962962962962,0.0
first2,visit_count,S37,127,22,0.1732283464566929,0.0
first2,visit_count,S38,129,26,0.20155038759689922,0.0
first2,visit_count,S39,96,13,0.13541666666666666,0.0
first2,visit_count,S40,97,12,0.12371134020618557,0.0
first2,visit_count,S41,104,9,0.08653846153846154,0.0
first2,visit_count,S42,132,19,0.14393939393939395,0.0
first2,visit_count,S43,78,15,0.19230769230769232,0.0
first2,visit_count,S44,111,13,0.11711711711711711,0.0
first3,behavior,S01,63,9,0.48698598347721156,0.36497322654611486
first3,behavior,S02,58,13,0.5911910553214901,0.5622120199655017
first3,behavior,S03,50,13,0.6843264252087782,0.6155470159931968
first3,behavior,S05,74,8,0.8269345238095238,0.6096343497573282
first3,behavior,S06,121,22,0.5234861673685937,0.3254318759831401
first3,behavior,S07,53,8,0.668349358974359,0.5841874089493275
first3,behavior,S08,116,13,0.6578371055273229,0.5340002506371505
first3,behavior,S09,51,10,0.5557226859701753,0.37708348463845026
first3,behavior,S10,47,8,0.5217296757026892,0.4654746681256314
first3,behavior,S12,75,16,0.7267883980055032,0.4086412526209334
first3,behavior,S13,63,16,0.46314220642399284,0.10083068904355492
first3,behavior,S14,41,8,0.41616847826086956,0.0
first3,behavior,S15,84,24,0.4928508587981338,0.3913118960624632
first3,behavior,S16,41,11,0.5073639810481916,0.29718683234627563
first3,behavior,S17,49,14,0.6350677469055255,0.09784921095801632
first3,behavior,S18,105,15,0.5606141518404192,0.23479148566821317
first3,behavior,S19,126,12,0.22406338507786594,0.20107367308916746
first3,behavior,S20,30,3,0.22692307692307695,0.16666666666666666
first3,behavior,S21,43,13,0.701898676036607,0.36986766120071485
first3,behavior,S22,36,9,0.6792331206804891,0.25925925925925924
first3,behavior,S23,131,19,0.45770224749634497,0.25436108986270045
first3,behavior,S24,99,9,0.2642307674920815,0.11347803127252841
first3,behavior,S25,103,3,0.49696969696969695,0.4120277479483209
first3,behavior,S26,31,8,0.5834704184704185,0.21281413268968716
first3,behavior,S27,33,5,0.67,0.26647402004950604
first3,behavior,S28,71,14,0.5547453455066237,0.46616541353383456
first3,behavior,S29,82,12,0.30091834596610845,0.2926158536339937
first3,behavior,S30,33,5,0.5393939393939393,0.45434411125112145
first3,behavior,S31,28,7,0.7245722531436818,0.5922200922639821
first3,behavior,S32,94,14,0.34859447464068904,0.17611827925398638
first3,behavior,S33,29,7,0.6081841432225064,0.31833123681909753
first3,behavior,S34,103,13,0.2288581457189643,0.07285832574878644
first3,behavior,S35,58,12,0.4994045036636222,0.3933832769405552
first3,behavior,S36,63,12,0.45530281141063206,0.26403934479377983
first3,behavior,S37,94,18,0.593050052205754,0.4243847373959194
first3,behavior,S38,96,22,0.42775748158420784,0.268767319880733
first3,behavior,S39,39,7,0.5459183673469388,0.3781612782675566
first3,behavior,S40,55,9,0.6227781649608275,0.31816261172667576
first3,behavior,S41,60,9,0.4974943003398288,0.4420433223684922
first3,behavior,S42,104,16,0.4727568961068864,0.15172856862717635
first3,behavior,S43,34,9,0.6206349206349207,0.42176248989638454
first3,behavior,S44,69,12,0.5236627280740935,0.24556730365511298
first3,behavior_eeg,S01,63,9,0.45095624456679223,0.30429030972509225
first3,behavior_eeg,S02,58,13,0.5837753320869083,0.5057748110096866
first3,behavior_eeg,S03,50,13,0.6820265204880589,0.5117980001638104
first3,behavior_eeg,S05,74,8,0.6548800770308123,0.44624455081737313
first3,behavior_eeg,S06,121,22,0.541520226759503,0.35661131557100073
first3,behavior_eeg,S07,53,8,0.6442093685300208,0.6171039683005675
first3,behavior_eeg,S08,116,13,0.5124247428547613,0.3821751243467792
first3,behavior_eeg,S09,51,10,0.533705219900872,0.40701235303946914
first3,behavior_eeg,S10,47,8,0.4824945217742771,0.3449322309936315
first3,behavior_eeg,S12,75,16,0.6949786016871615,0.5498076455984624
first3,behavior_eeg,S13,63,16,0.5713688632290463,-0.14572731804437994
first3,behavior_eeg,S14,41,8,0.4987527056277056,0.3938927711338647
first3,behavior_eeg,S15,84,24,0.509821954962064,0.4159987018110355
first3,behavior_eeg,S16,41,11,0.3965554044111356,0.2545454545454545
first3,behavior_eeg,S17,49,14,0.5877146313070682,0.0
first3,behavior_eeg,S18,105,15,0.3915799687669727,0.16666666666666666
first3,behavior_eeg,S19,126,12,0.20151156613873913,0.2176428750330035
first3,behavior_eeg,S20,30,3,0.2694805194805195,0.13074409009212268
first3,behavior_eeg,S21,43,13,0.6390906031472627,0.2836828353358489
first3,behavior_eeg,S22,36,9,0.6580328135152698,0.4490502093697089
first3,behavior_eeg,S23,131,19,0.40468398111291093,0.31751721812302064
first3,behavior_eeg,S24,99,9,0.25570572358498056,0.20552707683014623
first3,behavior_eeg,S25,103,3,0.4357142857142857,0.39403556489565794
first3,behavior_eeg,S26,31,8,0.4767411510058569,0.14520057987419369
first3,behavior_eeg,S27,33,5,0.67,0.5002975305232068
first3,behavior_eeg,S28,71,14,0.5602912179137249,0.2786619179123149
first3,behavior_eeg,S29,82,12,0.31969504944492416,0.21271139836910244
first3,behavior_eeg,S30,33,5,0.47663003663003667,0.3609647718302481
first3,behavior_eeg,S31,28,7,0.6383458646616541,0.4303314829119352
first3,behavior_eeg,S32,94,14,0.253332278012514,0.22640106111984212
first3,behavior_eeg,S33,29,7,0.5727380952380952,0.1805404556443455
first3,behavior_eeg,S34,103,13,0.23810515123213397,0.07914232877015545
first3,behavior_eeg,S35,58,12,0.5060586773766195,0.40433276969208887
first3,behavior_eeg,S36,63,12,0.45225112419879854,0.14272793440459414
first3,behavior_eeg,S37,94,18,0.5201386042723392,0.47881534285526633
first3,behavior_eeg,S38,96,22,0.40455646139703666,0.2664593813352607
first3,behavior_eeg,S39,39,7,0.4565296616230402,0.4202090316165287
first3,behavior_eeg,S40,55,9,0.5493375786854047,0.37300192329612547
first3,behavior_eeg,S41,60,9,0.3930706259412287,0.3099115966531633
first3,behavior_eeg,S42,104,16,0.4192010420460093,0.1730021869615367
first3,behavior_eeg,S43,34,9,0.6403499278499278,0.13333333333333333
first3,behavior_eeg,S44,69,12,0.5107288748832867,0.37655151676247356
first3,behavior_eeg_et,S01,63,9,0.48023288439955103,0.29018521534954056
first3,behavior_eeg_et,S02,58,13,0.625367824558108,0.5131489332980287
first3,behavior_eeg_et,S03,50,13,0.6518729385245221,0.3156937032895345
first3,behavior_eeg_et,S05,74,8,0.4771073717948717,0.41121980934985564
first3,behavior_eeg_et,S06,121,22,0.5349151677545839,0.3653920476209348
first3,behavior_eeg_et,S07,53,8,0.7089415113871635,0.6515327693178214
first3,behavior_eeg_et,S08,116,13,0.613536843598403,0.597407195215589
first3,behavior_eeg_et,S09,51,10,0.4807729551150604,0.5024390243902439
first3,behavior_eeg_et,S10,47,8,0.4347520841087018,0.32554302460591167
first3,behavior_eeg_et,S12,75,16,0.690801470774381,0.5201079951859945
first3,behavior_eeg_et,S13,63,16,0.5319084384224919,-0.106046069511325
first3,behavior_eeg_et,S14,41,8,0.43374218918336566,0.2672910153478103
first3,behavior_eeg_et,S15,84,24,0.533367166191999,0.36644756736625667
first3,behavior_eeg_et,S16,41,11,0.4096658710773543,0.2545454545454545
first3,behavior_eeg_et,S17,49,14,0.6631745103182844,0.0
first3,behavior_eeg_et,S18,105,15,0.48655716586151365,0.3248275864741904
first3,behavior_eeg_et,S19,126,12,0.19197112037190667,0.18842585576703197
first3,behavior_eeg_et,S20,30,3,0.2694805194805195,0.2914915440650688
first3,behavior_eeg_et,S21,43,13,0.6709079024868498,0.2425101829020563
first3,behavior_eeg_et,S22,36,9,0.6365323029796714,0.23372319715296222
first3,behavior_eeg_et,S23,131,19,0.40107909924659596,0.3955561424926799
first3,behavior_eeg_et,S24,99,9,0.23127973683459144,0.1640825308284734
first3,behavior_eeg_et,S25,103,3,0.20982142857142855,0.0
first3,behavior_eeg_et,S26,31,8,0.38352069077875534,0.0
first3,behavior_eeg_et,S27,33,5,0.35367965367965365,0.2730663241619229
first3,behavior_eeg_et,S28,71,14,0.5347096440457061,0.5244033450225516
first3,behavior_eeg_et,S29,82,12,0.36071295003807735,0.36742654718146883
first3,behavior_eeg_et,S30,33,5,0.5155555555555555,0.24686980467612782
first3,behavior_eeg_et,S31,28,7,0.7493053285387381,0.4303314829119352
first3,behavior_eeg_et,S32,94,14,0.3563268895902715,0.20788046015507497
first3,behavior_eeg_et,S33,29,7,0.6425717140002853,0.3825184261187248
first3,behavior_eeg_et,S34,103,13,0.2469476962652649,0.0575982138666744
first3,behavior_eeg_et,S35,58,12,0.5304709510066653,0.4128594174179931
first3,behavior_eeg_et,S36,63,12,0.495222470765949,0.14272793440459414
first3,behavior_eeg_et,S37,94,18,0.5676809258854807,0.392455624471496
first3,behavior_eeg_et,S38,96,22,0.39137485909288194,0.0
first3,behavior_eeg_et,S39,39,7,0.5182863219729579,0.4202090316165287
first3,behavior_eeg_et,S40,55,9,0.5377850119229429,0.3613195409301558
first3,behavior_eeg_et,S41,60,9,0.39698970760185487,0.0
first3,behavior_eeg_et,S42,104,16,0.4267298126887085,0.15172856862717635
first3,behavior_eeg_et,S43,34,9,0.7272807439474107,0.13333333333333333
first3,behavior_eeg_et,S44,69,12,0.4451787518537166,0.19212550273373458
first3,behavior_et,S01,63,9,0.4681962774068037,0.3347193406976015
first3,behavior_et,S02,58,13,0.6052679776363987,0.6819606310611089
first3,behavior_et,S03,50,13,0.5927296499596322,0.19701185994760423
first3,behavior_et,S05,74,8,0.7493235930735931,0.6398037573142549
first3,behavior_et,S06,121,22,0.525752014435904,0.27500954910846337
first3,behavior_et,S07,53,8,0.6951877406480987,0.5583333333333333
first3,behavior_et,S08,116,13,0.6167160406363064,0.4335050447687991
first3,behavior_et,S09,51,10,0.6211277676017867,0.5206003332695023
first3,behavior_et,S10,47,8,0.5011991050828063,0.39457941937323365
first3,behavior_et,S12,75,16,0.6565283139632019,0.3941824991232007
first3,behavior_et,S13,63,16,0.5110186479583032,-0.04645287667068457
first3,behavior_et,S14,41,8,0.32480799846288977,0.19355241528469094
first3,behavior_et,S15,84,24,0.542370428921919,0.33541019662496846
first3,behavior_et,S16,41,11,0.44875765323445893,-0.09574271077563382
first3,behavior_et,S17,49,14,0.6198652965459688,0.22821773229381923
first3,behavior_et,S18,105,15,0.40287110477676513,0.2022717276182296
first3,behavior_et,S19,126,12,0.2106346476035753,0.245485190498116
first3,behavior_et,S20,30,3,0.23333333333333334,0.3563483225498992
first3,behavior_et,S21,43,13,0.7370589385786586,0.26190809188692243
first3,behavior_et,S22,36,9,0.6626984126984128,0.3133397807202561
first3,behavior_et,S23,131,19,0.43786573450897903,0.3328105175702079
first3,behavior_et,S24,99,9,0.3226975619403175,0.24297354707521818
first3,behavior_et,S25,103,3,0.4407407407407407,0.39403556489565794
first3,behavior_et,S26,31,8,0.560212083238399,0.0
first3,behavior_et,S27,33,5,0.7619047619047619,0.4581709669115176
first3,behavior_et,S28,71,14,0.5465973286547822,0.49158267766851765
first3,behavior_et,S29,82,12,0.30833642538180595,0.12142857142857143
first3,behavior_et,S30,33,5,0.40714285714285714,0.24686980467612782
first3,behavior_et,S31,28,7,0.7086297760210805,0.4303314829119352
first3,behavior_et,S32,94,14,0.2778169570087512,0.2502318034804895
first3,behavior_et,S33,29,7,0.5788333471040238,0.48249790963716394
first3,behavior_et,S34,103,13,0.23628549722765585,0.1469747526253071
first3,behavior_et,S35,58,12,0.5411332357066565,0.23514766607313425
first3,behavior_et,S36,63,12,0.47316821301976686,0.2618174690443214
first3,behavior_et,S37,94,18,0.5638552336159705,0.4523975658955824
first3,behavior_et,S38,96,22,0.4409869029880714,0.0
first3,behavior_et,S39,39,7,0.5146313070682818,0.4202090316165287
first3,behavior_et,S40,55,9,0.4477273950040168,0.3751177565480253
first3,behavior_et,S41,60,9,0.5771731446788655,0.33195449253833836
first3,behavior_et,S42,104,16,0.4379823796339589,0.33046111035119613
first3,behavior_et,S43,34,9,0.7079416951965971,0.6729001506870189
first3,behavior_et,S44,69,12,0.42255069601834033,0.3224342837674405
first3,behavior_no_propensity,S01,63,9,0.4550232675061677,0.26574700172636695
first3,behavior_no_propensity,S02,58,13,0.6466888666888666,0.455354814785138
first3,behavior_no_propensity,S03,50,13,0.6548081548081548,0.4066224445362503
first3,behavior_no_propensity,S05,74,8,0.6788690476190475,0.6398037573142549
first3,behavior_no_propensity,S06,121,22,0.44384439400646103,0.34284133603042255
first3,behavior_no_propensity,S07,53,8,0.6442551560758083,0.6171039683005675
first3,behavior_no_propensity,S08,116,13,0.772402062712493,0.63123108288968
first3,behavior_no_propensity,S09,51,10,0.5735306735306736,0.5410451285655064
first3,behavior_no_propensity,S10,47,8,0.30904304029304036,-0.09548198320525772
first3,behavior_no_propensity,S12,75,16,0.6423177954042183,0.6176014880673086
first3,behavior_no_propensity,S13,63,16,0.36590279717206414,-0.108063198438781
first3,behavior_no_propensity,S14,41,8,0.5829429035482259,0.3085304536722668
first3,behavior_no_propensity,S15,84,24,0.4989176455168348,0.34839533628455416
first3,behavior_no_propensity,S16,41,11,0.46531877957694656,0.21652509527331207
first3,behavior_no_propensity,S17,49,14,0.5046049620043171,0.09784921095801632
first3,behavior_no_propensity,S18,105,15,0.47745964363327315,0.2962962962962963
first3,behavior_no_propensity,S19,126,12,0.17649376631176186,0.15502186154571973
first3,behavior_no_propensity,S20,30,3,0.5194805194805194,0.16666666666666666
first3,behavior_no_propensity,S21,43,13,0.649564437016267,0.33590128063118535
first3,behavior_no_propensity,S22,36,9,0.8488536155202824,0.5008354224706333
first3,behavior_no_propensity,S23,131,19,0.43021958676461214,0.29131944372457985
first3,behavior_no_propensity,S24,99,9,0.32638382572593094,0.16035674514745465
first3,behavior_no_propensity,S25,103,3,0.5249999999999999,0.5628510875900897
first3,behavior_no_propensity,S26,31,8,0.507063060731539,0.14520057987419369
first3,behavior_no_propensity,S27,33,5,0.7333333333333334,0.45434411125112145
first3,behavior_no_propensity,S28,71,14,0.6526517121480913,0.19576372454420204
first3,behavior_no_propensity,S29,82,12,0.3016362487253659,0.32538904161686855
first3,behavior_no_propensity,S30,33,5,0.5787301587301588,0.45434411125112145
first3,behavior_no_propensity,S31,28,7,0.7632452981192477,0.6024640760767093
first3,behavior_no_propensity,S32,94,14,0.4533860886379656,0.26923949385803386
first3,behavior_no_propensity,S33,29,7,0.6291357452071737,0.4092237955355674
first3,behavior_no_propensity,S34,103,13,0.1809563542041564,0.004681389380386035
first3,behavior_no_propensity,S35,58,12,0.5940380651973268,0.3902002796443374
first3,behavior_no_propensity,S36,63,12,0.5806871744923089,0.41444210693117817
first3,behavior_no_propensity,S37,94,18,0.4487505944751831,0.2070504445319037
first3,behavior_no_propensity,S38,96,22,0.38519123101307995,-0.05594144469629286
first3,behavior_no_propensity,S39,39,7,0.49744397759103637,0.22035351657939922
first3,behavior_no_propensity,S40,55,9,0.26391802161781397,0.21664104046002292
first3,behavior_no_propensity,S41,60,9,0.5080668660378804,0.0
first3,behavior_no_propensity,S42,104,16,0.21290974813837343,0.10541191125326262
first3,behavior_no_propensity,S43,34,9,0.6135840809753853,-0.1044465935734187
first3,behavior_no_propensity,S44,69,12,0.40135784387120754,0.17005425596285895
first3,logreg_behavior,S01,63,9,0.38590372046254406,0.3191971059593589
first3,logreg_behavior,S02,58,13,0.6635518405406681,0.5563486402641867
first3,logreg_behavior,S03,50,13,0.8060200483277407,0.5398210735112065
first3,logreg_behavior,S05,74,8,0.6984768907563026,0.6096343497573282
first3,logreg_behavior,S06,121,22,0.46064993582304714,0.3333333333333333
first3,logreg_behavior,S07,53,8,0.6625371360665478,0.4328717432773201
first3,logreg_behavior,S08,116,13,0.7096001679906114,0.5503950849496126
first3,logreg_behavior,S09,51,10,0.6081257631257632,0.6177167717263994
first3,logreg_behavior,S10,47,8,0.34049002468120115,-0.06677805632941779
first3,logreg_behavior,S12,75,16,0.5643390861615172,0.4438559322033898
first3,logreg_behavior,S13,63,16,0.5449567401723987,-0.18754432100286464
first3,logreg_behavior,S14,41,8,0.4926214948844259,0.3085304536722668
first3,logreg_behavior,S15,84,24,0.5520048910035574,0.41640732669874464
first3,logreg_behavior,S16,41,11,0.4121387198659926,0.26048634229034195
first3,logreg_behavior,S17,49,14,0.6253381772289335,0.3522819383711917
first3,logreg_behavior,S18,105,15,0.4403518938579234,0.251259453814803
first3,logreg_behavior,S19,126,12,0.18960872915852545,0.10928699634487854
first3,logreg_behavior,S20,30,3,0.28327228327228327,0.3333333333333333
first3,logreg_behavior,S21,43,13,0.6555818450555293,0.29625226078259
first3,logreg_behavior,S22,36,9,0.882876382876383,0.6804138174397717
first3,logreg_behavior,S23,131,19,0.44301780142723546,0.3108421051826588
first3,logreg_behavior,S24,99,9,0.34628750355290683,0.2071274624821289
first3,logreg_behavior,S25,103,3,0.48018018018018016,0.5716619504750294
first3,logreg_behavior,S26,31,8,0.4969960594960595,0.05630532705768135
first3,logreg_behavior,S27,33,5,0.6745421245421246,0.5002975305232068
first3,logreg_behavior,S28,71,14,0.49225056955186436,0.3855592737952415
first3,logreg_behavior,S29,82,12,0.4075545830980613,0.1857619488237279
first3,logreg_behavior,S30,33,5,0.45692307692307693,0.45434411125112145
first3,logreg_behavior,S31,28,7,0.8216791979949873,0.4547940268270977
first3,logreg_behavior,S32,94,14,0.36077559228819733,0.1306726352291315
first3,logreg_behavior,S33,29,7,0.7329931972789117,0.3464173711074475
first3,logreg_behavior,S34,103,13,0.16566525176410463,-0.0024533691331569216
first3,logreg_behavior,S35,58,12,0.5140296431963098,0.4353843090506429
first3,logreg_behavior,S36,63,12,0.4834292013376889,0.3670411151700605
first3,logreg_behavior,S37,94,18,0.43933963793359976,0.3487230748001994
first3,logreg_behavior,S38,96,22,0.3909881068734804,0.2188064274547935
first3,logreg_behavior,S39,39,7,0.36844465058750775,0.25880936394643733
first3,logreg_behavior,S40,55,9,0.35487682303720036,0.23571588756058348
first3,logreg_behavior,S41,60,9,0.35365696681486153,0.32673201960653564
first3,logreg_behavior,S42,104,16,0.24385568815469938,0.06218354227038638
first3,logreg_behavior,S43,34,9,0.5545269545269546,0.5188736501166931
first3,logreg_behavior,S44,69,12,0.40305387140236204,0.20089330046766235
first3,logreg_dwell_propensity,S01,63,9,0.4047976714643382,0.17660431427533915
first3,logreg_dwell_propensity,S02,58,13,0.6372254065692979,0.6274107057137244
first3,logreg_dwell_propensity,S03,50,13,0.6607348791559318,0.5708353548297359
first3,logreg_dwell_propensity,S05,74,8,0.7331845238095238,0.5340531894920367
first3,logreg_dwell_propensity,S06,121,22,0.5169862086496267,0.28867513459481287
first3,logreg_dwell_propensity,S07,53,8,0.6584061771561771,0.3877434110283928
first3,logreg_dwell_propensity,S08,116,13,0.688202573088682,0.5098883997791599
first3,logreg_dwell_propensity,S09,51,10,0.5637273651145602,0.46146397716105086
first3,logreg_dwell_propensity,S10,47,8,0.6289659992784993,0.4654746681256314
first3,logreg_dwell_propensity,S12,75,16,0.7087418622902902,0.4526760104675535
first3,logreg_dwell_propensity,S13,63,16,0.5894309475015804,0.026710404085643628
first3,logreg_dwell_propensity,S14,41,8,0.4938670488473712,0.3085304536722668
first3,logreg_dwell_propensity,S15,84,24,0.5616941133987359,0.38797014489949266
first3,logreg_dwell_propensity,S16,41,11,0.4243656197603566,0.3055174448225651
first3,logreg_dwell_propensity,S17,49,14,0.6253727225155796,0.48024018015013137
first3,logreg_dwell_propensity,S18,105,15,0.5661132358494865,0.3920234917071095
first3,logreg_dwell_propensity,S19,126,12,0.23100160297549605,0.18700223436187738
first3,logreg_dwell_propensity,S20,30,3,0.23412698412698413,0.38118124993124375
first3,logreg_dwell_propensity,S21,43,13,0.6740053469834926,0.4013633399524028
first3,logreg_dwell_propensity,S22,36,9,0.659232026143791,0.3646984043128985
first3,logreg_dwell_propensity,S23,131,19,0.41650714112934273,0.3955561424926799
first3,logreg_dwell_propensity,S24,99,9,0.32354025511230255,0.1690308509457033
first3,logreg_dwell_propensity,S25,103,3,0.2698412698412698,0.4120277479483209
first3,logreg_dwell_propensity,S26,31,8,0.5270104895104895,0.2708681694429807
first3,logreg_dwell_propensity,S27,33,5,0.6588235294117647,0.45696813431178934
first3,logreg_dwell_propensity,S28,71,14,0.5577371576649983,0.3505426036290943
first3,logreg_dwell_propensity,S29,82,12,0.5370136669408214,0.31666666666666665
first3,logreg_dwell_propensity,S30,33,5,0.43272727272727274,0.23904572186687875
first3,logreg_dwell_propensity,S31,28,7,0.746031746031746,0.4303314829119352
first3,logreg_dwell_propensity,S32,94,14,0.31621909336715986,0.17227896420668623
first3,logreg_dwell_propensity,S33,29,7,0.5497165532879817,0.31833123681909753
first3,logreg_dwell_propensity,S34,103,13,0.30729230989172174,0.0575982138666744
first3,logreg_dwell_propensity,S35,58,12,0.48761274628081597,0.3086829273428897
first3,logreg_dwell_propensity,S36,63,12,0.42638143525824684,0.03300491809922248
first3,logreg_dwell_propensity,S37,94,18,0.5111636407844776,0.323980343320393
first3,logreg_dwell_propensity,S38,96,22,0.4417093945543624,0.2881782140389572
first3,logreg_dwell_propensity,S39,39,7,0.3446600085255547,0.17094086468945693
first3,logreg_dwell_propensity,S40,55,9,0.608238851095994,0.4286129622284314
first3,logreg_dwell_propensity,S41,60,9,0.417789967225436,0.3099115966531633
first3,logreg_dwell_propensity,S42,104,16,0.3463869193285532,0.08271551281716182
first3,logreg_dwell_propensity,S43,34,9,0.5217560761678409,0.4530051602506038
first3,logreg_dwell_propensity,S44,69,12,0.549897529922985,0.43098423586216134
first3,logreg_eeg,S01,63,9,0.12901375289962802,-0.07392212709545729
first3,logreg_eeg,S02,58,13,0.3168547767623213,0.0
first3,logreg_eeg,S03,50,13,0.36406647189673946,0.23423281647075167
first3,logreg_eeg,S05,74,8,0.31196915481959286,0.22645540682891915
first3,logreg_eeg,S06,121,22,0.23659012114479047,0.08275480524872268
first3,logreg_eeg,S07,53,8,0.25259207188555016,0.0
first3,logreg_eeg,S08,116,13,0.2940744084463155,0.22513163214844298
first3,logreg_eeg,S09,51,10,0.33437852158440395,0.1546524226346923
first3,logreg_eeg,S10,47,8,0.2414396911250458,-0.09548198320525772
first3,logreg_eeg,S12,75,16,0.31237983529710595,-0.1391778001278442
first3,logreg_eeg,S13,63,16,0.2600631205002142,0.08220412147519478
first3,logreg_eeg,S14,41,8,0.3305765655958503,0.0
first3,logreg_eeg,S15,84,24,0.345277587223052,0.025649458802128853
first3,logreg_eeg,S16,41,11,0.3390142033539847,0.0
first3,logreg_eeg,S17,49,14,0.25516796645194895,-0.25819888974716115
first3,logreg_eeg,S18,105,15,0.3225008962053153,0.3332927596208912
first3,logreg_eeg,S19,126,12,0.13739905627466037,-0.023280308866562707
first3,logreg_eeg,S20,30,3,0.1021164021164021,0.0
first3,logreg_eeg,S21,43,13,0.3676266012454239,-0.101574900036674
first3,logreg_eeg,S22,36,9,0.30851382640598324,0.10016708449412666
first3,logreg_eeg,S23,131,19,0.30792294162958794,0.17250259018033826
first3,logreg_eeg,S24,99,9,0.2455774998731655,0.09787003658578391
first3,logreg_eeg,S25,103,3,0.07282812766683734,-0.017149858514250882
first3,logreg_eeg,S26,31,8,0.2416486811075585,0.0
first3,logreg_eeg,S27,33,5,0.19973856209150329,0.0
first3,logreg_eeg,S28,71,14,0.23132138918724732,0.05986795716528702
first3,logreg_eeg,S29,82,12,0.2970689966602726,0.0
first3,logreg_eeg,S30,33,5,0.197853926259499,0.0
first3,logreg_eeg,S31,28,7,0.49699110413396125,0.0
first3,logreg_eeg,S32,94,14,0.12869995171851722,-0.06167939547439612
first3,logreg_eeg,S33,29,7,0.32046546131214326,0.16448792373994225
first3,logreg_eeg,S34,103,13,0.10959092234620202,-0.03763139652414322
first3,logreg_eeg,S35,58,12,0.2771111391532226,0.0
first3,logreg_eeg,S36,63,12,0.24478150490031844,0.14272793440459414
first3,logreg_eeg,S37,94,18,0.35460321122844074,0.0
first3,logreg_eeg,S38,96,22,0.2944563767527416,0.07168704167902953
first3,logreg_eeg,S39,39,7,0.21687919432280334,0.0944911182523068
first3,logreg_eeg,S40,55,9,0.20858422748213148,0.0653790110053806
first3,logreg_eeg,S41,60,9,0.25745010750491204,0.0
first3,logreg_eeg,S42,104,16,0.20678283038823037,-0.042014581590156766
first3,logreg_eeg,S43,34,9,0.331277161600519,-0.012171612389003692
first3,logreg_eeg,S44,69,12,0.16659317783908495,0.0
first3,logreg_et,S01,63,9,0.22009520980109215,0.016012815380508715
first3,logreg_et,S02,58,13,0.4749198071084805,0.223029739330847
first3,logreg_et,S03,50,13,0.5107194644820062,0.3753437949565387
first3,logreg_et,S05,74,8,0.2804255793226381,0.09423732146167378
first3,logreg_et,S06,121,22,0.19669876121514146,-0.03382308596212274
first3,logreg_et,S07,53,8,0.4479766371118115,0.29283100928692646
first3,logreg_et,S08,116,13,0.2599018791829797,0.2541514899340515
first3,logreg_et,S09,51,10,0.37181879584827804,0.06984302957695782
first3,logreg_et,S10,47,8,0.23284221583370188,-0.13813650314199413
first3,logreg_et,S12,75,16,0.43922054413852973,0.30456202799437004
first3,logreg_et,S13,63,16,0.3065078329621115,0.025785531156469838
first3,logreg_et,S14,41,8,0.47457084582084585,0.18753811889882882
first3,logreg_et,S15,84,24,0.4226150229574821,0.31622776601683794
first3,logreg_et,S16,41,11,0.3950224639968295,0.20291031398236414
first3,logreg_et,S17,49,14,0.38714537847147595,0.06003002251876642
first3,logreg_et,S18,105,15,0.21799358391000528,0.1111111111111111
first3,logreg_et,S19,126,12,0.2666564570233804,0.11244991347137569
first3,logreg_et,S20,30,3,0.2767857142857143,0.23570226039551584
first3,logreg_et,S21,43,13,0.41862755322199696,0.2425101829020563
first3,logreg_et,S22,36,9,0.7332937215290156,0.5267865840075201
first3,logreg_et,S23,131,19,0.21946210227539406,0.08081263792512879
first3,logreg_et,S24,99,9,0.2676959683985828,0.21213203435596426
first3,logreg_et,S25,103,3,0.07622034827917182,0.18439580145492168
first3,logreg_et,S26,31,8,0.5418560606060605,0.3330079109791591
first3,logreg_et,S27,33,5,0.5455203619909502,0.12344267996967352
first3,logreg_et,S28,71,14,0.5164230764075965,0.24891389068815656
first3,logreg_et,S29,82,12,0.24494572550153312,0.1815033602597347
first3,logreg_et,S30,33,5,0.3645021645021645,0.21602468994692867
first3,logreg_et,S31,28,7,0.5715406162464987,0.041344911529736156
first3,logreg_et,S32,94,14,0.24623790379731114,0.16162941772798997
first3,logreg_et,S33,29,7,0.6153061224489795,0.26891849420908714
first3,logreg_et,S34,103,13,0.2174067305624967,0.041586273250445824
first3,logreg_et,S35,58,12,0.37373369277781043,0.2400228032495145
first3,logreg_et,S36,63,12,0.4600521736774357,0.38235294117647056
first3,logreg_et,S37,94,18,0.41228841087033824,0.28078715647193797
first3,logreg_et,S38,96,22,0.3138941108700555,0.15348999445530018
first3,logreg_et,S39,39,7,0.18036582846161142,-0.11842162017226247
first3,logreg_et,S40,55,9,0.5493894993894994,0.15817912717496327
first3,logreg_et,S41,60,9,0.6893538560205228,0.5247346970015024
first3,logreg_et,S42,104,16,0.2949408393109376,0.1326301940161522
first3,logreg_et,S43,34,9,0.507271740605074,0.29758211703864756
first3,logreg_et,S44,69,12,0.26649539268586886,0.22687920032466838
first3,logreg_fusion,S01,63,9,0.27518489780450905,0.18257418583505536
first3,logreg_fusion,S02,58,13,0.3990340509450186,0.03184195090504426
first3,logreg_fusion,S03,50,13,0.5291068729956871,0.05582696638250824
first3,logreg_fusion,S05,74,8,0.3703114593739594,0.29561035627041204
first3,logreg_fusion,S06,121,22,0.2645325694830777,0.09699794920789631
first3,logreg_fusion,S07,53,8,0.5399276377217554,0.12479613004446122
first3,logreg_fusion,S08,116,13,0.4106112189180402,0.22513163214844298
first3,logreg_fusion,S09,51,10,0.5305598681310256,0.37708348463845026
first3,logreg_fusion,S10,47,8,0.24434081999871474,0.09615384615384616
first3,logreg_fusion,S12,75,16,0.4818622253259688,0.3091986635794567
first3,logreg_fusion,S13,63,16,0.3592422308714566,-0.031569024263014674
first3,logreg_fusion,S14,41,8,0.355317599067599,0.2649016471690629
first3,logreg_fusion,S15,84,24,0.5280209831099327,0.2514157444218836
first3,logreg_fusion,S16,41,11,0.36913872609149967,0.21652509527331207
first3,logreg_fusion,S17,49,14,0.3056589213279367,-0.06396021490668313
first3,logreg_fusion,S18,105,15,0.33830087532888153,0.2829899880443358
first3,logreg_fusion,S19,126,12,0.14731318151166414,0.021677749238103
first3,logreg_fusion,S20,30,3,0.1638888888888889,0.23570226039551584
first3,logreg_fusion,S21,43,13,0.38806774032472274,0.15920975452522132
first3,logreg_fusion,S22,36,9,0.6806878306878308,0.48186942465242666
first3,logreg_fusion,S23,131,19,0.2859718876351702,0.17889379463206437
first3,logreg_fusion,S24,99,9,0.19773996335270844,0.11165860701772573
first3,logreg_fusion,S25,103,3,0.1156084656084656,0.20688937346177455
first3,logreg_fusion,S26,31,8,0.41397939292676134,0.05630532705768135
first3,logreg_fusion,S27,33,5,0.38545454545454544,0.1942057042751279
first3,logreg_fusion,S28,71,14,0.4086797418137478,0.2807956989986053
first3,logreg_fusion,S29,82,12,0.2275551763419864,0.07538166039223741
first3,logreg_fusion,S30,33,5,0.3683333333333333,0.26647402004950604
first3,logreg_fusion,S31,28,7,0.4534863945578231,0.0
first3,logreg_fusion,S32,94,14,0.205147223415181,0.1078941910511638
first3,logreg_fusion,S33,29,7,0.42215522572665426,0.31833123681909753
first3,logreg_fusion,S34,103,13,0.20311238865445147,0.21002339456995978
first3,logreg_fusion,S35,58,12,0.520373101946513,0.2093814215973923
first3,logreg_fusion,S36,63,12,0.6283386058386059,0.36862990796973294
first3,logreg_fusion,S37,94,18,0.5252662092336006,0.1584247348598838
first3,logreg_fusion,S38,96,22,0.3254716975550669,0.191097034299532
first3,logreg_fusion,S39,39,7,0.1720314644076254,-0.1350154312168304
first3,logreg_fusion,S40,55,9,0.40987985681080313,0.2546340428630613
first3,logreg_fusion,S41,60,9,0.49158993436647896,0.4420433223684922
first3,logreg_fusion,S42,104,16,0.2494353611919258,0.004404559846468266
first3,logreg_fusion,S43,34,9,0.6337799627273313,0.29758211703864756
first3,logreg_fusion,S44,69,12,0.3193227325388451,0.16289594138375038
first3,prevalence,S01,63,9,0.14285714285714285,0.0
first3,prevalence,S02,58,13,0.22413793103448276,0.0
first3,prevalence,S03,50,13,0.26,0.0
first3,prevalence,S05,74,8,0.10810810810810811,0.0
first3,prevalence,S06,121,22,0.18181818181818182,0.0
first3,prevalence,S07,53,8,0.1509433962264151,0.0
first3,prevalence,S08,116,13,0.11206896551724138,0.0
first3,prevalence,S09,51,10,0.19607843137254902,0.0
first3,prevalence,S10,47,8,0.1702127659574468,0.0
first3,prevalence,S12,75,16,0.21333333333333335,0.0
first3,prevalence,S13,63,16,0.25396825396825395,0.0
first3,prevalence,S14,41,8,0.1951219512195122,0.0
first3,prevalence,S15,84,24,0.2857142857142857,0.0
first3,prevalence,S16,41,11,0.2682926829268293,0.0
first3,prevalence,S17,49,14,0.2857142857142857,0.0
first3,prevalence,S18,105,15,0.14285714285714285,0.0
first3,prevalence,S19,126,12,0.09523809523809523,0.0
first3,prevalence,S20,30,3,0.1,0.0
first3,prevalence,S21,43,13,0.3023255813953488,0.0
first3,prevalence,S22,36,9,0.25,0.0
first3,prevalence,S23,131,19,0.1450381679389313,0.0
first3,prevalence,S24,99,9,0.09090909090909091,0.0
first3,prevalence,S25,103,3,0.02912621359223301,0.0
first3,prevalence,S26,31,8,0.25806451612903225,0.0
first3,prevalence,S27,33,5,0.15151515151515152,0.0
first3,prevalence,S28,71,14,0.19718309859154928,0.0
first3,prevalence,S29,82,12,0.14634146341463414,0.0
first3,prevalence,S30,33,5,0.15151515151515152,0.0
first3,prevalence,S31,28,7,0.25,0.0
first3,prevalence,S32,94,14,0.14893617021276595,0.0
first3,prevalence,S33,29,7,0.2413793103448276,0.0
first3,prevalence,S34,103,13,0.1262135922330097,0.0
first3,prevalence,S35,58,12,0.20689655172413793,0.0
first3,prevalence,S36,63,12,0.19047619047619047,0.0
first3,prevalence,S37,94,18,0.19148936170212766,0.0
first3,prevalence,S38,96,22,0.22916666666666666,0.0
first3,prevalence,S39,39,7,0.1794871794871795,0.0
first3,prevalence,S40,55,9,0.16363636363636364,0.0
first3,prevalence,S41,60,9,0.15,0.0
first3,prevalence,S42,104,16,0.15384615384615385,0.0
first3,prevalence,S43,34,9,0.2647058823529412,0.0
first3,prevalence,S44,69,12,0.17391304347826086,0.0
first3,product_propensity,S01,63,9,0.3125460958794292,0.2401922307076307
first3,product_propensity,S02,58,13,0.4159058245730288,0.20683760683760682
first3,product_propensity,S03,50,13,0.4627939371137283,0.30747338748836167
first3,product_propensity,S05,74,8,0.30768153605110127,0.24000391846330957
first3,product_propensity,S06,121,22,0.29924327884772783,0.06263716900023573
first3,product_propensity,S07,53,8,0.4526980226980227,0.0
first3,product_propensity,S08,116,13,0.204950184807364,0.20224826721492944
first3,product_propensity,S09,51,10,0.20562001548283743,0.09004978737634634
first3,product_propensity,S10,47,8,0.40669584039149254,0.21123152803156042
first3,product_propensity,S12,75,16,0.6042975293783484,0.41771550073846975
first3,product_propensity,S13,63,16,0.4955614751031151,0.3846889566972251
first3,product_propensity,S14,41,8,0.28182284669353636,0.18495750945292896
first3,product_propensity,S15,84,24,0.45036498028808125,0.2617175573570447
first3,product_propensity,S16,41,11,0.43151587151587156,0.21084346404374582
first3,product_propensity,S17,49,14,0.3700089175945718,0.23388213848187445
first3,product_propensity,S18,105,15,0.37809489633208604,0.2721655269759087
first3,product_propensity,S19,126,12,0.3781305209830968,0.39344473768231686
first3,product_propensity,S20,30,3,0.13006993006993006,-0.1111111111111111
first3,product_propensity,S21,43,13,0.4943986829856396,0.09679939375322656
first3,product_propensity,S22,36,9,0.32385100354449015,0.21483446221182986
first3,product_propensity,S23,131,19,0.2238545579341309,0.20877554680067303
first3,product_propensity,S24,99,9,0.2166859739227427,0.12192725349171497
first3,product_propensity,S25,103,3,0.12464985994397759,0.21533230909848977
first3,product_propensity,S26,31,8,0.515972759847533,0.110021557355838
first3,product_propensity,S27,33,5,0.35287449392712555,-0.09473729613780998
first3,product_propensity,S28,71,14,0.5255604577881701,-0.05923488777590923
first3,product_propensity,S29,82,12,0.3422431803290523,0.34505583873553963
first3,product_propensity,S30,33,5,0.2130718954248366,0.019920476822239894
first3,product_propensity,S31,28,7,0.589900954807787,0.36514837167011077
first3,product_propensity,S32,94,14,0.24647461721552202,0.10017736985089133
first3,product_propensity,S33,29,7,0.2554683411826269,-0.08917506789905703
first3,product_propensity,S34,103,13,0.3234304491508106,0.1460382937064386
first3,product_propensity,S35,58,12,0.25390910870883476,0.010289430911429658
first3,product_propensity,S36,63,12,0.2990250570744257,0.07352941176470588
first3,product_propensity,S37,94,18,0.36183209507155223,0.23091125759253683
first3,product_propensity,S38,96,22,0.34840996987731804,0.1311450235388945
first3,product_propensity,S39,39,7,0.2098639455782313,0.09334108207904297
first3,product_propensity,S40,55,9,0.5900587067253734,0.3931785497463924
first3,product_propensity,S41,60,9,0.29301623742035116,0.023338001400466827
first3,product_propensity,S42,104,16,0.3719856013963123,0.1846372364689991
first3,product_propensity,S43,34,9,0.37954583542818837,0.07200822998230956
first3,product_propensity,S44,69,12,0.40011269857885917,0.17836224859399497
first3,total_dwell,S01,63,9,0.4265453786998193,0.26574700172636695
first3,total_dwell,S02,58,13,0.5721233557265946,0.4939964465964108
first3,total_dwell,S03,50,13,0.6471133544817754,0.04223870460947981
first3,total_dwell,S05,74,8,0.6102182539682539,0.5923488777590923
first3,total_dwell,S06,121,22,0.4425329058258858,0.23659846994187428
first3,total_dwell,S07,53,8,0.610385781671159,0.2756285417808972
first3,total_dwell,S08,116,13,0.6042664514749185,0.5985532829526738
first3,total_dwell,S09,51,10,0.5419189532679609,0.43992793201370345
first3,total_dwell,S10,47,8,0.23377890197657641,-0.09548198320525772
first3,total_dwell,S12,75,16,0.49125622338378516,0.28045835071077296
first3,total_dwell,S13,63,16,0.5246404790671682,-0.1727859830192376
first3,total_dwell,S14,41,8,0.46724664224664225,0.23424374030084533
first3,total_dwell,S15,84,24,0.5201793279953334,0.32071349029490925
first3,total_dwell,S16,41,11,0.4010695309123301,0.06268170259940732
first3,total_dwell,S17,49,14,0.5296615750735881,0.20952908873087345
first3,total_dwell,S18,105,15,0.29849277802076085,0.14563564388512532
first3,total_dwell,S19,126,12,0.2793531412482531,0.16861546218858112
first3,total_dwell,S20,30,3,0.2378167641325536,0.18389242812245682
first3,total_dwell,S21,43,13,0.6235973613900034,0.15920975452522132
first3,total_dwell,S22,36,9,0.8316544566544566,0.6956083436402524
first3,total_dwell,S23,131,19,0.32373649982217356,0.21675620883344596
first3,total_dwell,S24,99,9,0.2739670570244586,0.09730672655996822
first3,total_dwell,S25,103,3,0.16645582964368544,-0.024373333911071625
first3,total_dwell,S26,31,8,0.443744939271255,0.14520057987419369
first3,total_dwell,S27,33,5,0.6944444444444444,0.3525924397536461
first3,total_dwell,S28,71,14,0.4710467634258672,0.34324295441431224
first3,total_dwell,S29,82,12,0.39918181438191086,0.3395720371931364
first3,total_dwell,S30,33,5,0.34580896686159845,0.24686980467612782
first3,total_dwell,S31,28,7,0.7578571428571428,0.5
first3,total_dwell,S32,94,14,0.36544326928707427,0.1967114938933162
first3,total_dwell,S33,29,7,0.7022005772005773,0.3894179418882947
first3,total_dwell,S34,103,13,0.16578560596709707,0.0578971735053516
first3,total_dwell,S35,58,12,0.49728234728234727,0.25132335670020195
first3,total_dwell,S36,63,12,0.4190400725817392,0.17647058823529413
first3,total_dwell,S37,94,18,0.4228381700234338,0.2478643495520101
first3,total_dwell,S38,96,22,0.33436280073291236,0.11509470355710438
first3,total_dwell,S39,39,7,0.3314695468830807,0.25880936394643733
first3,total_dwell,S40,55,9,0.35493254881799774,0.17376201171422895
first3,total_dwell,S41,60,9,0.25601212496938364,0.0
first3,total_dwell,S42,104,16,0.31749616369626543,0.1651445647689541
first3,total_dwell,S43,34,9,0.5203887419165196,0.42176248989638454
first3,total_dwell,S44,69,12,0.3833473854957003,0.24556730365511298
first3,visit_count,S01,63,9,0.14285714285714285,0.0
first3,visit_count,S02,58,13,0.22413793103448276,0.0
first3,visit_count,S03,50,13,0.26,0.0
first3,visit_count,S05,74,8,0.10810810810810811,0.0
first3,visit_count,S06,121,22,0.18181818181818182,0.0
first3,visit_count,S07,53,8,0.1509433962264151,0.0
first3,visit_count,S08,116,13,0.11206896551724138,0.0
first3,visit_count,S09,51,10,0.19607843137254902,0.0
first3,visit_count,S10,47,8,0.1702127659574468,0.0
first3,visit_count,S12,75,16,0.21333333333333335,0.0
first3,visit_count,S13,63,16,0.25396825396825395,0.0
first3,visit_count,S14,41,8,0.1951219512195122,0.0
first3,visit_count,S15,84,24,0.2857142857142857,0.0
first3,visit_count,S16,41,11,0.2682926829268293,0.0
first3,visit_count,S17,49,14,0.2857142857142857,0.0
first3,visit_count,S18,105,15,0.14285714285714285,0.0
first3,visit_count,S19,126,12,0.09523809523809523,0.0
first3,visit_count,S20,30,3,0.1,0.0
first3,visit_count,S21,43,13,0.3023255813953488,0.0
first3,visit_count,S22,36,9,0.25,0.0
first3,visit_count,S23,131,19,0.1450381679389313,0.0
first3,visit_count,S24,99,9,0.09090909090909091,0.0
first3,visit_count,S25,103,3,0.02912621359223301,0.0
first3,visit_count,S26,31,8,0.25806451612903225,0.0
first3,visit_count,S27,33,5,0.15151515151515152,0.0
first3,visit_count,S28,71,14,0.19718309859154928,0.0
first3,visit_count,S29,82,12,0.14634146341463414,0.0
first3,visit_count,S30,33,5,0.15151515151515152,0.0
first3,visit_count,S31,28,7,0.25,0.0
first3,visit_count,S32,94,14,0.14893617021276595,0.0
first3,visit_count,S33,29,7,0.2413793103448276,0.0
first3,visit_count,S34,103,13,0.1262135922330097,0.0
first3,visit_count,S35,58,12,0.20689655172413793,0.0
first3,visit_count,S36,63,12,0.19047619047619047,0.0
first3,visit_count,S37,94,18,0.19148936170212766,0.0
first3,visit_count,S38,96,22,0.22916666666666666,0.0
first3,visit_count,S39,39,7,0.1794871794871795,0.0
first3,visit_count,S40,55,9,0.16363636363636364,0.0
first3,visit_count,S41,60,9,0.15,0.0
first3,visit_count,S42,104,16,0.15384615384615385,0.0
first3,visit_count,S43,34,9,0.2647058823529412,0.0
first3,visit_count,S44,69,12,0.17391304347826086,0.0
full,behavior,S01,129,12,0.5127479735855696,0.47475149447214227
full,behavior,S02,127,15,0.712576582599353,0.6608265212195533
full,behavior,S03,143,15,0.5825574632869698,0.43064155643147917
full,behavior,S05,132,8,0.8042478354978355,0.6392199547398645
full,behavior,S06,144,23,0.5444034470418038,0.5698351231967432
full,behavior,S07,128,12,0.745560397205134,0.563910027429472
full,behavior,S08,143,13,0.8983183483183481,0.6019292654288461
full,behavior,S09,131,19,0.5952524399790535,0.3166346069001459
full,behavior,S10,122,17,0.4124698498719105,0.20388700831133763
full,behavior,S12,133,20,0.7446267949745556,0.6412882195499292
full,behavior,S13,117,29,0.5334377372460359,0.18385350390597913
full,behavior,S14,134,9,0.35414374093235884,0.32314791530102543
full,behavior,S15,144,28,0.676902864714172,0.46472676045981826
full,behavior,S16,142,18,0.4450931386776284,0.27953518468680455
full,behavior,S17,133,21,0.6540951837851596,0.5520055660294887
full,behavior,S18,140,19,0.689080681604435,0.4864433811802233
full,behavior,S19,141,12,0.3332664491524751,0.37167206264629316
full,behavior,S20,144,15,0.32944723263392717,0.30499714066520933
full,behavior,S21,132,23,0.6704145368317455,0.5246366396127305
full,behavior,S22,136,21,0.6362800496436534,0.41475830290381593
full,behavior,S23,144,21,0.6212195435897504,0.4354537398986838
full,behavior,S24,144,18,0.2746938744932652,0.3194382824999699
full,behavior,S25,140,7,0.5877551020408163,0.5726562866782
full,behavior,S26,135,33,0.4046366985300488,-0.04913653015078496
full,behavior,S27,127,10,0.5892829947357854,0.3487179487179487
full,behavior,S28,129,16,0.6486146002690121,0.6185444392683858
full,behavior,S29,136,14,0.4427315998426644,0.5737098466641317
full,behavior,S30,131,20,0.5846194569890942,0.4653676265678033
full,behavior,S31,141,25,0.6733042475951743,0.465632018531083
full,behavior,S32,144,17,0.3717830931955429,0.2272655600685751
full,behavior,S33,124,21,0.507433824344669,0.40345441647542346
full,behavior,S34,138,22,0.22205746039175425,0.09761246256060427
full,behavior,S35,144,17,0.4496990002370404,0.4661845874484483
full,behavior,S36,139,14,0.5938676681757444,0.444
full,behavior,S37,144,22,0.7151892944875604,0.5098045277104326
full,behavior,S38,141,27,0.5787130734374353,0.4815186371308389
full,behavior,S39,143,13,0.6899992424874917,0.5739745453515204
full,behavior,S40,134,17,0.5939064403763555,0.4878404871567409
full,behavior,S41,137,12,0.42131393476216134,0.2529921195043994
full,behavior,S42,142,19,0.5653791785051601,0.423771556071025
full,behavior,S43,124,16,0.5449320958332273,0.28797348323478345
full,behavior,S44,139,16,0.3895483386006621,0.28944816246681687
full,behavior_eeg,S01,129,12,0.5632929900760976,0.4641201451752651
full,behavior_eeg,S02,127,15,0.7180873022252332,0.6440081861116378
full,behavior_eeg,S03,143,15,0.5385638631533705,0.4763008447174817
full,behavior_eeg,S05,132,8,0.8373397435897436,0.4683533267840397
full,behavior_eeg,S06,144,23,0.5575139472539044,0.5508447040183985
full,behavior_eeg,S07,128,12,0.7795413428035378,0.563910027429472
full,behavior_eeg,S08,143,13,0.7910965922179771,0.6390096504226938
full,behavior_eeg,S09,131,19,0.5748455770779363,0.4188552781674914
full,behavior_eeg,S10,122,17,0.3780810504417302,0.2554270833089633
full,behavior_eeg,S12,133,20,0.6774823437295442,0.5390942087450558
full,behavior_eeg,S13,117,29,0.5044217188910732,0.17549541478832067
full,behavior_eeg,S14,134,9,0.37851058341254423,0.32314791530102543
full,behavior_eeg,S15,144,28,0.6503287663626536,0.4993357410707864
full,behavior_eeg,S16,142,18,0.41114102211429704,0.4542174940872448
full,behavior_eeg,S17,133,21,0.6424301844613296,0.4974629607955402
full,behavior_eeg,S18,140,19,0.6129007521547734,0.4216998926826983
full,behavior_eeg,S19,141,12,0.27241921435182614,0.3234983196103153
full,behavior_eeg,S20,144,15,0.263445615764439,0.23533687893655708
full,behavior_eeg,S21,132,23,0.5624935660863212,0.34623993236428185
full,behavior_eeg,S22,136,21,0.6354855645625083,0.48015457070177214
full,behavior_eeg,S23,144,21,0.5668553320067616,0.4097029823057092
full,behavior_eeg,S24,144,18,0.2548623566458347,0.1628690142091911
full,behavior_eeg,S25,140,7,0.6851473922902493,0.849624060150376
full,behavior_eeg,S26,135,33,0.3408643745297099,-0.02028184785787092
full,behavior_eeg,S27,127,10,0.43812046613517197,0.36994557506042336
full,behavior_eeg,S28,129,16,0.6840547897728748,0.6891592237433408
full,behavior_eeg,S29,136,14,0.46130022496482126,0.5737098466641317
full,behavior_eeg,S30,131,20,0.5616560888791899,0.4235457193057154
full,behavior_eeg,S31,141,25,0.5851285604042029,0.5630971887787579
full,behavior_eeg,S32,144,17,0.2830495146737861,0.31406039911470857
full,behavior_eeg,S33,124,21,0.4895632114811613,0.4451599595996316
full,behavior_eeg,S34,138,22,0.23859014541933815,0.1556141300133604
full,behavior_eeg,S35,144,17,0.4619514001045414,0.4774058686230742
full,behavior_eeg,S36,139,14,0.6013136501538453,0.3976493813965143
full,behavior_eeg,S37,144,22,0.7421321647810748,0.4246502900652006
full,behavior_eeg,S38,141,27,0.48325329660023003,0.220337126284346
full,behavior_eeg,S39,143,13,0.5118156353450471,0.49230769230769234
full,behavior_eeg,S40,134,17,0.5799900049286275,0.37611345856515754
full,behavior_eeg,S41,137,12,0.2937619839234377,0.2767546517312798
full,behavior_eeg,S42,142,19,0.516116267538554,0.41881767995548697
full,behavior_eeg,S43,124,16,0.5808573849943167,0.25252525252525254
full,behavior_eeg,S44,139,16,0.394684723930391,0.329256560754872
full,behavior_eeg_et,S01,129,12,0.5318287447319705,0.2844528728025791
full,behavior_eeg_et,S02,127,15,0.7335107702754761,0.7350348506736283
full,behavior_eeg_et,S03,143,15,0.5079098139325533,0.35356723561474224
full,behavior_eeg_et,S05,132,8,0.7413690476190475,0.5388159060803247
full,behavior_eeg_et,S06,144,23,0.5684708541385078,0.5447511716796295
full,behavior_eeg_et,S07,128,12,0.6632855706385118,0.5038125479200453
full,behavior_eeg_et,S08,143,13,0.8977763277966115,0.8215838362577491
full,behavior_eeg_et,S09,131,19,0.4955447185049743,0.46997625601303206
full,behavior_eeg_et,S10,122,17,0.3974212810696228,0.2060534559014637
full,behavior_eeg_et,S12,133,20,0.6432745101985728,0.5863184133997811
full,behavior_eeg_et,S13,117,29,0.4866418923755457,0.13346635461144435
full,behavior_eeg_et,S14,134,9,0.3454260059399257,0.4313360017417657
full,behavior_eeg_et,S15,144,28,0.6752245090559237,0.4778407475884806
full,behavior_eeg_et,S16,142,18,0.447194914558508,0.48034081637991755
full,behavior_eeg_et,S17,133,21,0.6338303206634931,0.45617511801425353
full,behavior_eeg_et,S18,140,19,0.7119970568913665,0.6023214332732922
full,behavior_eeg_et,S19,141,12,0.2536794366929781,0.34785729399720033
full,behavior_eeg_et,S20,144,15,0.2688911342783104,0.3098601120450079
full,behavior_eeg_et,S21,132,23,0.5736869016922255,0.41546284361638997
full,behavior_eeg_et,S22,136,21,0.6325443899598034,0.4754047625468756
full,behavior_eeg_et,S23,144,21,0.6154588540461048,0.5168324831526714
full,behavior_eeg_et,S24,144,18,0.23626790356515934,0.1413000702801674
full,behavior_eeg_et,S25,140,7,0.6857142857142857,0.24856567949974837
full,behavior_eeg_et,S26,135,33,0.314978740847479,-0.0552789992822782
full,behavior_eeg_et,S27,127,10,0.27799983349983354,0.1471257395152328
full,behavior_eeg_et,S28,129,16,0.6479596092365489,0.5007697274086554
full,behavior_eeg_et,S29,136,14,0.47555744540485806,0.5572127226758673
full,behavior_eeg_et,S30,131,20,0.5995903306975664,0.4146165781862888
full,behavior_eeg_et,S31,141,25,0.6073612445482959,0.6054673875670102
full,behavior_eeg_et,S32,144,17,0.4052146403098631,0.26117157449298234
full,behavior_eeg_et,S33,124,21,0.5620978282218412,0.2087806071271422
full,behavior_eeg_et,S34,138,22,0.23091534546012182,0.06874266138840236
full,behavior_eeg_et,S35,144,17,0.4745149747626527,0.5093120174405507
full,behavior_eeg_et,S36,139,14,0.6803758304498764,0.39941238614613084
full,behavior_eeg_et,S37,144,22,0.7494191450141514,0.4359283565469546
full,behavior_eeg_et,S38,141,27,0.48458423985359267,0.4356580185418868
full,behavior_eeg_et,S39,143,13,0.5910201854882706,0.4188747462762507
full,behavior_eeg_et,S40,134,17,0.5646407417899504,0.4363544236652608
full,behavior_eeg_et,S41,137,12,0.2904637587898616,0.2529921195043994
full,behavior_eeg_et,S42,142,19,0.548770337387517,0.22478450875051798
full,behavior_eeg_et,S43,124,16,0.632378319188981,0.25252525252525254
full,behavior_eeg_et,S44,139,16,0.43763428330994686,0.34866217695426094
full,behavior_et,S01,129,12,0.5336884590916849,0.3652920475579457
full,behavior_et,S02,127,15,0.6842444420617795,0.6207543529453866
full,behavior_et,S03,143,15,0.46936729876577166,0.26408030695472784
full,behavior_et,S05,132,8,0.8441287878787879,0.5679618342470648
full,behavior_et,S06,144,23,0.5862324591224847,0.38871061168109244
full,behavior_et,S07,128,12,0.7145001340123291,0.508886998876312
full,behavior_et,S08,143,13,0.8873768587653579,0.8215838362577491
full,behavior_et,S09,131,19,0.6609420618565589,0.5484208485107186
full,behavior_et,S10,122,17,0.4321170252436076,0.24863669273623304
full,behavior_et,S12,133,20,0.5747656905487681,0.4935417756045905
full,behavior_et,S13,117,29,0.5466091232072315,0.2201249062939554
full,behavior_et,S14,134,9,0.31541329392373035,0.40373995301028925
full,behavior_et,S15,144,28,0.6566162123144149,0.46472676045981826
full,behavior_et,S16,142,18,0.49857489175213254,0.42184304971958453
full,behavior_et,S17,133,21,0.6908311145291985,0.5753063827884053
full,behavior_et,S18,140,19,0.6669880420763099,0.47196244909592855
full,behavior_et,S19,141,12,0.31794427672717146,0.34601432574571594
full,behavior_et,S20,144,15,0.2837710205318507,0.3127424319626077
full,behavior_et,S21,132,23,0.7086742373646301,0.5288883905354257
full,behavior_et,S22,136,21,0.6606710885260961,0.5153083919699585
full,behavior_et,S23,144,21,0.6356138759637062,0.5006286680411499
full,behavior_et,S24,144,18,0.2912102895322715,0.2733965759638985
full,behavior_et,S25,140,7,0.8954648526077096,0.790695492614867
full,behavior_et,S26,135,33,0.35345298808262626,-0.02028184785787092
full,behavior_et,S27,127,10,0.5817525172231054,0.348292234191906
full,behavior_et,S28,129,16,0.6266390967517219,0.48080361361333857
full,behavior_et,S29,136,14,0.4253265664949766,0.5200500310734492
full,behavior_et,S30,131,20,0.5118669269630765,0.4653676265678033
full,behavior_et,S31,141,25,0.6128730441510633,0.5291740797647766
full,behavior_et,S32,144,17,0.3093936010241453,0.31051037217636446
full,behavior_et,S33,124,21,0.5096463918827971,0.23151098134033388
full,behavior_et,S34,138,22,0.2309816941832406,0.04635958599955344
full,behavior_et,S35,144,17,0.5078050275676967,0.42610508046920476
full,behavior_et,S36,139,14,0.6048140427806504,0.3204594249984894
full,behavior_et,S37,144,22,0.7459653147721979,0.5083505367916255
full,behavior_et,S38,141,27,0.5459072516192899,0.38179898000111123
full,behavior_et,S39,143,13,0.6043265850958159,0.4705886038624534
full,behavior_et,S40,134,17,0.579983517743658,0.5073853226307095
full,behavior_et,S41,137,12,0.400862807672345,0.27988616210213707
full,behavior_et,S42,142,19,0.540649390224942,0.38882200823302854
full,behavior_et,S43,124,16,0.6244855415587123,0.5694444444444444
full,behavior_et,S44,139,16,0.4280200103626524,0.3246889254454856
full,behavior_no_propensity,S01,129,12,0.4391435494795954,0.37131599386575215
full,behavior_no_propensity,S02,127,15,0.7530535608182667,0.6705670150137175
full,behavior_no_propensity,S03,143,15,0.566243852006675,0.3849379138915386
full,behavior_no_propensity,S05,132,8,0.6111839549339548,0.6194361859425138
full,behavior_no_propensity,S06,144,23,0.5254648984500727,0.5447511716796295
full,behavior_no_propensity,S07,128,12,0.6988913727884317,0.41342190323699696
full,behavior_no_propensity,S08,143,13,0.9897435897435896,0.8780578588816019
full,behavior_no_propensity,S09,131,19,0.6521529678205983,0.5851914752156115
full,behavior_no_propensity,S10,122,17,0.3279630437582049,0.2643782950271343
full,behavior_no_propensity,S12,133,20,0.5823051430340698,0.42881652238872553
full,behavior_no_propensity,S13,117,29,0.3874970889699571,0.12434690163175625
full,behavior_no_propensity,S14,134,9,0.4304248499370451,0.38376128944009874
full,behavior_no_propensity,S15,144,28,0.6540700378652428,0.4519336586604706
full,behavior_no_propensity,S16,142,18,0.42247060646012263,0.4578671911248283
full,behavior_no_propensity,S17,133,21,0.6235092158097275,0.35964730350387936
full,behavior_no_propensity,S18,140,19,0.6697343544354009,0.500076516948952
full,behavior_no_propensity,S19,141,12,0.280524335822025,0.2577921449464264
full,behavior_no_propensity,S20,144,15,0.354480128107787,0.2800370832277278
full,behavior_no_propensity,S21,132,23,0.597916837725737,0.5548710300902334
full,behavior_no_propensity,S22,136,21,0.7795403890484628,0.6902946241706088
full,behavior_no_propensity,S23,144,21,0.6272954279663319,0.3764480291083634
full,behavior_no_propensity,S24,144,18,0.2772734753884635,0.21831359984157492
full,behavior_no_propensity,S25,140,7,0.6852448671776403,0.6494998689336408
full,behavior_no_propensity,S26,135,33,0.36459407647249475,0.031181560935001608
full,behavior_no_propensity,S27,127,10,0.5642413632119514,0.5057234787967008
full,behavior_no_propensity,S28,129,16,0.7858612169564182,0.5007697274086554
full,behavior_no_propensity,S29,136,14,0.43177118757638894,0.542030420796932
full,behavior_no_propensity,S30,131,20,0.6406040949075005,0.24775410467254905
full,behavior_no_propensity,S31,141,25,0.672883273063277,0.44995550902571835
full,behavior_no_propensity,S32,144,17,0.4479570014105492,0.4449562434020522
full,behavior_no_propensity,S33,124,21,0.5663545711831328,0.41392391779447046
full,behavior_no_propensity,S34,138,22,0.1662589494936425,-0.049983782906757604
full,behavior_no_propensity,S35,144,17,0.5827162092040985,0.5133987690561087
full,behavior_no_propensity,S36,139,14,0.5200515667921587,0.5217513122342692
full,behavior_no_propensity,S37,144,22,0.6883161803445907,0.3049774033695041
full,behavior_no_propensity,S38,141,27,0.5429762956916453,0.44139029661077295
full,behavior_no_propensity,S39,143,13,0.6583466533466533,0.4666666666666667
full,behavior_no_propensity,S40,134,17,0.3708602623636327,0.3556021700825837
full,behavior_no_propensity,S41,137,12,0.4165134713728064,0.31220711465747875
full,behavior_no_propensity,S42,142,19,0.42264313295925776,0.38825114125399995
full,behavior_no_propensity,S43,124,16,0.5806051582142113,0.5468051860543309
full,behavior_no_propensity,S44,139,16,0.3845491542696515,0.22176541863237278
full,logreg_behavior,S01,129,12,0.6485886961622256,0.5711280336739283
full,logreg_behavior,S02,127,15,0.8571138900086269,0.5397171878466934
full,logreg_behavior,S03,143,15,0.6905350028058361,0.6276041666666666
full,logreg_behavior,S05,132,8,0.9472222222222222,0.6839166144230384
full,logreg_behavior,S06,144,23,0.6148998526706881,0.5386335877020509
full,logreg_behavior,S07,128,12,0.733414072699787,0.36941038878250276
full,logreg_behavior,S08,143,13,0.975983292725374,0.9128709291752768
full,logreg_behavior,S09,131,19,0.6661402924560818,0.6274476826083228
full,logreg_behavior,S10,122,17,0.6018179450180874,0.3946002313234923
full,logreg_behavior,S12,133,20,0.5238664767636644,0.497525999939894
full,logreg_behavior,S13,117,29,0.5323967850715552,0.19357735230055448
full,logreg_behavior,S14,134,9,0.47267816410446317,0.33102752844608796
full,logreg_behavior,S15,144,28,0.6604137484130908,0.5416352095878295
full,logreg_behavior,S16,142,18,0.3796767269659016,0.4294800130061686
full,logreg_behavior,S17,133,21,0.7015811545444051,0.5286705597463894
full,logreg_behavior,S18,140,19,0.8014847810042316,0.6520813032501431
full,logreg_behavior,S19,141,12,0.4191436711436711,0.37168691501140805
full,logreg_behavior,S20,144,15,0.5654075851684547,0.4034732923929645
full,logreg_behavior,S21,132,23,0.6923434357323063,0.6111362926079045
full,logreg_behavior,S22,136,21,0.8421038340783356,0.5449282610693146
full,logreg_behavior,S23,144,21,0.8356160787918987,0.6128700972453796
full,logreg_behavior,S24,144,18,0.4021961880122507,0.47826615283651347
full,logreg_behavior,S25,140,7,0.9379251700680271,0.6622661785325219
full,logreg_behavior,S26,135,33,0.3701078674976336,0.04460719968121822
full,logreg_behavior,S27,127,10,0.6538631303337186,0.5309707363197911
full,logreg_behavior,S28,129,16,0.5768933989986622,0.48009615650319376
full,logreg_behavior,S29,136,14,0.6301483204161775,0.6018735362997658
full,logreg_behavior,S30,131,20,0.7110131747999395,0.5273816338195816
full,logreg_behavior,S31,141,25,0.7291455157499276,0.6235618662882851
full,logreg_behavior,S32,144,17,0.41088772605431545,0.4211150656959534
full,logreg_behavior,S33,124,21,0.553924336539799,0.44505334251539796
full,logreg_behavior,S34,138,22,0.1803168520662955,0.06311404870920997
full,logreg_behavior,S35,144,17,0.5473375982293929,0.5236680995472708
full,logreg_behavior,S36,139,14,0.53947975986262,0.562703819937657
full,logreg_behavior,S37,144,22,0.6218130341016405,0.5401881882164072
full,logreg_behavior,S38,141,27,0.5878977949626394,0.4658653703724969
full,logreg_behavior,S39,143,13,0.5711253087370514,0.5602787088220383
full,logreg_behavior,S40,134,17,0.465269450861504,0.361671935055929
full,logreg_behavior,S41,137,12,0.3947057961964426,0.1300656805631864
full,logreg_behavior,S42,142,19,0.4318768994613926,0.37146348440849786
full,logreg_behavior,S43,124,16,0.5077261606990745,0.545993080352568
full,logreg_behavior,S44,139,16,0.4181158766225867,0.3853498940434997
full,logreg_dwell_propensity,S01,129,12,0.6803014387573211,0.5408524452393346
full,logreg_dwell_propensity,S02,127,15,0.7956410540755892,0.6176516060802453
full,logreg_dwell_propensity,S03,143,15,0.6506334140500035,0.567205540031307
full,logreg_dwell_propensity,S05,132,8,0.9472222222222222,0.6839166144230384
full,logreg_dwell_propensity,S06,144,23,0.6290906227034228,0.5546064185430114
full,logreg_dwell_propensity,S07,128,12,0.7398314816666688,0.38615805788532986
full,logreg_dwell_propensity,S08,143,13,0.9567890442890439,0.8693611470909237
full,logreg_dwell_propensity,S09,131,19,0.6444488376822395,0.6313254673328356
full,logreg_dwell_propensity,S10,122,17,0.6144387262883065,0.4575717259042118
full,logreg_dwell_propensity,S12,133,20,0.6095898405656093,0.5486885127498896
full,logreg_dwell_propensity,S13,117,29,0.5792926499917429,0.20109754518300152
full,logreg_dwell_propensity,S14,134,9,0.469291283764968,0.30108726332755464
full,logreg_dwell_propensity,S15,144,28,0.6741565263305898,0.5492942180025514
full,logreg_dwell_propensity,S16,142,18,0.36477799203868,0.3110411395669295
full,logreg_dwell_propensity,S17,133,21,0.6973201500023283,0.5474724146951987
full,logreg_dwell_propensity,S18,140,19,0.8360722501147841,0.6286477492889249
full,logreg_dwell_propensity,S19,141,12,0.4069523639632336,0.38936584157126924
full,logreg_dwell_propensity,S20,144,15,0.5729208297319088,0.39215870143575543
full,logreg_dwell_propensity,S21,132,23,0.7275908284873632,0.5650127988261758
full,logreg_dwell_propensity,S22,136,21,0.7567205643818551,0.5449282610693146
full,logreg_dwell_propensity,S23,144,21,0.8414306309772919,0.6332621786859338
full,logreg_dwell_propensity,S24,144,18,0.49183001272063,0.5050762722761054
full,logreg_dwell_propensity,S25,140,7,0.9379251700680271,0.9318911162960933
full,logreg_dwell_propensity,S26,135,33,0.41123570227316136,0.0022589080619906674
full,logreg_dwell_propensity,S27,127,10,0.6515495180201062,0.5156919370860448
full,logreg_dwell_propensity,S28,129,16,0.7261863535570432,0.5453226002156355
full,logreg_dwell_propensity,S29,136,14,0.6139810974895008,0.6018735362997658
full,logreg_dwell_propensity,S30,131,20,0.629540055636454,0.5174003043831751
full,logreg_dwell_propensity,S31,141,25,0.7144686958457125,0.5803136442730285
full,logreg_dwell_propensity,S32,144,17,0.45478149211908997,0.456445738127091
full,logreg_dwell_propensity,S33,124,21,0.5360635262640476,0.5242376039903269
full,logreg_dwell_propensity,S34,138,22,0.21374782359630984,0.1375526605994076
full,logreg_dwell_propensity,S35,144,17,0.5127204262885378,0.4457932329152012
full,logreg_dwell_propensity,S36,139,14,0.6148300345779337,0.680114389079435
full,logreg_dwell_propensity,S37,144,22,0.6829033049879923,0.5564346757769975
full,logreg_dwell_propensity,S38,141,27,0.5974386143165336,0.5469570001203691
full,logreg_dwell_propensity,S39,143,13,0.4974737813440173,0.5739745453515204
full,logreg_dwell_propensity,S40,134,17,0.6384960834324329,0.4933812115858129
full,logreg_dwell_propensity,S41,137,12,0.36271154257265364,0.3527682731559834
full,logreg_dwell_propensity,S42,142,19,0.47280434179374736,0.41664073664192397
full,logreg_dwell_propensity,S43,124,16,0.5132450694950695,0.5211627398683786
full,logreg_dwell_propensity,S44,139,16,0.47147984478735755,0.3980024330031748
full,logreg_eeg,S01,129,12,0.2369271330683841,0.10676331540399339
full,logreg_eeg,S02,127,15,0.5494433633114162,0.31137018233332553
full,logreg_eeg,S03,143,15,0.1517358785229407,0.16134249081655855
full,logreg_eeg,S05,132,8,0.38416554206027886,0.3472997420088863
full,logreg_eeg,S06,144,23,0.173884997038027,0.008477316438548307
full,logreg_eeg,S07,128,12,0.1828069532240788,0.13010726223589664
full,logreg_eeg,S08,143,13,0.12826001372833454,0.019706585563285865
full,logreg_eeg,S09,131,19,0.22549287875920188,-0.004254767034516993
full,logreg_eeg,S10,122,17,0.3130642050978069,0.2529879618793156
full,logreg_eeg,S12,133,20,0.25554938507916924,0.13073747834010996
full,logreg_eeg,S13,117,29,0.220703959505534,-0.11197850219117085
full,logreg_eeg,S14,134,9,0.30794782559488443,0.25603840977704395
full,logreg_eeg,S15,144,28,0.4085754972789256,0.1965851974397117
full,logreg_eeg,S16,142,18,0.29272858943882285,0.23379457656446917
full,logreg_eeg,S17,133,21,0.28980525453093864,0.1740381063343864
full,logreg_eeg,S18,140,19,0.2514429809853309,-0.018829349023278624
full,logreg_eeg,S19,141,12,0.16621826357033587,0.10054241490186405
full,logreg_eeg,S20,144,15,0.14123996720629511,0.1568876995172319
full,logreg_eeg,S21,132,23,0.29286474985239974,0.1610198847063357
full,logreg_eeg,S22,136,21,0.18463171315710436,0.05213311661791026
full,logreg_eeg,S23,144,21,0.25466780547391493,0.10021497695896885
full,logreg_eeg,S24,144,18,0.15412020274868432,-0.04377346993573882
full,logreg_eeg,S25,140,7,0.08552161451250156,0.0
full,logreg_eeg,S26,135,33,0.32537686156705037,0.229627281532216
full,logreg_eeg,S27,127,10,0.2650336043084522,0.07417981870189157
full,logreg_eeg,S28,129,16,0.21227295378821687,0.06836426381064659
full,logreg_eeg,S29,136,14,0.28301381466662356,0.22983780770956777
full,logreg_eeg,S30,131,20,0.21678944032705483,0.04731859459263143
full,logreg_eeg,S31,141,25,0.27690690031755977,0.12366189822470673
full,logreg_eeg,S32,144,17,0.1962406593192874,-0.012425476475679972
full,logreg_eeg,S33,124,21,0.3015941673624408,0.1551115642386738
full,logreg_eeg,S34,138,22,0.16720746393841868,-0.15836151649297917
full,logreg_eeg,S35,144,17,0.16308735500897983,0.009624732691800112
full,logreg_eeg,S36,139,14,0.11015899856286451,-0.09922876771341849
full,logreg_eeg,S37,144,22,0.4048208429738055,0.08140123294226802
full,logreg_eeg,S38,141,27,0.2897045200031183,0.26604000877470546
full,logreg_eeg,S39,143,13,0.18776214692344514,0.1760396459846279
full,logreg_eeg,S40,134,17,0.20819045250916635,0.22270662429042754
full,logreg_eeg,S41,137,12,0.10326531443254991,-0.03771236166328253
full,logreg_eeg,S42,142,19,0.37363116279138425,0.33450859505102276
full,logreg_eeg,S43,124,16,0.29118953536682296,0.20241022618818408
full,logreg_eeg,S44,139,16,0.21259469094965844,0.019701647728448977
full,logreg_et,S01,129,12,0.3544140397141051,0.25613916908705564
full,logreg_et,S02,127,15,0.6647762408157144,0.4937716653640019
full,logreg_et,S03,143,15,0.36331744245278014,0.18331892235851158
full,logreg_et,S05,132,8,0.7115896358543418,0.6870729486898756
full,logreg_et,S06,144,23,0.7155277418774028,0.4012931112142669
full,logreg_et,S07,128,12,0.27676269528753766,0.20598544732563065
full,logreg_et,S08,143,13,0.5792134748636297,0.43069267837532
full,logreg_et,S09,131,19,0.47585184914763545,0.5430518068713077
full,logreg_et,S10,122,17,0.28129960731506387,0.1300262617246835
full,logreg_et,S12,133,20,0.30649954508814314,0.28029442341449584
full,logreg_et,S13,117,29,0.5553821901643254,0.4782600199302479
full,logreg_et,S14,134,9,0.27379766390063875,0.2290870452839704
full,logreg_et,S15,144,28,0.6442439361165285,0.5262185712207625
full,logreg_et,S16,142,18,0.39372124968055205,0.3929734638473393
full,logreg_et,S17,133,21,0.6759261683835875,0.47371245500671616
full,logreg_et,S18,140,19,0.3562134756624677,0.28394552279892254
full,logreg_et,S19,141,12,0.62120328005737,0.3084207665786277
full,logreg_et,S20,144,15,0.4729871314312917,0.49010271673216754
full,logreg_et,S21,132,23,0.5921063790884613,0.35915135713765256
full,logreg_et,S22,136,21,0.41618224595226727,0.28606948245534775
full,logreg_et,S23,144,21,0.5507220261206286,0.5008779671604171
full,logreg_et,S24,144,18,0.3663283964369866,0.3563483225498992
full,logreg_et,S25,140,7,0.59124983326664,0.6041342261076647
full,logreg_et,S26,135,33,0.3309241869692882,0.02245709345842552
full,logreg_et,S27,127,10,0.2672285409282015,0.15331260468322477
full,logreg_et,S28,129,16,0.5572143281022757,0.4244521269719637
full,logreg_et,S29,136,14,0.6220252343361586,0.4014541998884774
full,logreg_et,S30,131,20,0.42232323959180207,0.4735354580524372
full,logreg_et,S31,141,25,0.5429556526999487,0.36328733480094627
full,logreg_et,S32,144,17,0.30570523542394246,0.1996294580824456
full,logreg_et,S33,124,21,0.5879706112134326,0.4451599595996316
full,logreg_et,S34,138,22,0.19757149968921434,0.09179799348669979
full,logreg_et,S35,144,17,0.49676728559144695,0.3389673626398282
full,logreg_et,S36,139,14,0.5689473565159101,0.3286989097743948
full,logreg_et,S37,144,22,0.7984603051306193,0.6229053240226687
full,logreg_et,S38,141,27,0.43220661483206835,0.3074311298604587
full,logreg_et,S39,143,13,0.428517451644964,0.4076923076923077
full,logreg_et,S40,134,17,0.43471040727687965,0.3556021700825837
full,logreg_et,S41,137,12,0.29516750987234924,0.21507809246547138
full,logreg_et,S42,142,19,0.31635799904635686,0.1954999048351384
full,logreg_et,S43,124,16,0.7510475675024827,0.620903211826656
full,logreg_et,S44,139,16,0.4694171017723937,0.46286753566891836
full,logreg_fusion,S01,129,12,0.47327321003238737,0.35048412694778214
full,logreg_fusion,S02,127,15,0.6756101910106295,0.5181618831556297
full,logreg_fusion,S03,143,15,0.36671862975875585,0.20294834234606834
full,logreg_fusion,S05,132,8,0.6432364612511672,0.3829197905337418
full,logreg_fusion,S06,144,23,0.596538275791898,0.4487109069560488
full,logreg_fusion,S07,128,12,0.3765969033426339,0.2836543144655877
full,logreg_fusion,S08,143,13,0.5492951724273822,0.30508790011987863
full,logreg_fusion,S09,131,19,0.4053338545599947,0.39290073719249097
full,logreg_fusion,S10,122,17,0.3210267986891422,0.1917443422836697
full,logreg_fusion,S12,133,20,0.4663927587630547,0.3024838555496215
full,logreg_fusion,S13,117,29,0.562710104868202,0.37302885972456046
full,logreg_fusion,S14,134,9,0.3523687439209941,0.3111808258932415
full,logreg_fusion,S15,144,28,0.6899665731435687,0.4812804004825609
full,logreg_fusion,S16,142,18,0.5067242013398574,0.4216523821727502
full,logreg_fusion,S17,133,21,0.5836816202886255,0.4731747551321276
full,logreg_fusion,S18,140,19,0.34147441369157294,0.3777452042609635
full,logreg_fusion,S19,141,12,0.5952121882286605,0.39095232840277166
full,logreg_fusion,S20,144,15,0.4640355686434118,0.4309442960114673
full,logreg_fusion,S21,132,23,0.6332883252836515,0.5200813229726925
full,logreg_fusion,S22,136,21,0.5132292979344363,0.39144660638815854
full,logreg_fusion,S23,144,21,0.6324689724063317,0.44256110384870084
full,logreg_fusion,S24,144,18,0.34052300077660613,0.3418817293789138
full,logreg_fusion,S25,140,7,0.42295918367346935,0.2653673703463574
full,logreg_fusion,S26,135,33,0.32834397421716166,0.004740135082502237
full,logreg_fusion,S27,127,10,0.3772123386506948,0.27490930469660474
full,logreg_fusion,S28,129,16,0.5774422765376712,0.474567345513882
full,logreg_fusion,S29,136,14,0.6106613200320294,0.3496659499921044
full,logreg_fusion,S30,131,20,0.5358406267542998,0.31309364035001996
full,logreg_fusion,S31,141,25,0.6367592325829401,0.48462281525550327
full,logreg_fusion,S32,144,17,0.35490160503160767,0.25527739798428084
full,logreg_fusion,S33,124,21,0.470592959805835,0.4259370099666157
full,logreg_fusion,S34,138,22,0.2177550489901587,0.060303253466503684
full,logreg_fusion,S35,144,17,0.4074632008201983,0.2983667134458035
full,logreg_fusion,S36,139,14,0.3675737958678688,0.3601724317341951
full,logreg_fusion,S37,144,22,0.8541615641514221,0.7419316151988854
full,logreg_fusion,S38,141,27,0.4580730857563638,0.41113889687224586
full,logreg_fusion,S39,143,13,0.3744762313141746,0.4666666666666667
full,logreg_fusion,S40,134,17,0.4539303823251203,0.2779096554583367
full,logreg_fusion,S41,137,12,0.2088790401582432,0.17756236949795526
full,logreg_fusion,S42,142,19,0.36969557923384483,0.23870887726247644
full,logreg_fusion,S43,124,16,0.8040446233816493,0.6811356281898662
full,logreg_fusion,S44,139,16,0.4721041835460803,0.3286989097743948
full,prevalence,S01,129,12,0.09302325581395349,0.0
full,prevalence,S02,127,15,0.11811023622047244,0.0
full,prevalence,S03,143,15,0.1048951048951049,0.0
full,prevalence,S05,132,8,0.06060606060606061,0.0
full,prevalence,S06,144,23,0.1597222222222222,0.0
full,prevalence,S07,128,12,0.09375,0.0
full,prevalence,S08,143,13,0.09090909090909091,0.0
full,prevalence,S09,131,19,0.1450381679389313,0.0
full,prevalence,S10,122,17,0.13934426229508196,0.0
full,prevalence,S12,133,20,0.15037593984962405,0.0
full,prevalence,S13,117,29,0.24786324786324787,0.0
full,prevalence,S14,134,9,0.06716417910447761,0.0
full,prevalence,S15,144,28,0.19444444444444445,0.0
full,prevalence,S16,142,18,0.1267605633802817,0.0
full,prevalence,S17,133,21,0.15789473684210525,0.0
full,prevalence,S18,140,19,0.1357142857142857,0.0
full,prevalence,S19,141,12,0.0851063829787234,0.0
full,prevalence,S20,144,15,0.10416666666666667,0.0
full,prevalence,S21,132,23,0.17424242424242425,0.0
full,prevalence,S22,136,21,0.15441176470588236,0.0
full,prevalence,S23,144,21,0.14583333333333334,0.0
full,prevalence,S24,144,18,0.125,0.0
full,prevalence,S25,140,7,0.05,0.0
full,prevalence,S26,135,33,0.24444444444444444,0.0
full,prevalence,S27,127,10,0.07874015748031496,0.0
full,prevalence,S28,129,16,0.12403100775193798,0.0
full,prevalence,S29,136,14,0.10294117647058823,0.0
full,prevalence,S30,131,20,0.15267175572519084,0.0
full,prevalence,S31,141,25,0.1773049645390071,0.0
full,prevalence,S32,144,17,0.11805555555555555,0.0
full,prevalence,S33,124,21,0.1693548387096774,0.0
full,prevalence,S34,138,22,0.15942028985507245,0.0
full,prevalence,S35,144,17,0.11805555555555555,0.0
full,prevalence,S36,139,14,0.10071942446043165,0.0
full,prevalence,S37,144,22,0.1527777777777778,0.0
full,prevalence,S38,141,27,0.19148936170212766,0.0
full,prevalence,S39,143,13,0.09090909090909091,0.0
full,prevalence,S40,134,17,0.12686567164179105,0.0
full,prevalence,S41,137,12,0.08759124087591241,0.0
full,prevalence,S42,142,19,0.13380281690140844,0.0
full,prevalence,S43,124,16,0.12903225806451613,0.0
full,prevalence,S44,139,16,0.11510791366906475,0.0
full,product_propensity,S01,129,12,0.20207712442301484,0.18920465384647675
full,product_propensity,S02,127,15,0.2262776075965789,0.0642579564514797
full,product_propensity,S03,143,15,0.2392741601419771,0.1678952186527686
full,product_propensity,S05,132,8,0.24582709336850378,-0.02219210523130669
full,product_propensity,S06,144,23,0.31359588981465114,0.10863739930111473
full,product_propensity,S07,128,12,0.3503392447760016,0.14606515959501085
full,product_propensity,S08,143,13,0.15850505834825862,0.1628742262678259
full,product_propensity,S09,131,19,0.13410882679752545,-0.14486040457534433
full,product_propensity,S10,122,17,0.31825599865194654,0.1927266725168234
full,product_propensity,S12,133,20,0.4448121259518733,0.2745284627637851
full,product_propensity,S13,117,29,0.5024303762611375,0.33015272193550954
full,product_propensity,S14,134,9,0.08746253837053201,0.013867238230536606
full,product_propensity,S15,144,28,0.35196469661046154,0.18357576139006862
full,product_propensity,S16,142,18,0.2962457562312668,0.17721056762232906
full,product_propensity,S17,133,21,0.37250724066479046,0.1619940964655456
full,product_propensity,S18,140,19,0.4537034947473709,0.2786898906467548
full,product_propensity,S19,141,12,0.28289071609505045,0.22935723979802056
full,product_propensity,S20,144,15,0.19646277761143485,0.13577944950587045
full,product_propensity,S21,132,23,0.34943824116990874,0.18542571033572994
full,product_propensity,S22,136,21,0.21242251321104738,0.03858345305621894
full,product_propensity,S23,144,21,0.34990805213846665,0.2524149167425064
full,product_propensity,S24,144,18,0.28482425859137456,0.15965073416229442
full,product_propensity,S25,140,7,0.1472349889532552,0.13588424731590598
full,product_propensity,S26,135,33,0.410829091158432,0.07556713746738138
full,product_propensity,S27,127,10,0.21362350751152542,0.002315778247639583
full,product_propensity,S28,129,16,0.29849999321979614,0.21507835583614515
full,product_propensity,S29,136,14,0.2434382186847691,0.29036035109749636
full,product_propensity,S30,131,20,0.192662713111638,-0.003153153153153153
full,product_propensity,S31,141,25,0.3108989596393461,0.11935412439295907
full,product_propensity,S32,144,17,0.20394300424593792,0.037762928695899534
full,product_propensity,S33,124,21,0.21091569303384577,0.07436648547660937
full,product_propensity,S34,138,22,0.2833801911290434,0.1303748735589124
full,product_propensity,S35,144,17,0.15214622332412908,0.070179604949176
full,product_propensity,S36,139,14,0.25309396149411256,0.03200640192064023
full,product_propensity,S37,144,22,0.2843599332769085,0.07295578322623138
full,product_propensity,S38,141,27,0.31613037607927386,0.07784725237242085
full,product_propensity,S39,143,13,0.1878090205406135,0.15285446012893575
full,product_propensity,S40,134,17,0.47862138722545766,0.37582492804295753
full,product_propensity,S41,137,12,0.22272236339520843,0.07545906934388377
full,product_propensity,S42,142,19,0.2960656662859023,0.18589448829696503
full,product_propensity,S43,124,16,0.22579063046075162,-0.02096916299828522
full,product_propensity,S44,139,16,0.26043971654072323,0.1696045743763941
full,total_dwell,S01,129,12,0.4692305997026169,0.42244914636796177
full,total_dwell,S02,127,15,0.7462294521895603,0.5114957546028551
full,total_dwell,S03,143,15,0.5431246297562087,0.44305416427475663
full,total_dwell,S05,132,8,0.7485119047619048,0.35921060405354976
full,total_dwell,S06,144,23,0.47145266613749676,0.37442987137762845
full,total_dwell,S07,128,12,0.529647556074881,0.39493995337540805
full,total_dwell,S08,143,13,0.84533399606929,0.4448782605013047
full,total_dwell,S09,131,19,0.5490966814354272,0.5351606631834074
full,total_dwell,S10,122,17,0.25200822001276524,0.05233637012876707
full,total_dwell,S12,133,20,0.46031206131326907,0.3537268255786802
full,total_dwell,S13,117,29,0.49768174488489997,0.16523683303318146
full,total_dwell,S14,134,9,0.37021839468647977,0.3155441739304642
full,total_dwell,S15,144,28,0.6314238938549476,0.433289122413121
full,total_dwell,S16,142,18,0.3937473338106473,0.3011091963498052
full,total_dwell,S17,133,21,0.6128546063457541,0.45179427800897365
full,total_dwell,S18,140,19,0.4136173169044223,0.31130401486556236
full,total_dwell,S19,141,12,0.4379177908583,0.22607892210167616
full,total_dwell,S20,144,15,0.34636257745616644,0.4274625743754585
full,total_dwell,S21,132,23,0.5704290810412448,0.5324136549339354
full,total_dwell,S22,136,21,0.5741470164567968,0.32103024443660527
full,total_dwell,S23,144,21,0.47758531397545173,0.17073170731707318
full,total_dwell,S24,144,18,0.1910193501083295,0.1103354568734741
full,total_dwell,S25,140,7,0.40477736549165116,0.3875598086124402
full,total_dwell,S26,135,33,0.3461662994517074,-0.06975667966336388
full,total_dwell,S27,127,10,0.46195159476526804,0.5156919370860448
full,total_dwell,S28,129,16,0.6195516670824299,0.3950702499891527
full,total_dwell,S29,136,14,0.385218132476433,0.3679872514393594
full,total_dwell,S30,131,20,0.3734029384836799,0.13698349814659708
full,total_dwell,S31,141,25,0.6022963677974881,0.3193103448275862
full,total_dwell,S32,144,17,0.3476828240181258,0.28470343247848295
full,total_dwell,S33,124,21,0.48437131377693265,0.23723883204619745
full,total_dwell,S34,138,22,0.14654588688476275,-0.08736998899915842
full,total_dwell,S35,144,17,0.39564139127834264,0.47279186727266215
full,total_dwell,S36,139,14,0.4616013442474113,0.3928109885574301
full,total_dwell,S37,144,22,0.6297063238969944,0.39062145332563925
full,total_dwell,S38,141,27,0.36385636468341764,0.1883816592648486
full,total_dwell,S39,143,13,0.45165663081461,0.37786820494135615
full,total_dwell,S40,134,17,0.3075366940095431,0.22560131512170128
full,total_dwell,S41,137,12,0.18542300658907301,0.21083635479664556
full,total_dwell,S42,142,19,0.43984567308039824,0.33619631102659076
full,total_dwell,S43,124,16,0.5065481537671528,0.29060425003857965
full,total_dwell,S44,139,16,0.34981085134025797,0.27874396426989556
full,visit_count,S01,129,12,0.22102173773742814,0.21111886687476866
full,visit_count,S02,127,15,0.3250879794963865,0.3032205209608961
full,visit_count,S03,143,15,0.2293613053613054,0.05051814855409226
full,visit_count,S05,132,8,0.19364171864171864,0.2861919308486997
full,visit_count,S06,144,23,0.3705282538993217,0.1383399209486166
full,visit_count,S07,128,12,0.2664121359131755,0.19852865415368456
full,visit_count,S08,143,13,0.1798865999754462,0.2077644210916841
full,visit_count,S09,131,19,0.16891335450643463,0.012446697059952196
full,visit_count,S10,122,17,0.16713442073123586,0.05332443693073961
full,visit_count,S12,133,20,0.23380371280371282,0.09923345247768478
full,visit_count,S13,117,29,0.3697786637816623,0.1399731277389636
full,visit_count,S14,134,9,0.2209634850426212,0.23280423830767075
full,visit_count,S15,144,28,0.3745874163397837,0.27286371951943134
full,visit_count,S16,142,18,0.3107053639918939,0.2658806580433345
full,visit_count,S17,133,21,0.3317354401714919,0.2665261208398262
full,visit_count,S18,140,19,0.30559492407312466,0.16924851247535802
full,visit_count,S19,141,12,0.11078010683273841,-0.011495012246792571
full,visit_count,S20,144,15,0.1138595484117872,-0.028094568578712398
full,visit_count,S21,132,23,0.2600439445067705,0.1666579190001007
full,visit_count,S22,136,21,0.23041396045597723,0.19005740882442915
full,visit_count,S23,144,21,0.18636065778500013,0.04269198703417239
full,visit_count,S24,144,18,0.10512799625702851,-0.0742123603558262
full,visit_count,S25,140,7,0.1265463646865264,-0.15979830953641674
full,visit_count,S26,135,33,0.2678255202799383,-0.02925089696508523
full,visit_count,S27,127,10,0.145744701492733,0.0837931816246645
full,visit_count,S28,129,16,0.2748897775620613,0.22936031564789425
full,visit_count,S29,136,14,0.18472224161967515,0.10989821623856717
full,visit_count,S30,131,20,0.16172948679818908,0.015529661101058734
full,visit_count,S31,141,25,0.26691034733587926,0.17298479717319207
full,visit_count,S32,144,17,0.20532406674651008,0.14394531413502645
full,visit_count,S33,124,21,0.2053386773075316,0.10316546241818929
full,visit_count,S34,138,22,0.13809388965313812,-0.064945639233454
full,visit_count,S35,144,17,0.20830733570062435,0.07547251181496811
full,visit_count,S36,139,14,0.2984504913076341,0.2898450360581258
full,visit_count,S37,144,22,0.28188419293715455,0.14377409751245593
full,visit_count,S38,141,27,0.24900191356597468,0.14505505388834994
full,visit_count,S39,143,13,0.22208927949878177,0.25964135286874945
full,visit_count,S40,134,17,0.15900058010414897,0.0719220779350065
full,visit_count,S41,137,12,0.17859715662420686,0.30018206290986665
full,visit_count,S42,142,19,0.258903308593711,0.1917261137058436
full,visit_count,S43,124,16,0.2723776131627176,0.07776627474173502
full,visit_count,S44,139,16,0.30535777438146844,0.2418086985568836
