horizon,model,held_out_subject,n,n_buy,buy_prevalence,pr_auc,pr_lift,roc_auc,accuracy,balanced_accuracy,buy_f1,buy_precision,buy_recall,specificity,mcc,brier,ece,threshold
first1,prevalence,S01,129,12,0.09302325581395349,0.09302325581395349,1.0,0.5,0.9069767441860465,0.5,0.0,0.0,0.0,1.0,0.0,0.08584269868991928,0.038376672578456145,0.5
first1,product_propensity,S01,129,12,0.09302325581395349,0.20207712442301484,2.1723290875474097,0.7118945868945868,0.7054263565891473,0.6506410256410257,0.2692307692307692,0.175,0.5833333333333334,0.717948717948718,0.18920465384647675,0.08345971247263019,0.04641668173907281,0.16618677150530192
first1,visit_count,S01,129,12,0.09302325581395349,0.09302325581395349,1.0,0.5,0.9069767441860465,0.5,0.0,0.0,0.0,1.0,0.0,0.08584269868991928,0.038376672578456145,0.5
first1,total_dwell,S01,129,12,0.09302325581395349,0.2688148738538722,2.889759893929126,0.6121794871794871,0.8837209302325582,0.6367521367521367,0.34782608695652173,0.36363636363636365,0.3333333333333333,0.9401709401709402,0.2844528728025791,0.08220572449104767,0.04067932636416955,0.15175698811639912
first1,logreg_behavior,S01,129,12,0.09302325581395349,0.27316663169917965,2.9365412907661814,0.5954415954415955,0.8837209302325582,0.6367521367521367,0.34782608695652173,0.36363636363636365,0.3333333333333333,0.9401709401709402,0.2844528728025791,0.2026544313264928,0.3482357274997803,0.5680932821315375
first1,logreg_dwell_propensity,S01,129,12,0.09302325581395349,0.3487862412794302,3.7494520937538747,0.7571225071225072,0.7984496124031008,0.6645299145299146,0.3157894736842105,0.23076923076923078,0.5,0.8290598290598291,0.23826109606385762,0.191173543695845,0.331832837720901,0.5615068087822666
first1,logreg_eeg,S01,129,12,0.09302325581395349,0.10589842721995149,1.1384080926144786,0.47364672364672367,0.875968992248062,0.5202991452991453,0.1111111111111111,0.16666666666666666,0.08333333333333333,0.9572649572649573,0.05599678857543781,0.2152141098127478,0.3566202831020299,0.5370858898541845
first1,logreg_et,S01,129,12,0.09302325581395349,0.24553820298326662,2.6395356820701164,0.675925925925926,0.7751937984496124,0.6517094017094017,0.2926829268292683,0.20689655172413793,0.5,0.8034188034188035,0.21111886687476866,0.20152541955894335,0.34256384074733204,0.5332221339130877
first1,logreg_fusion,S01,129,12,0.09302325581395349,0.17754762210111574,1.9086369375869943,0.6082621082621082,0.813953488372093,0.5982905982905983,0.25,0.2,0.3333333333333333,0.8632478632478633,0.15776013940634465,0.19747256593061874,0.32799674481231655,0.5563240288305425
first1,prevalence,S02,127,15,0.11811023622047244,0.11811023622047244,1.0,0.5,0.8818897637795275,0.5,0.0,0.0,0.0,1.0,0.0,0.10432164562676229,0.012705798138869004,0.5
first1,product_propensity,S02,127,15,0.11811023622047244,0.2262776075965789,1.9158170776510346,0.6517857142857143,0.7480314960629921,0.5395833333333333,0.2,0.16,0.26666666666666666,0.8125,0.0642579564514797,0.10147984906382462,0.06791662498540312,0.18572798564600704
first1,visit_count,S02,127,15,0.11811023622047244,0.11811023622047244,1.0,0.5,0.8818897637795275,0.5,0.0,0.0,0.0,1.0,0.0,0.10432164562676229,0.012705798138869004,0.5
first1,total_dwell,S02,127,15,0.11811023622047244,0.14431294613020068,1.2218496105690324,0.5571428571428572,0.7559055118110236,0.4863095238095238,0.11428571428571428,0.1,0.13333333333333333,0.8392857142857143,-0.024260307661174957,0.10783353939738557,0.04901771651298674,0.15015959019043243
first1,logreg_behavior,S02,127,15,0.11811023622047244,0.18177605815651598,1.5390372923918354,0.6797619047619048,0.7874015748031497,0.5041666666666667,0.12903225806451613,0.125,0.13333333333333333,0.875,0.008104979376327289,0.23537072980356127,0.3631905978777292,0.5863189146853097
first1,logreg_dwell_propensity,S02,127,15,0.11811023622047244,0.2399499670568309,2.031576387747835,0.7303571428571428,0.7795275590551181,0.5863095238095238,0.2631578947368421,0.21739130434782608,0.3333333333333333,0.8392857142857143,0.14466476616370316,0.21731651539434238,0.34125361422437644,0.5767878776136126
first1,logreg_eeg,S02,127,15,0.11811023622047244,0.2592040532504901,2.1945943175208162,0.5791666666666666,0.7165354330708661,0.5505952380952381,0.21739130434782608,0.16129032258064516,0.3333333333333333,0.7678571428571429,0.07602874419373501,0.23030358851779154,0.35510241580751695,0.5204114502747552
first1,logreg_et,S02,127,15,0.11811023622047244,0.3396148210234897,2.875405484665546,0.7767857142857144,0.7559055118110236,0.7461309523809523,0.41509433962264153,0.2894736842105263,0.7333333333333333,0.7589285714285714,0.3469477433516796,0.231621453364573,0.36770410502693285,0.5460542193421113
first1,logreg_fusion,S02,127,15,0.11811023622047244,0.2104138568199931,1.7815039877426084,0.680952380952381,0.84251968503937,0.506547619047619,0.09090909090909091,0.14285714285714285,0.06666666666666667,0.9464285714285714,0.01851946331679053,0.21360827041718902,0.33431296892256746,0.6123923181253549
first1,prevalence,S03,143,15,0.1048951048951049,0.1048951048951049,1.0,0.5,0.8951048951048951,0.5,0.0,0.0,0.0,1.0,0.0,0.09458363133978287,0.026296567753854194,0.5
first1,product_propensity,S03,143,15,0.1048951048951049,0.2392741601419771,2.2810803266868485,0.6947916666666667,0.7762237762237763,0.61015625,0.2727272727272727,0.20689655172413793,0.4,0.8203125,0.1678952186527686,0.08899578080128646,0.0322055498072056,0.17859084906393227
first1,visit_count,S03,143,15,0.1048951048951049,0.1048951048951049,1.0,0.5,0.8951048951048951,0.5,0.0,0.0,0.0,1.0,0.0,0.09458363133978287,0.026296567753854194,0.5
first1,total_dwell,S03,143,15,0.1048951048951049,0.28337569853055306,2.701514992657939,0.6963541666666667,0.8741258741258742,0.5765625,0.25,0.3333333333333333,0.2,0.953125,0.19320709122468174,0.09032316552490803,0.04959917308023598,0.15015945376883405
first1,logreg_behavior,S03,143,15,0.1048951048951049,0.2968762425416681,2.830220178897236,0.7614583333333333,0.8601398601398601,0.6276041666666666,0.3333333333333333,0.3333333333333333,0.3333333333333333,0.921875,0.2552083333333333,0.212911520731136,0.3568837285809652,0.5644523700383797
first1,logreg_dwell_propensity,S03,143,15,0.1048951048951049,0.3655034097072925,3.484465839209522,0.7880208333333334,0.7972027972027972,0.6807291666666666,0.35555555555555557,0.26666666666666666,0.5333333333333333,0.828125,0.2720251177742569,0.1966515090057456,0.33400623365327314,0.5574584462077811
first1,logreg_eeg,S03,143,15,0.1048951048951049,0.20318765907630654,1.9370556831941224,0.6046875,0.8881118881118881,0.49609375,0.0,0.0,0.0,0.9921875,-0.028727409986057603,0.22217345143451733,0.358454647614307,0.6331367484366797
first1,logreg_et,S03,143,15,0.1048951048951049,0.23198381980857447,2.2115790821750765,0.646875,0.7412587412587412,0.590625,0.24489795918367346,0.17647058823529413,0.4,0.78125,0.13045956380186097,0.23424043083407295,0.37699267421358545,0.5398780768962401
first1,logreg_fusion,S03,143,15,0.1048951048951049,0.22006726892206807,2.0979746303903823,0.6864583333333334,0.7412587412587412,0.67890625,0.32727272727272727,0.225,0.6,0.7578125,0.2442629032375941,0.21052391799864226,0.3449766328150238,0.4930084905739966
first1,prevalence,S05,132,8,0.06060606060606061,0.06060606060606061,1.0,0.5,0.9393939393939394,0.5,0.0,0.0,0.0,1.0,0.0,0.062056796369902203,0.07158093563252083,0.5
first1,product_propensity,S05,132,8,0.06060606060606061,0.24582709336850378,4.056147040580313,0.746975806451613,0.9318181818181818,0.4959677419354839,0.0,0.0,0.0,0.9919354838709677,-0.02219210523130669,0.060358712379285015,0.09394843194633536,0.47874265038444147
first1,visit_count,S05,132,8,0.06060606060606061,0.06060606060606061,1.0,0.5,0.9393939393939394,0.5,0.0,0.0,0.0,1.0,0.0,0.062056796369902203,0.07158093563252083,0.5
first1,total_dwell,S05,132,8,0.06060606060606061,0.2538555055969336,4.188615842349404,0.7550403225806451,0.9090909090909091,0.6592741935483871,0.3333333333333333,0.3,0.375,0.9435483870967742,0.28724424165293727,0.05240193525474386,0.045381853247210086,0.15175702522673007
first1,logreg_behavior,S05,132,8,0.06060606060606061,0.23642666519086972,3.90103997564935,0.7232862903225807,0.9090909090909091,0.6592741935483871,0.3333333333333333,0.3,0.375,0.9435483870967742,0.28724424165293727,0.20853606427896904,0.39292913129915874,0.5630177355721754
first1,logreg_dwell_propensity,S05,132,8,0.06060606060606061,0.3422745114792328,5.647529439407341,0.8649193548387096,0.8636363636363636,0.6935483870967742,0.3076923076923077,0.2222222222222222,0.5,0.8870967741935484,0.2691452441009956,0.19927852785504968,0.3788355885514156,0.604437128997503
first1,logreg_eeg,S05,132,8,0.06060606060606061,0.053772804596541775,0.8872512758429393,0.40524193548387094,0.7196969696969697,0.4415322580645161,0.05128205128205128,0.03225806451612903,0.125,0.7580645161290323,-0.06582041547476924,0.26570537429332497,0.45147453708715174,0.5514691308648922
first1,logreg_et,S05,132,8,0.06060606060606061,0.1534752374834194,2.53234141847642,0.6159274193548387,0.803030303030303,0.6028225806451613,0.1875,0.125,0.375,0.8306451612903226,0.12722042226896554,0.21237828305596093,0.3892592287075573,0.5461262165596712
first1,logreg_fusion,S05,132,8,0.06060606060606061,0.15971612331803323,2.635316034747548,0.6078629032258065,0.7878787878787878,0.594758064516129,0.17647058823529413,0.11538461538461539,0.375,0.8145161290322581,0.11370050839322057,0.20099873131612622,0.37129998640482237,0.5232883849525021
first1,prevalence,S06,144,23,0.1597222222222222,0.1597222222222222,1.0,0.5,0.8402777777777778,0.5,0.0,0.0,0.0,1.0,0.0,0.13510761770484836,0.029943008436546376,0.5
first1,product_propensity,S06,144,23,0.1597222222222222,0.31359588981465114,1.963382962317816,0.6683435141933165,0.5208333333333334,0.5740208408192597,0.30303030303030304,0.19736842105263158,0.6521739130434783,0.49586776859504134,0.10863739930111473,0.12694480125241642,0.03999960119961673,0.1137898845268984
first1,visit_count,S06,144,23,0.1597222222222222,0.1597222222222222,1.0,0.5,0.8402777777777778,0.5,0.0,0.0,0.0,1.0,0.0,0.13510761770484836,0.029943008436546376,0.5
first1,total_dwell,S06,144,23,0.1597222222222222,0.3225460527392858,2.019418764976398,0.5986345670140136,0.8194444444444444,0.5404240028745958,0.1875,0.3333333333333333,0.13043478260869565,0.9504132231404959,0.12235952319503761,0.1385681465603375,0.1094139064205274,0.14856255212499034
first1,logreg_behavior,S06,144,23,0.1597222222222222,0.28356728678183984,1.7753777955036931,0.5779734099892201,0.8194444444444444,0.5580309019044196,0.23529411764705882,0.36363636363636365,0.17391304347826086,0.9421487603305785,0.16007509052674734,0.21467781145981762,0.29091903998351243,0.5677477912598915
first1,logreg_dwell_propensity,S06,144,23,0.1597222222222222,0.41595845380988117,2.6042616238531693,0.6823571685231764,0.8402777777777778,0.5528206970894718,0.20689655172413793,0.5,0.13043478260869565,0.9752066115702479,0.19367588932806323,0.19768706723325627,0.26941977537854706,0.713833355249896
first1,logreg_eeg,S06,144,23,0.1597222222222222,0.2322959290684703,1.4543745124286838,0.5774344232842257,0.8125,0.5186848724398132,0.12903225806451613,0.25,0.08695652173913043,0.9504132231404959,0.05976711442285688,0.20309827447447834,0.2623264592183727,0.5409797963226222
first1,logreg_et,S06,144,23,0.1597222222222222,0.21341639315659142,1.3361722006325725,0.5490477901545096,0.75,0.5695292849443048,0.28,0.25925925925925924,0.30434782608695654,0.8347107438016529,0.13052074646204384,0.22288141247089033,0.2886878195072272,0.5334202774355989
first1,logreg_fusion,S06,144,23,0.1597222222222222,0.26694542224508877,1.671310469708382,0.5824649658641754,0.7708333333333334,0.5467121810995329,0.23255813953488372,0.25,0.21739130434782608,0.8760330578512396,0.09896711365593082,0.20053333863665082,0.24653833790099877,0.5213062874444112
first1,prevalence,S07,128,12,0.09375,0.09375,1.0,0.5,0.90625,0.5,0.0,0.0,0.0,1.0,0.0,0.08637668419352515,0.03762640952210486,0.5
first1,product_propensity,S07,128,12,0.09375,0.3503392447760016,3.7369519442773504,0.7733477011494254,0.7578125,0.6048850574712644,0.24390243902439024,0.1724137931034483,0.4166666666666667,0.7931034482758621,0.14606515959501085,0.0772077328757111,0.054866181267802974,0.181050511310815
first1,visit_count,S07,128,12,0.09375,0.09375,1.0,0.5,0.90625,0.5,0.0,0.0,0.0,1.0,0.0,0.08637668419352515,0.03762640952210486,0.5
first1,total_dwell,S07,128,12,0.09375,0.2379994687763833,2.538661000281422,0.6364942528735632,0.8828125,0.5991379310344828,0.2857142857142857,0.3333333333333333,0.25,0.9482758620689655,0.22604490834610985,0.08295829085856532,0.04400467072849479,0.14862327808578515
first1,logreg_behavior,S07,128,12,0.09375,0.23206113732392933,2.4753187981219127,0.5883620689655172,0.875,0.6695402298850575,0.38461538461538464,0.35714285714285715,0.4166666666666667,0.9224137931034483,0.3166692820873667,0.2434717528630324,0.4053458427036038,0.5815890790661714
first1,logreg_dwell_propensity,S07,128,12,0.09375,0.4131547254021571,4.406983737623009,0.8045977011494253,0.84375,0.7270114942528736,0.4117647058823529,0.3181818181818182,0.5833333333333334,0.8706896551724138,0.35077867847975036,0.22079993816983537,0.38210786343874137,0.6156397123411896
first1,logreg_eeg,S07,128,12,0.09375,0.16700643336621218,1.7814019559062633,0.6587643678160919,0.8984375,0.4956896551724138,0.0,0.0,0.0,0.9913793103448276,-0.02854038109844782,0.23583101995305794,0.3903768141626299,0.6346626824952725
first1,logreg_et,S07,128,12,0.09375,0.17694902083473923,1.8874562222372184,0.6278735632183908,0.6328125,0.5732758620689655,0.2033898305084746,0.1276595744680851,0.5,0.646551724137931,0.0886174219413773,0.25833947026350806,0.41746295270472944,0.5293690335672177
first1,logreg_fusion,S07,128,12,0.09375,0.14850704796747405,1.584075178319723,0.6537356321839081,0.78125,0.5804597701149425,0.2222222222222222,0.16666666666666666,0.3333333333333333,0.8275862068965517,0.12017278061240778,0.2244208432277376,0.3741186440755913,0.5247683706767036
first1,prevalence,S08,143,13,0.09090909090909091,0.09090909090909091,1.0,0.5,0.9090909090909091,0.5,0.0,0.0,0.0,1.0,0.0,0.08429636118894508,0.04064151928473539,0.5
first1,product_propensity,S08,143,13,0.09090909090909091,0.15850505834825862,1.7435556418308449,0.6319526627218935,0.8321678321678322,0.5961538461538461,0.25,0.21052631578947367,0.3076923076923077,0.8846153846153846,0.1628742262678259,0.08520776348374444,0.04046583391723627,0.21386588939959322
first1,visit_count,S08,143,13,0.09090909090909091,0.09090909090909091,1.0,0.5,0.9090909090909091,0.5,0.0,0.0,0.0,1.0,0.0,0.08429636118894508,0.04064151928473539,0.5
first1,total_dwell,S08,143,13,0.09090909090909091,0.19295948513202701,2.122554336452297,0.6284023668639053,0.9090909090909091,0.5,0.0,0.0,0.0,1.0,0.0,0.08438370459935852,0.056301609697023317,0.1485624598061867
first1,logreg_behavior,S08,143,13,0.09090909090909091,0.13921703472118957,1.5313873819330852,0.5636094674556213,0.9020979020979021,0.5307692307692308,0.125,0.3333333333333333,0.07692307692307693,0.9846153846153847,0.12344267996967354,0.18867056643996377,0.32554428540691666,0.564090769724407
first1,logreg_dwell_propensity,S08,143,13,0.09090909090909091,0.17499921615842381,1.924991377742662,0.657396449704142,0.8461538461538461,0.5346153846153846,0.15384615384615385,0.15384615384615385,0.15384615384615385,0.9153846153846154,0.06923076923076923,0.18261636044821208,0.30916763301340894,0.5591854897400321
first1,logreg_eeg,S08,143,13,0.09090909090909091,0.07058853929783164,0.776473932276148,0.33668639053254434,0.8391608391608392,0.46153846153846156,0.0,0.0,0.0,0.9230769230769231,-0.08671099695241201,0.21993330015250384,0.35127280321849097,0.5840408430311792
first1,logreg_et,S08,143,13,0.09090909090909091,0.08888693148679748,0.9777562463547722,0.45384615384615384,0.8391608391608392,0.46153846153846156,0.0,0.0,0.0,0.9230769230769231,-0.08671099695241201,0.1853888395479604,0.30295440886106006,0.5539987334059789
first1,logreg_fusion,S08,143,13,0.09090909090909091,0.07607912795393669,0.8368704074933035,0.3769230769230769,0.7412587412587412,0.4423076923076923,0.05128205128205128,0.038461538461538464,0.07692307692307693,0.8076923076923077,-0.08600261451922268,0.22841405429967557,0.3524287994834594,0.558527190586374
first1,prevalence,S09,131,19,0.1450381679389313,0.1450381679389313,1.0,0.5,0.8549618320610687,0.5,0.0,0.0,0.0,1.0,0.0,0.12422246462577147,0.01484475819681097,0.5
first1,product_propensity,S09,131,19,0.1450381679389313,0.13410882679752545,0.9246450689724124,0.45535714285714285,0.6793893129770993,0.4191729323308271,0.045454545454545456,0.04,0.05263157894736842,0.7857142857142857,-0.14486040457534433,0.13332653985675794,0.09081868231643132,0.17001108688150252
first1,visit_count,S09,131,19,0.1450381679389313,0.1450381679389313,1.0,0.5,0.8549618320610687,0.5,0.0,0.0,0.0,1.0,0.0,0.12422246462577147,0.01484475819681097,0.5
first1,total_dwell,S09,131,19,0.1450381679389313,0.5209974558719486,3.592140353643435,0.7333176691729322,0.8778625954198473,0.731907894736842,0.5555555555555556,0.5882352941176471,0.5263157894736842,0.9375,0.4860203507327455,0.10181913961477503,0.05470361562252615,0.1517570647135847
first1,logreg_behavior,S09,131,19,0.1450381679389313,0.5334481156216073,3.6779843761279243,0.7774906015037594,0.8854961832061069,0.7363721804511278,0.5714285714285714,0.625,0.5263157894736842,0.9464285714285714,0.508397325718425,0.21981450886809256,0.3542270003142662,0.5954460292226968
first1,logreg_dwell_propensity,S09,131,19,0.1450381679389313,0.4612093179231168,3.179916876206753,0.7138157894736841,0.8473282442748091,0.6484962406015038,0.4117647058823529,0.4666666666666667,0.3684210526315789,0.9285714285714286,0.32844045290375107,0.21566842248182552,0.3264877519174721,0.6417706019734455
first1,logreg_eeg,S09,131,19,0.1450381679389313,0.16794455968310315,1.1579335430782376,0.5465225563909775,0.8473282442748091,0.4955357142857143,0.0,0.0,0.0,0.9910714285714286,-0.03612402323862965,0.22955859024368333,0.32045347588782297,0.6043276936486072
first1,logreg_et,S09,131,19,0.1450381679389313,0.346907631316293,2.391836826443915,0.6762218045112782,0.5572519083969466,0.6318139097744361,0.32558139534883723,0.208955223880597,0.7368421052631579,0.5267857142857143,0.18571614537441966,0.27513503156187397,0.401476777335568,0.5362920028117925
first1,logreg_fusion,S09,131,19,0.1450381679389313,0.3255486159912013,2.244572036570914,0.6390977443609023,0.7404580152671756,0.6734022556390977,0.39285714285714285,0.2972972972972973,0.5789473684210527,0.7678571428571429,0.2712724946210479,0.2271917906497321,0.34294062977205225,0.5239047695453811
first1,prevalence,S10,122,17,0.13934426229508196,0.13934426229508196,1.0,0.5,0.860655737704918,0.5,0.0,0.0,0.0,1.0,0.0,0.12000848862004646,0.009002763993633783,0.5
first1,product_propensity,S10,122,17,0.13934426229508196,0.31825599865194654,2.283954813855146,0.6184873949579832,0.7868852459016393,0.6050420168067226,0.3157894736842105,0.2857142857142857,0.35294117647058826,0.8571428571428571,0.1927266725168234,0.11433492734274847,0.043678362763635306,0.1916187527642636
first1,visit_count,S10,122,17,0.13934426229508196,0.13934426229508196,1.0,0.5,0.860655737704918,0.5,0.0,0.0,0.0,1.0,0.0,0.12000848862004646,0.009002763993633783,0.5
first1,total_dwell,S10,122,17,0.13934426229508196,0.20242351725947827,1.4526864179797854,0.47815126050420165,0.860655737704918,0.5,0.0,0.0,0.0,1.0,0.0,0.13073824144727555,0.09813819359451212,0.1485624598061867
first1,logreg_behavior,S10,122,17,0.13934426229508196,0.1946868439764869,1.397164409713612,0.46946778711484594,0.8688524590163934,0.55406162464986,0.2,0.6666666666666666,0.11764705882352941,0.9904761904761905,0.2417709353823302,0.22242757145591333,0.3142884819350151,0.5691665942928474
first1,logreg_dwell_propensity,S10,122,17,0.13934426229508196,0.2607101061219813,1.8709784086401013,0.6134453781512605,0.7704918032786885,0.5462184873949579,0.2222222222222222,0.21052631578947367,0.23529411764705882,0.8571428571428571,0.08828144256783536,0.2076326581729904,0.2891376341715881,0.5672968627830827
first1,logreg_eeg,S10,122,17,0.13934426229508196,0.20775682939254125,1.4909607756405903,0.6028011204481792,0.8524590163934426,0.49523809523809526,0.0,0.0,0.0,0.9904761904761905,-0.0365794461892253,0.20112785807106445,0.2860986635390303,0.6087294475861205
first1,logreg_et,S10,122,17,0.13934426229508196,0.235660760043522,1.691212513253511,0.615686274509804,0.680327868852459,0.592436974789916,0.2909090909090909,0.21052631578947367,0.47058823529411764,0.7142857142857143,0.13824944239027956,0.24396542760766224,0.34680846431705403,0.5520507824874138
first1,logreg_fusion,S10,122,17,0.13934426229508196,0.19739375670461545,1.4165904892919463,0.5355742296918767,0.7868852459016393,0.5557422969187675,0.23529411764705882,0.23529411764705882,0.23529411764705882,0.8761904761904762,0.11148459383753502,0.2411112415662245,0.3268477249995278,0.6192214823256582
first1,prevalence,S12,133,20,0.15037593984962405,0.15037593984962405,1.0,0.5,0.849624060150376,0.5,0.0,0.0,0.0,1.0,0.0,0.1281757169989915,0.02031502978154809,0.5
first1,product_propensity,S12,133,20,0.15037593984962405,0.4448121259518733,2.9580006375799575,0.7440265486725662,0.7293233082706767,0.6761061946902654,0.4,0.3,0.6,0.7522123893805309,0.2745284627637851,0.11329941675757024,0.04306233892063392,0.16593701943724803
first1,visit_count,S12,133,20,0.15037593984962405,0.15037593984962405,1.0,0.5,0.849624060150376,0.5,0.0,0.0,0.0,1.0,0.0,0.1281757169989915,0.02031502978154809,0.5
first1,total_dwell,S12,133,20,0.15037593984962405,0.19055413328346196,1.2671849863350222,0.5745575221238938,0.8120300751879699,0.4778761061946903,0.0,0.0,0.0,0.9557522123893806,-0.08314876315471742,0.1368314399002323,0.09686762088233929,0.14972509539743017
first1,logreg_behavior,S12,133,20,0.15037593984962405,0.20639388378511098,1.3725193271709881,0.6059734513274336,0.8045112781954887,0.4940265486725664,0.07142857142857142,0.125,0.05,0.9380530973451328,-0.01796013284141896,0.21926356108949277,0.3021392005395593,0.5895916254990331
first1,logreg_dwell_propensity,S12,133,20,0.15037593984962405,0.37657369662601237,2.5042150825629825,0.7765486725663717,0.8120300751879699,0.5807522123893805,0.2857142857142857,0.3333333333333333,0.25,0.911504424778761,0.1824954376710866,0.19345814799527353,0.28307420908446335,0.6170417595407321
first1,logreg_eeg,S12,133,20,0.15037593984962405,0.20508219568372726,1.3637966012967864,0.5654867256637168,0.8270676691729323,0.5278761061946903,0.14814814814814814,0.2857142857142857,0.1,0.9557522123893806,0.08924461759630944,0.22346222896269133,0.3011442054960271,0.6045632652038336
first1,logreg_et,S12,133,20,0.15037593984962405,0.18865015993742618,1.254523563583884,0.6119469026548672,0.6541353383458647,0.5084070796460177,0.20689655172413793,0.15789473684210525,0.3,0.7168141592920354,0.013303802104754786,0.2345331111034602,0.32347748153922606,0.5428623597783553
first1,logreg_fusion,S12,133,20,0.15037593984962405,0.1979682793603132,1.3164890577460828,0.6101769911504424,0.7819548872180451,0.5630530973451328,0.2564102564102564,0.2631578947368421,0.25,0.8761061946902655,0.12881350998238617,0.22176848919416173,0.298409938093307,0.5977608555050005
first1,prevalence,S13,117,29,0.24786324786324787,0.24786324786324787,1.0,0.5,0.7521367521367521,0.5,0.0,0.0,0.0,1.0,0.0,0.2007747354853981,0.11978179019979662,0.5
first1,product_propensity,S13,117,29,0.24786324786324787,0.5024303762611375,2.027046690432865,0.7358934169278997,0.7350427350427351,0.67358934169279,0.5079365079365079,0.47058823529411764,0.5517241379310345,0.7954545454545454,0.33015272193550954,0.18217907323675395,0.1190709753617945,0.15501936347554465
first1,visit_count,S13,117,29,0.24786324786324787,0.24786324786324787,1.0,0.5,0.7521367521367521,0.5,0.0,0.0,0.0,1.0,0.0,0.2007747354853981,0.11978179019979662,0.5
first1,total_dwell,S13,117,29,0.24786324786324787,0.4302911413576322,1.736002190994585,0.6422413793103449,0.5641025641025641,0.5483934169278997,0.37037037037037035,0.28846153846153844,0.5172413793103449,0.5795454545454546,0.08410044002583568,0.18985080648336378,0.16616145315890926,0.15015948352108213
first1,logreg_behavior,S13,117,29,0.24786324786324787,0.4302932705034383,1.7360107809966303,0.6598746081504703,0.5641025641025641,0.5715125391849529,0.4,0.30357142857142855,0.5862068965517241,0.5568181818181818,0.12362138314827135,0.3315568826630589,0.37613380275665853,0.5985603674290275
first1,logreg_dwell_propensity,S13,117,29,0.24786324786324787,0.5016235879297541,2.0237917168200426,0.7049373040752351,0.5470085470085471,0.6179467084639498,0.4536082474226804,0.3235294117647059,0.7586206896551724,0.4772727272727273,0.20644466294075361,0.3023453751989857,0.352723300741505,0.5445241964762777
first1,logreg_eeg,S13,117,29,0.24786324786324787,0.2870563305051269,1.158123816175857,0.5199843260188087,0.46153846153846156,0.5380094043887147,0.3883495145631068,0.2702702702702703,0.6896551724137931,0.38636363636363635,0.06807870833716279,0.3224309766759621,0.3647109978911403,0.5891850823594798
first1,logreg_et,S13,117,29,0.24786324786324787,0.39336365019558467,1.5870188645821863,0.6414576802507838,0.48717948717948717,0.5666144200626959,0.4117647058823529,0.2876712328767123,0.7241379310344828,0.4090909090909091,0.11875470187012345,0.2818351629426921,0.31809121629347653,0.5488074426260948
first1,logreg_fusion,S13,117,29,0.24786324786324787,0.29113599143294827,1.1745831378501705,0.563871473354232,0.42735042735042733,0.5615203761755486,0.41739130434782606,0.27906976744186046,0.8275862068965517,0.29545454545454547,0.12038135863670296,0.3321561021150984,0.3714222062801785,0.52466994712718
first1,prevalence,S14,134,9,0.06716417910447761,0.06716417910447761,1.0,0.5,0.9328358208955224,0.5,0.0,0.0,0.0,1.0,0.0,0.06686399508685902,0.06489100813795204,0.5
first1,product_propensity,S14,134,9,0.06716417910447761,0.08746253837053201,1.3022200157390322,0.5768888888888888,0.7611940298507462,0.5111111111111111,0.1111111111111111,0.07407407407407407,0.2222222222222222,0.8,0.013867238230536606,0.07190477840246601,0.0673322717608221,0.18623187247173945
first1,visit_count,S14,134,9,0.06716417910447761,0.06716417910447761,1.0,0.5,0.9328358208955224,0.5,0.0,0.0,0.0,1.0,0.0,0.06686399508685902,0.06489100813795204,0.5
first1,total_dwell,S14,134,9,0.06716417910447761,0.20833373120216717,3.101857775676711,0.608,0.8134328358208955,0.5906666666666667,0.1935483870967742,0.13636363636363635,0.3333333333333333,0.848,0.12252749492659602,0.06310179298564553,0.02402127485192104,0.15175703089382495
first1,logreg_behavior,S14,134,9,0.06716417910447761,0.20995107046206976,3.1259381602130385,0.6271111111111111,0.8059701492537313,0.5866666666666667,0.1875,0.13043478260869565,0.3333333333333333,0.84,0.1150622713264628,0.24111243394322462,0.4208565858322078,0.5883783285526903
first1,logreg_dwell_propensity,S14,134,9,0.06716417910447761,0.20955293180924317,3.1200103180487315,0.6497777777777778,0.8432835820895522,0.5551111111111111,0.16,0.125,0.2222222222222222,0.888,0.08508332019123721,0.23488658334985918,0.3997161045031298,0.6411318362519497
first1,logreg_eeg,S14,134,9,0.06716417910447761,0.107408321523114,1.5991905648996974,0.48177777777777775,0.8955223880597015,0.5315555555555556,0.125,0.14285714285714285,0.1111111111111111,0.952,0.0709955629159723,0.21403866567381483,0.3810312811794336,0.6017369342218414
first1,logreg_et,S14,134,9,0.06716417910447761,0.11479658103081199,1.7091935397920897,0.6266666666666666,0.7089552238805971,0.5346666666666666,0.13333333333333333,0.08333333333333333,0.3333333333333333,0.736,0.03915200912589422,0.24052444821347052,0.41472261060197974,0.5631381210893148
first1,logreg_fusion,S14,134,9,0.06716417910447761,0.12453693453853351,1.8542165809070545,0.536,0.7089552238805971,0.4831111111111111,0.09302325581395349,0.058823529411764705,0.2222222222222222,0.744,-0.01942977971746672,0.20990800332786388,0.3659495234577281,0.533999854828496
first1,prevalence,S15,144,28,0.19444444444444445,0.19444444444444445,1.0,0.5,0.8055555555555556,0.5,0.0,0.0,0.0,1.0,0.0,0.16093427476784164,0.06556273559504577,0.5
first1,product_propensity,S15,144,28,0.19444444444444445,0.35196469661046154,1.8101041539966594,0.7221366995073891,0.7083333333333334,0.6022167487684729,0.36363636363636365,0.3157894736842105,0.42857142857142855,0.7758620689655172,0.18357576139006862,0.15020631694217165,0.08863729481019174,0.16244725738396626
first1,visit_count,S15,144,28,0.19444444444444445,0.19444444444444445,1.0,0.5,0.8055555555555556,0.5,0.0,0.0,0.0,1.0,0.0,0.16093427476784164,0.06556273559504577,0.5
first1,total_dwell,S15,144,28,0.19444444444444445,0.4163294134328856,2.1411226976548403,0.7028940886699507,0.7777777777777778,0.645320197044335,0.42857142857142855,0.42857142857142855,0.42857142857142855,0.8620689655172413,0.29064039408866993,0.1513209143254458,0.10936631843779844,0.15599327371223845
first1,logreg_behavior,S15,144,28,0.19444444444444445,0.40757685680058336,2.096109549260143,0.7032019704433499,0.7708333333333334,0.6545566502463054,0.4406779661016949,0.41935483870967744,0.4642857142857143,0.8448275862068966,0.297649826587638,0.24311548962908475,0.3204430385412003,0.5642194913496833
first1,logreg_dwell_propensity,S15,144,28,0.19444444444444445,0.45352081030442737,2.3323927387084837,0.7854064039408867,0.7916666666666666,0.6403940886699507,0.4230769230769231,0.4583333333333333,0.39285714285714285,0.8879310344827587,0.29818828977281364,0.21949186800022047,0.2958495972473209,0.6593871464475257
first1,logreg_eeg,S15,144,28,0.19444444444444445,0.1691098747256559,0.869707927160516,0.4267241379310345,0.4097222222222222,0.4304187192118227,0.23423423423423423,0.1566265060240964,0.4642857142857143,0.39655172413793105,-0.1114619048729424,0.35614128559271685,0.433147148689617,0.6156176580665407
first1,logreg_et,S15,144,28,0.19444444444444445,0.20333782156459784,1.0457373680465032,0.520628078817734,0.625,0.5775862068965517,0.34146341463414637,0.25925925925925924,0.5,0.6551724137931034,0.1268540658512312,0.2722502735400594,0.32341024284881265,0.5721695803342477
first1,logreg_fusion,S15,144,28,0.19444444444444445,0.21352778452813398,1.0981428918589746,0.523091133004926,0.4097222222222222,0.5252463054187192,0.32,0.20618556701030927,0.7142857142857143,0.33620689655172414,0.04261878276411447,0.31671688323607255,0.39733294271326897,0.5175841996745182
first1,prevalence,S16,142,18,0.1267605633802817,0.1267605633802817,1.0,0.5,0.8732394366197183,0.5,0.0,0.0,0.0,1.0,0.0,0.11070729411683035,0.0038692589775148334,0.5
first1,product_propensity,S16,142,18,0.1267605633802817,0.2962457562312668,2.337049854713327,0.6176075268817204,0.795774647887324,0.5981182795698925,0.2926829268292683,0.2608695652173913,0.3333333333333333,0.8629032258064516,0.17721056762232906,0.10556938989332088,0.03299673818327237,0.19843096457913226
first1,visit_count,S16,142,18,0.1267605633802817,0.1267605633802817,1.0,0.5,0.8732394366197183,0.5,0.0,0.0,0.0,1.0,0.0,0.11070729411683035,0.0038692589775148334,0.5
first1,total_dwell,S16,142,18,0.1267605633802817,0.20995516948318305,1.6563130037006664,0.6592741935483871,0.7746478873239436,0.6097670250896058,0.30434782608695654,0.25,0.3888888888888889,0.8306451612903226,0.18357669361820206,0.1094152497133714,0.04740586009059436,0.1517571177283432
first1,logreg_behavior,S16,142,18,0.1267605633802817,0.21461384473323422,1.6930647751177366,0.6563620071684588,0.7253521126760564,0.6290322580645161,0.3157894736842105,0.23076923076923078,0.5,0.7580645161290323,0.19236429820494022,0.25572065522378123,0.38083180967558294,0.5645786985528287
first1,logreg_dwell_propensity,S16,142,18,0.1267605633802817,0.22506046386016262,1.7754769926746163,0.6980286738351255,0.7535211267605634,0.621415770609319,0.3137254901960784,0.24242424242424243,0.4444444444444444,0.7983870967741935,0.19128546565031554,0.24022383430975075,0.354490086008506,0.604138382643367
first1,logreg_eeg,S16,142,18,0.1267605633802817,0.10194309620674245,0.8042177589643016,0.38306451612903225,0.7605633802816901,0.4592293906810036,0.05555555555555555,0.05555555555555555,0.05555555555555555,0.8629032258064516,-0.08154121863799284,0.26487838820779663,0.38082473679691264,0.5744425645810082
first1,logreg_et,S16,142,18,0.1267605633802817,0.17147988293570754,1.3527857431594705,0.6384408602150538,0.6901408450704225,0.5851254480286738,0.26666666666666666,0.19047619047619047,0.4444444444444444,0.7258064516129032,0.12411145193102324,0.25519059498226737,0.3808015028151855,0.5786056719338726
first1,logreg_fusion,S16,142,18,0.1267605633802817,0.16523992259241588,1.3035593893401698,0.6267921146953405,0.6267605633802817,0.5488351254480286,0.2318840579710145,0.1568627450980392,0.4444444444444444,0.6532258064516129,0.06773351508675328,0.26675506541393823,0.3918111425272129,0.5603021567500095
first1,prevalence,S17,133,21,0.15789473684210525,0.15789473684210525,1.0,0.5,0.8421052631578947,0.5,0.0,0.0,0.0,1.0,0.0,0.13374871563384538,0.028012974033076232,0.5
first1,product_propensity,S17,133,21,0.15789473684210525,0.37250724066479046,2.35921252421034,0.6498724489795918,0.6616541353383458,0.6056547619047619,0.3283582089552239,0.2391304347826087,0.5238095238095238,0.6875,0.1619940964655456,0.12685481668866536,0.04814834763568492,0.1511645962732919
first1,visit_count,S17,133,21,0.15789473684210525,0.15789473684210525,1.0,0.5,0.8421052631578947,0.5,0.0,0.0,0.0,1.0,0.0,0.13374871563384538,0.028012974033076232,0.5
first1,total_dwell,S17,133,21,0.15789473684210525,0.27624816306683475,1.7495716994232868,0.5639880952380952,0.849624060150376,0.5818452380952381,0.2857142857142857,0.5714285714285714,0.19047619047619047,0.9732142857142857,0.26730542827991033,0.13876832339742118,0.10241655456779651,0.14958457338166925
first1,logreg_behavior,S17,133,21,0.15789473684210525,0.28565074198154594,1.8091213658831244,0.5997023809523809,0.849624060150376,0.5818452380952381,0.2857142857142857,0.5714285714285714,0.19047619047619047,0.9732142857142857,0.26730542827991033,0.208063351890188,0.2851208673303108,0.5747198870131394
first1,logreg_dwell_propensity,S17,133,21,0.15789473684210525,0.4023722652398448,2.5483576798523506,0.6420068027210885,0.8421052631578947,0.6547619047619048,0.43243243243243246,0.5,0.38095238095238093,0.9285714285714286,0.3469443332443555,0.1994988846452533,0.26514380601702797,0.6157922850394842
first1,logreg_eeg,S17,133,21,0.15789473684210525,0.24862101214739035,1.5745997436001389,0.570578231292517,0.6466165413533834,0.5580357142857143,0.27692307692307694,0.20454545454545456,0.42857142857142855,0.6875,0.08995444880638914,0.3271301090714513,0.4482892889920166,0.6167204034592555
first1,logreg_et,S17,133,21,0.15789473684210525,0.24836510675328188,1.572979009437452,0.6645408163265306,0.706766917293233,0.5744047619047619,0.2909090909090909,0.23529411764705882,0.38095238095238093,0.7678571428571429,0.12439196542219419,0.22653665199735432,0.31258576543077765,0.5534096606632292
first1,logreg_fusion,S17,133,21,0.15789473684210525,0.23861787866092246,1.511246564852509,0.6649659863945578,0.7218045112781954,0.5639880952380952,0.27450980392156865,0.23333333333333334,0.3333333333333333,0.7946428571428571,0.11165253738558126,0.2420445153100663,0.33597373397255337,0.5838950529207012
first1,prevalence,S18,140,19,0.1357142857142857,0.1357142857142857,1.0,0.5,0.8642857142857143,0.5,0.0,0.0,0.0,1.0,0.0,0.11732412188346551,0.005310698270339476,0.5
first1,product_propensity,S18,140,19,0.1357142857142857,0.4537034947473709,3.3430783823490486,0.7496737712048717,0.7285714285714285,0.6876903001304915,0.3870967741935484,0.27906976744186046,0.631578947368421,0.743801652892562,0.2786898906467548,0.10333944291887447,0.04075088890409847,0.15777338603425559
first1,visit_count,S18,140,19,0.1357142857142857,0.1357142857142857,1.0,0.5,0.8642857142857143,0.5,0.0,0.0,0.0,1.0,0.0,0.11732412188346551,0.005310698270339476,0.5
first1,total_dwell,S18,140,19,0.1357142857142857,0.3374402295634156,2.4864016915199043,0.5861244019138756,0.8214285714285714,0.5639408438451501,0.24242424242424243,0.2857142857142857,0.21052631578947367,0.9173553719008265,0.14599183064490293,0.11328016251908407,0.06425144783623774,0.1485624442673782
first1,logreg_behavior,S18,140,19,0.1357142857142857,0.38080951758171844,2.80596486639161,0.6431056981296216,0.8142857142857143,0.5819921705089169,0.2777777777777778,0.29411764705882354,0.2631578947368421,0.9008264462809917,0.17194709707105765,0.22444357170439413,0.3425085837215691,0.5674955805395946
first1,logreg_dwell_propensity,S18,140,19,0.1357142857142857,0.45535388202465626,3.355239130707994,0.8051326663766856,0.8571428571428571,0.6511526750761201,0.4117647058823529,0.4666666666666667,0.3684210526315789,0.9338842975206612,0.3347454502400747,0.20477750471874673,0.32588374969620515,0.6310387192935893
first1,logreg_eeg,S18,140,19,0.1357142857142857,0.29423645483668054,2.168058088270278,0.6089604175728577,0.30714285714285716,0.5104393214441061,0.23622047244094488,0.1388888888888889,0.7894736842105263,0.23140495867768596,0.01702883293784898,0.299453655827633,0.4296870782176832,0.5336210634608914
first1,logreg_et,S18,140,19,0.1357142857142857,0.2951896961443749,2.175081971590131,0.6381035232709874,0.7,0.6711613745106568,0.36363636363636365,0.2553191489361702,0.631578947368421,0.7107438016528925,0.24826462599543436,0.25326063597622267,0.3696394703838903,0.5629470094621946
first1,logreg_fusion,S18,140,19,0.1357142857142857,0.2511411779277382,1.8505139426254396,0.610265332753371,0.4357142857142857,0.5404523705959112,0.24761904761904763,0.1511627906976744,0.6842105263157895,0.39669421487603307,0.05692425468329564,0.2874680000808283,0.40803824873141137,0.5326407619611259
first1,prevalence,S19,141,12,0.0851063829787234,0.0851063829787234,1.0,0.5,0.9148936170212766,0.5,0.0,0.0,0.0,1.0,0.0,0.0800326503941778,0.04657643008191527,0.5
first1,product_propensity,S19,141,12,0.0851063829787234,0.28289071609505045,3.323965914116843,0.8178294573643411,0.8368794326241135,0.6463178294573644,0.30303030303030304,0.23809523809523808,0.4166666666666667,0.875968992248062,0.22935723979802056,0.07186352663848772,0.05209216826444361,0.19340787392836334
first1,visit_count,S19,141,12,0.0851063829787234,0.0851063829787234,1.0,0.5,0.9148936170212766,0.5,0.0,0.0,0.0,1.0,0.0,0.0800326503941778,0.04657643008191527,0.5
first1,total_dwell,S19,141,12,0.0851063829787234,0.14572515737473168,1.7122705991530973,0.541343669250646,0.8297872340425532,0.5290697674418605,0.14285714285714285,0.125,0.16666666666666666,0.8914728682170543,0.051149575460285514,0.08319067826063599,0.054120446208834355,0.15175698784218483
first1,logreg_behavior,S19,141,12,0.0851063829787234,0.13956283599047636,1.6398633228880972,0.5200258397932815,0.8226950354609929,0.5251937984496124,0.13793103448275862,0.11764705882352941,0.16666666666666666,0.8837209302325582,0.043179123397883455,0.23512841268118817,0.38528168536872764,0.5692661313027005
first1,logreg_dwell_propensity,S19,141,12,0.0851063829787234,0.22924175863829985,2.6935906640000233,0.8010335917312661,0.8014184397163121,0.5891472868217054,0.2222222222222222,0.16666666666666666,0.3333333333333333,0.8449612403100775,0.13238081551107772,0.21270955993248777,0.36424948276591934,0.5615035147735904
first1,logreg_eeg,S19,141,12,0.0851063829787234,0.08017134607063009,0.9420133163299036,0.46447028423772607,0.9078014184397163,0.49612403100775193,0.0,0.0,0.0,0.9922480620155039,-0.025776963111323353,0.21119243628179132,0.3594367416177689,0.5609374136144122
first1,logreg_et,S19,141,12,0.0851063829787234,0.11449740641813813,1.345344525413123,0.5736434108527132,0.7588652482269503,0.5281007751937985,0.15,0.10714285714285714,0.25,0.8062015503875969,0.039311130834626645,0.22031418444270873,0.3659514505844801,0.5676094619904022
first1,logreg_fusion,S19,141,12,0.0851063829787234,0.11765747137490247,1.3824752886551042,0.5852713178294573,0.7943262411347518,0.47189922480620156,0.06451612903225806,0.05263157894736842,0.08333333333333333,0.8604651162790697,-0.04592794974316195,0.19004830451431706,0.3225471981136356,0.5442988658437785
first1,prevalence,S20,144,15,0.10416666666666667,0.10416666666666667,1.0,0.5,0.8958333333333334,0.5,0.0,0.0,0.0,1.0,0.0,0.09404759655073275,0.027048555017052597,0.5
first1,product_propensity,S20,144,15,0.10416666666666667,0.19646277761143485,1.8860426650697746,0.6961240310077519,0.5138888888888888,0.6108527131782946,0.2391304347826087,0.14285714285714285,0.7333333333333333,0.4883720930232558,0.13577944950587045,0.09171283306059477,0.02669598222562039,0.11474542260509081
first1,visit_count,S20,144,15,0.10416666666666667,0.10416666666666667,1.0,0.5,0.8958333333333334,0.5,0.0,0.0,0.0,1.0,0.0,0.09404759655073275,0.027048555017052597,0.5
first1,total_dwell,S20,144,15,0.10416666666666667,0.2957958721045149,2.839640372203343,0.7563307493540051,0.6111111111111112,0.6651162790697673,0.28205128205128205,0.1746031746031746,0.7333333333333333,0.5968992248062015,0.20335159787821755,0.10235801652542705,0.09676766456530052,0.1501594512095009
first1,logreg_behavior,S20,144,15,0.10416666666666667,0.2956136806008087,2.8378913337677636,0.7501291989664083,0.6111111111111112,0.6651162790697673,0.28205128205128205,0.1746031746031746,0.7333333333333333,0.5968992248062015,0.20335159787821755,0.36621978409374056,0.5180008753819949,0.5930862580613212
first1,logreg_dwell_propensity,S20,144,15,0.10416666666666667,0.34181442963631176,3.2814185245085925,0.7839793281653746,0.6875,0.6782945736434108,0.3076923076923077,0.2,0.6666666666666666,0.689922480620155,0.2288019266154875,0.3452872132175437,0.4893085301837247,0.6999875871963372
first1,logreg_eeg,S20,144,15,0.10416666666666667,0.1605513465114828,1.5412929265102349,0.5529715762273901,0.8958333333333334,0.5294573643410853,0.11764705882352941,0.5,0.06666666666666667,0.9922480620155039,0.15378189088436214,0.24535013778790293,0.38942423346692606,0.6143335377720391
first1,logreg_et,S20,144,15,0.10416666666666667,0.23530782294858554,2.258955100306421,0.7281653746770025,0.5416666666666666,0.6852713178294574,0.2826086956521739,0.16883116883116883,0.8666666666666667,0.5038759689922481,0.2269320869363849,0.28124167815018564,0.4394227376653096,0.5516550904757864
first1,logreg_fusion,S20,144,15,0.10416666666666667,0.17856176961419873,1.7141929882963076,0.7049095607235142,0.5,0.6914728682170543,0.28,0.16470588235294117,0.9333333333333333,0.4496124031007752,0.2378714142355144,0.28555345331142157,0.44224131416211826,0.5360729315281629
first1,prevalence,S21,132,23,0.17424242424242425,0.17424242424242425,1.0,0.5,0.8257575757575758,0.5,0.0,0.0,0.0,1.0,0.0,0.14588386232156766,0.04474215556966765,0.5
first1,product_propensity,S21,132,23,0.17424242424242425,0.34943824116990874,2.0054716449751284,0.682289589150379,0.5454545454545454,0.6218587953729557,0.3617021276595745,0.23943661971830985,0.7391304347826086,0.5045871559633027,0.18542571033572994,0.13529195326243487,0.04357881518864705,0.11281163434903048
first1,visit_count,S21,132,23,0.17424242424242425,0.17424242424242425,1.0,0.5,0.8257575757575758,0.5,0.0,0.0,0.0,1.0,0.0,0.14588386232156766,0.04474215556966765,0.5
first1,total_dwell,S21,132,23,0.17424242424242425,0.4809379170117387,2.760165436763022,0.6888711607499003,0.8333333333333334,0.7275628240925409,0.5416666666666666,0.52,0.5652173913043478,0.8899082568807339,0.4406021218165268,0.13268115339153677,0.07827440570459174,0.1501596189829306
first1,logreg_behavior,S21,132,23,0.17424242424242425,0.47408764387941715,2.7208508257427417,0.6858795372955725,0.8106060606060606,0.7138013562026326,0.5098039215686274,0.4642857142857143,0.5652173913043478,0.8623853211009175,0.3967545656145676,0.23211042817077468,0.3270031497270998,0.5616406012233089
first1,logreg_dwell_propensity,S21,132,23,0.17424242424242425,0.5847063963217846,3.3557062745424155,0.7730355005983247,0.803030303030303,0.7092142002393298,0.5,0.4482758620689655,0.5652173913043478,0.8532110091743119,0.3833369736764031,0.21383089716729808,0.3074282755959091,0.6150032993674777
first1,logreg_eeg,S21,132,23,0.17424242424242425,0.2628782894451947,1.5086927915985087,0.6246509772636617,0.75,0.5741922616673315,0.2978723404255319,0.2916666666666667,0.30434782608695654,0.8440366972477065,0.14593124052123782,0.29813454104436815,0.39547737418296236,0.6217576985601309
first1,logreg_et,S21,132,23,0.17424242424242425,0.34967089175557065,2.0068068570319704,0.73713601914639,0.5606060606060606,0.6653370562425209,0.3958333333333333,0.2602739726027397,0.8260869565217391,0.5045871559633027,0.25228412751514134,0.26332038742486835,0.36172464251397707,0.5397300896919061
first1,logreg_fusion,S21,132,23,0.17424242424242425,0.42589949328232796,2.444292744055099,0.7247706422018348,0.7348484848484849,0.6507778220981253,0.4067796610169492,0.3333333333333333,0.5217391304347826,0.7798165137614679,0.25683710239747254,0.26885412271660875,0.3704585544506252,0.6003214479254664
first1,prevalence,S22,136,21,0.15441176470588236,0.15441176470588236,1.0,0.5,0.8455882352941176,0.5,0.0,0.0,0.0,1.0,0.0,0.13116707107679626,0.0244601604757336,0.5
first1,product_propensity,S22,136,21,0.15441176470588236,0.21242251321104738,1.3756886569858306,0.5523809523809524,0.625,0.5252587991718427,0.23880597014925373,0.17391304347826086,0.38095238095238093,0.6695652173913044,0.03858345305621894,0.13349004924276026,0.0662257774450929,0.15025246640254797
first1,visit_count,S22,136,21,0.15441176470588236,0.15441176470588236,1.0,0.5,0.8455882352941176,0.5,0.0,0.0,0.0,1.0,0.0,0.13116707107679626,0.0244601604757336,0.5
first1,total_dwell,S22,136,21,0.15441176470588236,0.32714438065420987,2.1186493223320255,0.662111801242236,0.8308823529411765,0.5302277432712215,0.14814814814814814,0.3333333333333333,0.09523809523809523,0.9652173913043478,0.10637681593374038,0.13417362636779626,0.09548240051627666,0.1500316888863632
first1,logreg_behavior,S22,136,21,0.15441176470588236,0.33974904120893984,2.200279504972182,0.6904761904761905,0.8455882352941176,0.5389233954451346,0.16,0.5,0.09523809523809523,0.9826086956521739,0.16648776394757214,0.20863877098858274,0.294599634214943,0.5752355345853323
first1,logreg_dwell_propensity,S22,136,21,0.15441176470588236,0.2786023081877054,1.8042816149299017,0.6126293995859213,0.8161764705882353,0.5799171842650104,0.2857142857142857,0.35714285714285715,0.23809523809523808,0.9217391304347826,0.19005740882442915,0.209915213775989,0.2747622018682878,0.6304189762686735
first1,logreg_eeg,S22,136,21,0.15441176470588236,0.19015607609968038,1.2314869690265016,0.48364389233954447,0.22794117647058823,0.48509316770186334,0.2553191489361702,0.15,0.8571428571428571,0.11304347826086956,-0.033436692754521165,0.4018811264212178,0.516944643777991,0.6042148707899633
first1,logreg_et,S22,136,21,0.15441176470588236,0.2885853471322041,1.8689336766657025,0.6107660455486541,0.7794117647058824,0.5581780538302278,0.25,0.2631578947368421,0.23809523809523808,0.8782608695652174,0.12127688149424794,0.2076195377611396,0.28063073346441364,0.5478431266597443
first1,logreg_fusion,S22,136,21,0.15441176470588236,0.2550360811442953,1.6516622397916267,0.6016563146997929,0.5,0.5681159420289855,0.2916666666666667,0.18666666666666668,0.6666666666666666,0.46956521739130436,0.09897870815370043,0.3197638458678357,0.43244191896030154,0.5571190847540413
first1,prevalence,S23,144,21,0.14583333333333334,0.14583333333333334,1.0,0.5,0.8541666666666666,0.5,0.0,0.0,0.0,1.0,0.0,0.12481230893785715,0.01569511757314665,0.5
first1,product_propensity,S23,144,21,0.14583333333333334,0.34990805213846665,2.399369500378057,0.6802168021680216,0.7708333333333334,0.648664343786295,0.37735849056603776,0.3125,0.47619047619047616,0.8211382113821138,0.2524149167425064,0.1174882538605104,0.05022580810737088,0.17435792721662582
first1,visit_count,S23,144,21,0.14583333333333334,0.14583333333333334,1.0,0.5,0.8541666666666666,0.5,0.0,0.0,0.0,1.0,0.0,0.12481230893785715,0.01569511757314665,0.5
first1,total_dwell,S23,144,21,0.14583333333333334,0.22306179839547086,1.5295666175689429,0.6374370886566009,0.7013888888888888,0.60801393728223,0.31746031746031744,0.23809523809523808,0.47619047619047616,0.7398373983739838,0.16774410422454056,0.12987599275472247,0.06465216791643819,0.1501594921588316
first1,logreg_behavior,S23,144,21,0.14583333333333334,0.2296233844228094,1.5745603503278358,0.645954316686024,0.6805555555555556,0.6155632984901278,0.3235294117647059,0.23404255319148937,0.5238095238095238,0.7073170731707317,0.17397118911748224,0.2771849788688886,0.38562396480116234,0.5740443745350483
first1,logreg_dwell_propensity,S23,144,21,0.14583333333333334,0.26824208421896595,1.839374291787195,0.6957026713124274,0.6319444444444444,0.6265969802555169,0.3291139240506329,0.22413793103448276,0.6190476190476191,0.6341463414634146,0.18220165723780804,0.2578213679013272,0.3629199726126463,0.5513239316026315
first1,logreg_eeg,S23,144,21,0.14583333333333334,0.22657364376230085,1.5536478429414915,0.6728610143244289,0.7361111111111112,0.5296167247386759,0.20833333333333334,0.18518518518518517,0.23809523809523808,0.8211382113821138,0.05356170765941946,0.28572667121880424,0.4074428136763408,0.608558227949627
first1,logreg_et,S23,144,21,0.14583333333333334,0.20317626947164982,1.3932087049484558,0.6558265582655827,0.6736111111111112,0.6114982578397212,0.3188405797101449,0.22916666666666666,0.5238095238095238,0.6991869918699187,0.16695677422593644,0.2506360352763172,0.36003094540977343,0.5638544811028172
first1,logreg_fusion,S23,144,21,0.14583333333333334,0.2324943256903675,1.5942468047339484,0.6914440572977157,0.6458333333333334,0.6544715447154472,0.35443037974683544,0.2413793103448276,0.6666666666666666,0.6422764227642277,0.2223194533268667,0.2641221914073321,0.3789211608920745,0.5681409198836697
first1,prevalence,S24,144,18,0.125,0.125,1.0,0.5,0.875,0.5,0.0,0.0,0.0,1.0,0.0,0.10940722513544816,0.005676718721952967,0.5
first1,product_propensity,S24,144,18,0.125,0.28482425859137456,2.2785940687309965,0.6741622574955908,0.7569444444444444,0.5992063492063492,0.2857142857142857,0.22580645161290322,0.3888888888888889,0.8095238095238095,0.15965073416229442,0.10506543073184257,0.035859857134351136,0.17458480805880752
first1,visit_count,S24,144,18,0.125,0.125,1.0,0.5,0.875,0.5,0.0,0.0,0.0,1.0,0.0,0.10940722513544816,0.005676718721952967,0.5
first1,total_dwell,S24,144,18,0.125,0.25721437732683355,2.0577150186146684,0.5875220458553791,0.75,0.5714285714285714,0.25,0.2,0.3333333333333333,0.8095238095238095,0.1163350101494222,0.10842663671571334,0.08252339233849294,0.15015950591524738
first1,logreg_behavior,S24,144,18,0.125,0.2506907947832842,2.0055263582662737,0.562610229276896,0.7361111111111112,0.5634920634920635,0.24,0.1875,0.3333333333333333,0.7936507936507936,0.10101525445522108,0.2472704485503856,0.3632806142365632,0.5678368731658282
first1,logreg_dwell_propensity,S24,144,18,0.125,0.2831583074484302,2.2652664595874414,0.705026455026455,0.7986111111111112,0.5753968253968254,0.2564102564102564,0.23809523809523808,0.2777777777777778,0.873015873015873,0.1413000702801674,0.2279234231781848,0.34211339204972235,0.6674518621851332
first1,logreg_eeg,S24,144,18,0.125,0.15767435285760656,1.2613948228608525,0.5396825396825397,0.875,0.5,0.0,0.0,0.0,1.0,0.0,0.17060727922726976,0.244883398247453,0.6100671776050687
first1,logreg_et,S24,144,18,0.125,0.20731080705575722,1.6584864564460577,0.5480599647266314,0.5277777777777778,0.5396825396825398,0.22727272727272727,0.14285714285714285,0.5555555555555556,0.5238095238095238,0.0525153301495577,0.2883474823576793,0.4227867851479291,0.5475375884872993
first1,logreg_fusion,S24,144,18,0.125,0.1692269616081416,1.3538156928651328,0.5485008818342152,0.8055555555555556,0.5079365079365079,0.125,0.14285714285714285,0.1111111111111111,0.9047619047619048,0.017719247798458352,0.18991707007504377,0.2737503165800964,0.538743361436932
first1,prevalence,S25,140,7,0.05,0.05,1.0,0.5,0.95,0.5,0.0,0.0,0.0,1.0,0.0,0.05431550202095356,0.08255605381165919,0.5
first1,product_propensity,S25,140,7,0.05,0.1472349889532552,2.944699779065104,0.7959183673469388,0.7071428571428572,0.6428571428571428,0.16326530612244897,0.09523809523809523,0.5714285714285714,0.7142857142857143,0.13588424731590598,0.053864556280284706,0.08201141003167517,0.15876152832674573
first1,visit_count,S25,140,7,0.05,0.05,1.0,0.5,0.95,0.5,0.0,0.0,0.0,1.0,0.0,0.05431550202095356,0.08255605381165919,0.5
first1,total_dwell,S25,140,7,0.05,0.19706150858611843,3.9412301717223683,0.8018259935553168,0.9428571428571428,0.5639097744360902,0.2,0.3333333333333333,0.14285714285714285,0.9849624060150376,0.19237614156586572,0.04504939924218946,0.01461655710549839,0.15175700365520764
first1,logreg_behavior,S25,140,7,0.05,0.15164105101480638,3.032821020296127,0.7164339419978518,0.9428571428571428,0.5639097744360902,0.2,0.3333333333333333,0.14285714285714285,0.9849624060150376,0.19237614156586572,0.18639596728451718,0.3792278857856454,0.5786404539188335
first1,logreg_dwell_propensity,S25,140,7,0.05,0.27746057691773873,5.549211538354775,0.8045112781954886,0.95,0.5676691729323308,0.2222222222222222,0.5,0.14285714285714285,0.9924812030075187,0.24856567949974837,0.17763827692413356,0.3587592694502328,0.6789308677965005
first1,logreg_eeg,S25,140,7,0.05,0.06882555928804863,1.3765111857609726,0.556390977443609,0.9357142857142857,0.4924812030075188,0.0,0.0,0.0,0.9849624060150376,-0.027618408833305377,0.1684355980625424,0.3426704847950233,0.5587932522057024
first1,logreg_et,S25,140,7,0.05,0.07814909639939374,1.5629819279878747,0.5746509129967776,0.8857142857142857,0.5338345864661654,0.1111111111111111,0.09090909090909091,0.14285714285714285,0.924812030075188,0.05481185639664855,0.18329571033004696,0.35934303405565704,0.5631682286390849
first1,logreg_fusion,S25,140,7,0.05,0.11986957227004066,2.397391445400813,0.49946294307196565,0.9,0.5413533834586466,0.125,0.1111111111111111,0.14285714285714285,0.9398496240601504,0.0734952010263456,0.1311500828004333,0.2711057059190901,0.525453485817821
first1,prevalence,S26,135,33,0.24444444444444444,0.24444444444444444,1.0,0.5,0.7555555555555555,0.5,0.0,0.0,0.0,1.0,0.0,0.19830246913580246,0.11666666666666667,0.5
first1,product_propensity,S26,135,33,0.24444444444444444,0.410829091158432,1.6806644638299493,0.6495840760546643,0.6444444444444445,0.5392156862745098,0.3142857142857143,0.2972972972972973,0.3333333333333333,0.7450980392156863,0.07556713746738138,0.18810000918621025,0.11891007958222727,0.1579081611663746
first1,visit_count,S26,135,33,0.24444444444444444,0.24444444444444444,1.0,0.5,0.7555555555555555,0.5,0.0,0.0,0.0,1.0,0.0,0.19830246913580246,0.11666666666666667,0.5
first1,total_dwell,S26,135,33,0.24444444444444444,0.2936520517756915,1.2013038481732834,0.5332739156268568,0.7407407407407407,0.5311942959001783,0.18604651162790697,0.4,0.12121212121212122,0.9411764705882353,0.1023781393777983,0.2210203293910411,0.1979527497361739,0.15175704862634762
first1,logreg_behavior,S26,135,33,0.24444444444444444,0.26437773047486485,1.081545261033538,0.47697563874034465,0.7333333333333333,0.5262923351158646,0.18181818181818182,0.36363636363636365,0.12121212121212122,0.9313725490196079,0.08260551162360942,0.23080208460498325,0.19554808601855847,0.5679244325364836
first1,logreg_dwell_propensity,S26,135,33,0.24444444444444444,0.33503223021320616,1.3705863963267526,0.6571598336304219,0.725925925925926,0.5111408199643493,0.13953488372093023,0.3,0.09090909090909091,0.9313725490196079,0.036563621206356534,0.20921606798635217,0.17598156884455432,0.6130945978170751
first1,logreg_eeg,S26,135,33,0.24444444444444444,0.22365089627370047,0.9149354847560474,0.41948900772430187,0.6518518518518519,0.47237076648841353,0.14545454545454545,0.18181818181818182,0.12121212121212122,0.8235294117647058,-0.06429916397947517,0.2686183381621636,0.2716753932406469,0.570099854407619
first1,logreg_et,S26,135,33,0.24444444444444444,0.25567716915574235,1.0459520556371278,0.512774806892454,0.6296296296296297,0.5294117647058824,0.3055555555555556,0.28205128205128205,0.3333333333333333,0.7254901960784313,0.05577508160914502,0.24114436267018666,0.22495401951572175,0.5343896008893315
first1,logreg_fusion,S26,135,33,0.24444444444444444,0.24212723443168352,0.9905205044932508,0.47207367795603095,0.5037037037037037,0.4563279857397505,0.26373626373626374,0.20689655172413793,0.36363636363636365,0.5490196078431373,-0.07582822939263996,0.2779065853625922,0.26931647878454723,0.5481972506369347
first1,prevalence,S27,127,10,0.07874015748031496,0.07874015748031496,1.0,0.5,0.9212598425196851,0.5,0.0,0.0,0.0,1.0,0.0,0.07534603498959062,0.05297065139584825,0.5
first1,product_propensity,S27,127,10,0.07874015748031496,0.21362350751152542,2.713018545396373,0.6555555555555556,0.7559055118110236,0.5017094017094017,0.11428571428571428,0.08,0.2,0.8034188034188035,0.002315778247639583,0.07396242123891458,0.06368567260190314,0.18572798564600704
first1,visit_count,S27,127,10,0.07874015748031496,0.07874015748031496,1.0,0.5,0.9212598425196851,0.5,0.0,0.0,0.0,1.0,0.0,0.07534603498959062,0.05297065139584825,0.5
first1,total_dwell,S27,127,10,0.07874015748031496,0.618767635872899,7.858348975585817,0.8927350427350428,0.8976377952755905,0.7158119658119658,0.43478260869565216,0.38461538461538464,0.5,0.9316239316239316,0.3835079272671047,0.0546719311993375,0.04155874803555548,0.14898416113250879
first1,logreg_behavior,S27,127,10,0.07874015748031496,0.5944540644540645,7.549566618566619,0.8598290598290599,0.8976377952755905,0.7158119658119658,0.43478260869565216,0.38461538461538464,0.5,0.9316239316239316,0.3835079272671047,0.20760262611851893,0.40205562926011906,0.5809475203935758
first1,logreg_dwell_propensity,S27,127,10,0.07874015748031496,0.6470931029754559,8.21808240778829,0.8333333333333333,0.8110236220472441,0.7602564102564102,0.3684210526315789,0.25,0.7,0.8205128205128205,0.33816429343602994,0.20369619362199043,0.3886885926118558,0.5569980356617076
first1,logreg_eeg,S27,127,10,0.07874015748031496,0.10640283140261224,1.3513159588131753,0.5341880341880342,0.7007874015748031,0.5632478632478632,0.17391304347826086,0.1111111111111111,0.4,0.7264957264957265,0.0755956556331155,0.24521535137937886,0.41171100454103,0.5283889061221738
first1,logreg_et,S27,127,10,0.07874015748031496,0.18240450553777934,2.316537220329798,0.6854700854700855,0.6929133858267716,0.6961538461538461,0.2641509433962264,0.16279069767441862,0.7,0.6923076923076923,0.22327797455822052,0.26060543798951,0.433047901903943,0.5507411285634325
first1,logreg_fusion,S27,127,10,0.07874015748031496,0.26418787214253303,3.3551859762101697,0.7017094017094017,0.7244094488188977,0.7132478632478632,0.2857142857142857,0.1794871794871795,0.7,0.7264957264957265,0.24901985457474357,0.2583324238375315,0.4284749129159843,0.5894075456073422
first1,prevalence,S28,129,16,0.12403100775193798,0.12403100775193798,1.0,0.5,0.875968992248062,0.5,0.0,0.0,0.0,1.0,0.0,0.10869157721106365,0.0066528447364257726,0.5
first1,product_propensity,S28,129,16,0.12403100775193798,0.29849999321979614,2.4066561953346066,0.7599557522123894,0.5503875968992248,0.6628871681415929,0.30952380952380953,0.19117647058823528,0.8125,0.5132743362831859,0.21507835583614515,0.10155243731434987,0.05980275800182822,0.11633990645037462
first1,visit_count,S28,129,16,0.12403100775193798,0.12403100775193798,1.0,0.5,0.875968992248062,0.5,0.0,0.0,0.0,1.0,0.0,0.10869157721106365,0.0066528447364257726,0.5
first1,total_dwell,S28,129,16,0.12403100775193798,0.4695956404656181,3.786114851254046,0.7696349557522124,0.8992248062015504,0.620575221238938,0.38095238095238093,0.8,0.25,0.9911504424778761,0.4118048256002687,0.10353021248143536,0.06965585466635357,0.15015962515275164
first1,logreg_behavior,S28,129,16,0.12403100775193798,0.504315576067534,4.066044332044493,0.7638274336283186,0.8992248062015504,0.6474004424778761,0.43478260869565216,0.7142857142857143,0.3125,0.9823008849557522,0.4289424821846576,0.1972395940272708,0.31942153618780117,0.56609793520697
first1,logreg_dwell_propensity,S28,129,16,0.12403100775193798,0.5189408281935456,4.183960427310462,0.8589601769911505,0.8837209302325582,0.7190265486725664,0.5161290322580645,0.5333333333333333,0.5,0.9380530973451328,0.4504306276768096,0.17999904951785842,0.31244173728017044,0.5655229002842896
first1,logreg_eeg,S28,129,16,0.12403100775193798,0.14544100829982803,1.1726181294173634,0.47621681415929207,0.8604651162790697,0.5179756637168141,0.1,0.25,0.0625,0.9734513274336283,0.06836426381064659,0.21397280237080998,0.3140244184914254,0.58772520854491
first1,logreg_et,S28,129,16,0.12403100775193798,0.23396408706311733,1.8863354519463835,0.6078539823008849,0.7209302325581395,0.5992809734513274,0.28,0.20588235294117646,0.4375,0.7610619469026548,0.14855729204946175,0.23688320061901735,0.36238922970852755,0.5386796097042894
first1,logreg_fusion,S28,129,16,0.12403100775193798,0.16545979874370287,1.3340196273711045,0.5879424778761062,0.7131782945736435,0.5680309734513274,0.24489795918367346,0.18181818181818182,0.375,0.7610619469026548,0.1027882110529031,0.23502018666587254,0.3471900991900656,0.554638041445073
first1,prevalence,S29,136,14,0.10294117647058823,0.10294117647058823,1.0,0.5,0.8970588235294118,0.5,0.0,0.0,0.0,1.0,0.0,0.09314320839551185,0.02826513290385163,0.5
first1,product_propensity,S29,136,14,0.10294117647058823,0.2434382186847691,2.364828410080614,0.7148711943793912,0.7647058823529411,0.7107728337236534,0.36,0.25,0.6428571428571429,0.7786885245901639,0.29036035109749636,0.09051607445268595,0.08279315622661135,0.1675491731699541
first1,visit_count,S29,136,14,0.10294117647058823,0.10294117647058823,1.0,0.5,0.8970588235294118,0.5,0.0,0.0,0.0,1.0,0.0,0.09314320839551185,0.02826513290385163,0.5
first1,total_dwell,S29,136,14,0.10294117647058823,0.30906157887744046,3.0023124805237074,0.7494145199063231,0.8970588235294118,0.563231850117096,0.2222222222222222,0.5,0.14285714285714285,0.9836065573770492,0.2274536218568652,0.08955227633811899,0.05360817366441384,0.15175705575591858
first1,logreg_behavior,S29,136,14,0.10294117647058823,0.2735656563885922,2.6574949477748957,0.688231850117096,0.8897058823529411,0.5591334894613583,0.21052631578947367,0.4,0.14285714285714285,0.9754098360655737,0.190979515077454,0.22254451172623316,0.3677872067940073,0.5871786601352191
first1,logreg_dwell_propensity,S29,136,14,0.10294117647058823,0.35879371970288154,3.4854247056851353,0.7295081967213115,0.875,0.5825526932084308,0.2608695652173913,0.3333333333333333,0.21428571428571427,0.9508196721311475,0.20182829897112411,0.20835025922806366,0.3477200394563926,0.6360711313238586
first1,logreg_eeg,S29,136,14,0.10294117647058823,0.14849757488902798,1.4425478703505576,0.5281030444964872,0.875,0.5193208430913349,0.10526315789473684,0.2,0.07142857142857142,0.9672131147540983,0.062399247500554283,0.23777828673128235,0.37869846589386363,0.5947578672465168
first1,logreg_et,S29,136,14,0.10294117647058823,0.15665622121007838,1.5218032917550472,0.556791569086651,0.7426470588235294,0.6036299765807962,0.2553191489361702,0.18181818181818182,0.42857142857142855,0.7786885245901639,0.14692095632627405,0.2475676370400878,0.3911216725467603,0.536585486259142
first1,logreg_fusion,S29,136,14,0.10294117647058823,0.1677375968035033,1.6294509403768893,0.5825526932084308,0.8308823529411765,0.5579625292740047,0.20689655172413793,0.2,0.21428571428571427,0.9016393442622951,0.11245608041995418,0.23731471314051275,0.3795860806018235,0.5621373677192
first1,prevalence,S30,131,20,0.15267175572519084,0.15267175572519084,1.0,0.5,0.8473282442748091,0.5,0.0,0.0,0.0,1.0,0.0,0.1298764498213862,0.022657429077626384,0.5
first1,product_propensity,S30,131,20,0.15267175572519084,0.192662713111638,1.2619407708812287,0.5148648648648648,0.7404580152671756,0.49842342342342344,0.15,0.15,0.15,0.8468468468468469,-0.003153153153153153,0.1333040713129489,0.0564994825493425,0.1955243360560778
first1,visit_count,S30,131,20,0.15267175572519084,0.15267175572519084,1.0,0.5,0.8473282442748091,0.5,0.0,0.0,0.0,1.0,0.0,0.1298764498213862,0.022657429077626384,0.5
first1,total_dwell,S30,131,20,0.15267175572519084,0.32166104514413096,2.1068798456940576,0.6355855855855856,0.8549618320610687,0.5659909909909909,0.24,0.6,0.15,0.9819819819819819,0.24775410467254905,0.13232902348740674,0.09969988356677273,0.15015962515275164
first1,logreg_behavior,S30,131,20,0.15267175572519084,0.3440808615369788,2.2537296430672114,0.6822072072072074,0.8625954198473282,0.590990990990991,0.3076923076923077,0.6666666666666666,0.2,0.9819819819819819,0.31309364035001996,0.2077870261000169,0.29730616896462214,0.5868389820853657
first1,logreg_dwell_propensity,S30,131,20,0.15267175572519084,0.25822534964905,1.6913760402012772,0.6175675675675676,0.816793893129771,0.522972972972973,0.14285714285714285,0.25,0.1,0.9459459459459459,0.06901224180380666,0.2096896765607277,0.2775901110380513,0.6413521680651286
first1,logreg_eeg,S30,131,20,0.15267175572519084,0.15559468652133265,1.019145196714729,0.43243243243243246,0.6717557251908397,0.4783783783783784,0.1568627450980392,0.12903225806451613,0.2,0.7567567567567568,-0.036594338321796635,0.31252517218202747,0.42650269585139444,0.6133883225829786
first1,logreg_et,S30,131,20,0.15267175572519084,0.25378106593700356,1.6622659818873733,0.6270270270270271,0.7709923664122137,0.5369369369369369,0.21052631578947367,0.2222222222222222,0.2,0.8738738738738738,0.0771777097143525,0.1938591722174739,0.25744386618755916,0.5394954625126221
first1,logreg_fusion,S30,131,20,0.15267175572519084,0.21146815804312263,1.3851164351824532,0.5878378378378378,0.8015267175572519,0.4934684684684685,0.07142857142857142,0.125,0.05,0.9369369369369369,-0.019621127571670522,0.2050486678886176,0.2685648857813195,0.5983770851114876
first1,prevalence,S31,141,25,0.1773049645390071,0.1773049645390071,1.0,0.5,0.8226950354609929,0.5,0.0,0.0,0.0,1.0,0.0,0.14816753937242583,0.047954408385436964,0.5
first1,product_propensity,S31,141,25,0.1773049645390071,0.3108989596393461,1.7534701323659119,0.585,0.5886524822695035,0.5774137931034483,0.32558139534883723,0.22950819672131148,0.56,0.5948275862068966,0.11935412439295907,0.14355570896527914,0.055096940979351715,0.13081838796124512
first1,visit_count,S31,141,25,0.1773049645390071,0.1773049645390071,1.0,0.5,0.8226950354609929,0.5,0.0,0.0,0.0,1.0,0.0,0.14816753937242583,0.047954408385436964,0.5
first1,total_dwell,S31,141,25,0.1773049645390071,0.5929603306997728,3.3442962651467187,0.7479310344827587,0.851063829787234,0.6741379310344828,0.4878048780487805,0.625,0.4,0.9482758620689655,0.4193796732613868,0.13816559671002485,0.10578249268678204,0.14856250825070744
first1,logreg_behavior,S31,141,25,0.1773049645390071,0.5673893204320224,3.2000757672366063,0.7687931034482759,0.851063829787234,0.6741379310344828,0.4878048780487805,0.625,0.4,0.9482758620689655,0.4193796732613868,0.20491019523452966,0.3141655043218228,0.5706425931345795
first1,logreg_dwell_propensity,S31,141,25,0.1773049645390071,0.5305054390914768,2.9920506764759294,0.7179310344827586,0.8297872340425532,0.6612068965517242,0.45454545454545453,0.5263157894736842,0.4,0.9224137931034483,0.36062505448010207,0.19844181964737118,0.27592445928585346,0.6186150327538887
first1,logreg_eeg,S31,141,25,0.1773049645390071,0.15949056140026774,0.89952676629751,0.44517241379310346,0.7588652482269503,0.476896551724138,0.05555555555555555,0.09090909090909091,0.04,0.9137931034482759,-0.06580180103562662,0.24147088475398013,0.2952555826737444,0.5691819316201276
first1,logreg_et,S31,141,25,0.1773049645390071,0.36856055678250493,2.078681540253328,0.626206896551724,0.7588652482269503,0.6494827586206897,0.41379310344827586,0.36363636363636365,0.48,0.8189655172413793,0.26968155944373645,0.24651193365293902,0.31790083256356,0.560328146680881
first1,logreg_fusion,S31,141,25,0.1773049645390071,0.25882116160705054,1.459751351463765,0.5320689655172415,0.6737588652482269,0.5663793103448276,0.30303030303030304,0.24390243902439024,0.4,0.7327586206896551,0.11165284718390525,0.22887038428389236,0.28971182848638277,0.5131988896576868
first1,prevalence,S32,144,17,0.11805555555555555,0.11805555555555555,1.0,0.5,0.8819444444444444,0.5,0.0,0.0,0.0,1.0,0.0,0.10428229836079929,0.012800664153652885,0.5
first1,product_propensity,S32,144,17,0.11805555555555555,0.20394300424593792,1.7275172124361802,0.603056970819824,0.7430555555555556,0.5231588698471514,0.17777777777777778,0.14285714285714285,0.23529411764705882,0.8110236220472441,0.037762928695899534,0.1035439007373746,0.03761712023210982,0.17458480805880752
first1,visit_count,S32,144,17,0.11805555555555555,0.11805555555555555,1.0,0.5,0.8819444444444444,0.5,0.0,0.0,0.0,1.0,0.0,0.10428229836079929,0.012800664153652885,0.5
first1,total_dwell,S32,144,17,0.11805555555555555,0.3273556914359389,2.7728952686338353,0.6558591940713294,0.8472222222222222,0.7095877721167207,0.45,0.391304347826087,0.5294117647058824,0.889763779527559,0.3692033686083575,0.09607326381037937,0.04727989923622528,0.1501594374530851
first1,logreg_behavior,S32,144,17,0.11805555555555555,0.3265466684005405,2.7660423676281076,0.6528485409911997,0.8402777777777778,0.705650764242705,0.43902439024390244,0.375,0.5294117647058824,0.8818897637795275,0.3561151095966042,0.22192045353570386,0.3568240570752697,0.5665182487500174
first1,logreg_dwell_propensity,S32,144,17,0.11805555555555555,0.32511420906148963,2.7539085944032062,0.7044928207503474,0.8402777777777778,0.6547012505789718,0.3783783783783784,0.35,0.4117647058823529,0.8976377952755905,0.2886850546803015,0.2130334394860022,0.33572291067746846,0.6434336145210923
first1,logreg_eeg,S32,144,17,0.11805555555555555,0.2298780194529094,1.9472020471305267,0.5900880037054193,0.5694444444444444,0.5521074571560908,0.225,0.14285714285714285,0.5294117647058824,0.5748031496062992,0.06778653154249595,0.2640254346094149,0.4006508038704647,0.528564951768369
first1,logreg_et,S32,144,17,0.11805555555555555,0.23304535784077965,1.974031266416016,0.6776285317276518,0.7152777777777778,0.6602593793422882,0.32786885245901637,0.22727272727272727,0.5882352941176471,0.7322834645669292,0.22451917361417587,0.2434793785031252,0.37735945303048873,0.5629246111490827
first1,logreg_fusion,S32,144,17,0.11805555555555555,0.2780222628074045,2.35501210848625,0.7225567392311255,0.5277777777777778,0.6049096804075962,0.2608695652173913,0.16,0.7058823529411765,0.5039370078740157,0.13552415364828327,0.27298821616239916,0.4162398168652888,0.5231296719613658
first1,prevalence,S33,124,21,0.1693548387096774,0.1693548387096774,1.0,0.5,0.8306451612903226,0.5,0.0,0.0,0.0,1.0,0.0,0.14224845038048264,0.039682150460705806,0.5
first1,product_propensity,S33,124,21,0.1693548387096774,0.21091569303384577,1.2454069493427085,0.5460009246417014,0.7096774193548387,0.5409153952843273,0.25,0.2222222222222222,0.2857142857142857,0.7961165048543689,0.07436648547660937,0.14373754460491134,0.060736434111840654,0.18168080902010925
first1,visit_count,S33,124,21,0.1693548387096774,0.1693548387096774,1.0,0.5,0.8306451612903226,0.5,0.0,0.0,0.0,1.0,0.0,0.14224845038048264,0.039682150460705806,0.5
first1,total_dwell,S33,124,21,0.1693548387096774,0.49041467933120486,2.895781916050924,0.7408691631992602,0.8387096774193549,0.6375404530744336,0.4117647058823529,0.5384615384615384,0.3333333333333333,0.941747572815534,0.336787171463659,0.13533539270143363,0.09654226415007156,0.15175671513609515
first1,logreg_behavior,S33,124,21,0.1693548387096774,0.47564492340825576,2.808570023934463,0.7524271844660194,0.8225806451612904,0.608876560332871,0.35294117647058826,0.46153846153846156,0.2857142857142857,0.9320388349514563,0.26659959287291324,0.213506565569071,0.3011909278690556,0.5780945899258718
first1,logreg_dwell_propensity,S33,124,21,0.1693548387096774,0.4081169286778804,2.4098332931455797,0.6643550624133149,0.7258064516129032,0.6074895977808599,0.34615384615384615,0.2903225806451613,0.42857142857142855,0.7864077669902912,0.18620973068096466,0.21618169926560704,0.2863107984161686,0.558832604947286
first1,logreg_eeg,S33,124,21,0.1693548387096774,0.23240439784806205,1.3722926349123665,0.5806749884419786,0.532258064516129,0.5857605177993528,0.32558139534883723,0.2153846153846154,0.6666666666666666,0.5048543689320388,0.12881397015339796,0.32457019796416336,0.42867246700898276,0.6000477039068628
first1,logreg_et,S33,124,21,0.1693548387096774,0.4291295165018403,2.5339076212489617,0.6634304207119741,0.6612903225806451,0.6255201109570041,0.36363636363636365,0.26666666666666666,0.5714285714285714,0.6796116504854369,0.19581761980179435,0.2333904133273145,0.3192677113287851,0.5395088659689097
first1,logreg_fusion,S33,124,21,0.1693548387096774,0.41842808093584316,2.470718192192598,0.6370781322237633,0.6854838709677419,0.6211280628756357,0.36065573770491804,0.275,0.5238095238095238,0.7184466019417476,0.19437185910313814,0.2840492119149491,0.38699690571869666,0.6206717332180042
first1,prevalence,S34,138,22,0.15942028985507245,0.15942028985507245,1.0,0.5,0.8405797101449275,0.5,0.0,0.0,0.0,1.0,0.0,0.13488170337521144,0.029601390805404165,0.5
first1,product_propensity,S34,138,22,0.15942028985507245,0.2833801911290434,1.7775666534458179,0.6328369905956113,0.6956521739130435,0.5795454545454546,0.3,0.23684210526315788,0.4090909090909091,0.75,0.1303748735589124,0.1297877655581745,0.04533944746127435,0.1628633523499049
first1,visit_count,S34,138,22,0.15942028985507245,0.15942028985507245,1.0,0.5,0.8405797101449275,0.5,0.0,0.0,0.0,1.0,0.0,0.13488170337521144,0.029601390805404165,0.5
first1,total_dwell,S34,138,22,0.15942028985507245,0.23888973273661762,1.4984901417115106,0.581896551724138,0.8260869565217391,0.5097962382445141,0.07692307692307693,0.25,0.045454545454545456,0.9741379310344828,0.04275109810170828,0.14399292274460443,0.11272391888806726,0.15175699031011325
first1,logreg_behavior,S34,138,22,0.15942028985507245,0.24891066289086244,1.5613487035881373,0.6379310344827587,0.8043478260869565,0.515282131661442,0.12903225806451613,0.2222222222222222,0.09090909090909091,0.9396551724137931,0.04531460073508672,0.21559076737773322,0.2924273933263093,0.5788118863181364
first1,logreg_dwell_propensity,S34,138,22,0.15942028985507245,0.3169635698184367,1.9882260288611031,0.6833855799373041,0.7898550724637681,0.5619122257053292,0.2564102564102564,0.29411764705882354,0.22727272727272727,0.896551724137931,0.1379207473346261,0.20019871763645458,0.27003829938473284,0.5915373559960468
first1,logreg_eeg,S34,138,22,0.15942028985507245,0.16151293932674202,1.0131266194132,0.4384796238244513,0.5797101449275363,0.43691222570532917,0.14705882352941177,0.10869565217391304,0.22727272727272727,0.646551724137931,-0.0979811894172745,0.24543956905750414,0.3207008549827436,0.5171148105887367
first1,logreg_et,S34,138,22,0.15942028985507245,0.19178790582711902,1.2030332274610194,0.5595611285266457,0.6014492753623188,0.5971786833855799,0.32098765432098764,0.22033898305084745,0.5909090909090909,0.603448275862069,0.143814206703931,0.2624145822178976,0.34513743984682094,0.5433705518964611
first1,logreg_fusion,S34,138,22,0.15942028985507245,0.1891339566127036,1.1863857278433227,0.5282131661442007,0.6739130434782609,0.5666144200626959,0.2857142857142857,0.21951219512195122,0.4090909090909091,0.7241379310344828,0.1067236786579221,0.23881500607357825,0.3011784638928824,0.5591745559595145
first1,prevalence,S35,144,17,0.11805555555555555,0.11805555555555555,1.0,0.5,0.8819444444444444,0.5,0.0,0.0,0.0,1.0,0.0,0.10428229836079929,0.012800664153652885,0.5
first1,product_propensity,S35,144,17,0.11805555555555555,0.15214622332412908,1.2887680093337994,0.6102362204724409,0.7361111111111112,0.5446966188050023,0.20833333333333334,0.16129032258064516,0.29411764705882354,0.7952755905511811,0.070179604949176,0.10687034750328472,0.03795379296231931,0.17458480805880752
first1,visit_count,S35,144,17,0.11805555555555555,0.11805555555555555,1.0,0.5,0.8819444444444444,0.5,0.0,0.0,0.0,1.0,0.0,0.10428229836079929,0.012800664153652885,0.5
first1,total_dwell,S35,144,17,0.11805555555555555,0.3640822385347557,3.0839907264120483,0.5819823992589161,0.8472222222222222,0.684113015284854,0.42105263157894735,0.38095238095238093,0.47058823529411764,0.8976377952755905,0.3366499888366374,0.09850675140306347,0.05775202737510364,0.1517570442389193
first1,logreg_behavior,S35,144,17,0.11805555555555555,0.3715978975598147,3.1476527793301954,0.6028253821213526,0.8402777777777778,0.6801760074108383,0.41025641025641024,0.36363636363636365,0.47058823529411764,0.889763779527559,0.32319305522101505,0.24014635753766467,0.382190550930011,0.5693847846985534
first1,logreg_dwell_propensity,S35,144,17,0.11805555555555555,0.28601356130504924,2.422703107525123,0.6762389995368226,0.7222222222222222,0.6387216303844372,0.3103448275862069,0.21951219512195122,0.5294117647058824,0.7480314960629921,0.19837637980739542,0.22949250512593833,0.35382256032761183,0.5639207412052639
first1,logreg_eeg,S35,144,17,0.11805555555555555,0.2220627565456804,1.8810021730928221,0.5984251968503936,0.7569444444444444,0.5819823992589161,0.2553191489361702,0.2,0.35294117647058826,0.8110236220472441,0.1302758417140413,0.20294753502625587,0.31889223598392247,0.49493305907378365
first1,logreg_et,S35,144,17,0.11805555555555555,0.2522696268261576,2.136872133115688,0.6206577119036591,0.8055555555555556,0.6604909680407596,0.36363636363636365,0.2962962962962963,0.47058823529411764,0.8503937007874016,0.2653579482111885,0.24238082623501508,0.374137886604126,0.5618461533739292
first1,logreg_fusion,S35,144,17,0.11805555555555555,0.2202623983673048,1.8657520802877583,0.5947197776748495,0.75,0.603520148216767,0.28,0.21212121212121213,0.4117647058823529,0.7952755905511811,0.15895080899272035,0.22832119409387128,0.3497264379219154,0.5506062450172262
first1,prevalence,S36,139,14,0.10071942446043165,0.10071942446043165,1.0,0.5,0.8992805755395683,0.5,0.0,0.0,0.0,1.0,0.0,0.09150878136952037,0.030557476543872517,0.5
first1,product_propensity,S36,139,14,0.10071942446043165,0.25309396149411256,2.5128614748344034,0.6654285714285714,0.7122302158273381,0.5228571428571429,0.16666666666666666,0.11764705882352941,0.2857142857142857,0.76,0.03200640192064023,0.08707939360438094,0.04144041960232997,0.16673600998543792
first1,visit_count,S36,139,14,0.10071942446043165,0.10071942446043165,1.0,0.5,0.8992805755395683,0.5,0.0,0.0,0.0,1.0,0.0,0.09150878136952037,0.030557476543872517,0.5
first1,total_dwell,S36,139,14,0.10071942446043165,0.18957063893649959,1.88216562944096,0.5842857142857144,0.8848920863309353,0.5237142857142857,0.1111111111111111,0.25,0.07142857142857142,0.976,0.08538118697902419,0.09185407676031981,0.05371544584311842,0.15015944257175143
first1,logreg_behavior,S36,139,14,0.10071942446043165,0.23329513168213867,2.316287378844091,0.6471428571428571,0.8776978417266187,0.5197142857142857,0.10526315789473684,0.2,0.07142857142857142,0.968,0.06372247932246619,0.19722400338710938,0.33183163974128577,0.5632308956980246
first1,logreg_dwell_propensity,S36,139,14,0.10071942446043165,0.30503403283153085,3.028552183113056,0.7234285714285714,0.841726618705036,0.5631428571428572,0.21428571428571427,0.21428571428571427,0.21428571428571427,0.912,0.12628571428571428,0.18646164896592404,0.3167872563883643,0.5791505560520689
first1,logreg_eeg,S36,139,14,0.10071942446043165,0.16860174944301592,1.6739745123270866,0.6434285714285715,0.8489208633093526,0.472,0.0,0.0,0.0,0.944,-0.07706746355884524,0.19593926160095235,0.32407017507606617,0.5322115670420721
first1,logreg_et,S36,139,14,0.10071942446043165,0.1811842708334547,1.798900974703586,0.6205714285714284,0.8273381294964028,0.5551428571428572,0.2,0.1875,0.21428571428571427,0.896,0.10399817964993147,0.20231039081558783,0.340978294571037,0.5777651840086834
first1,logreg_fusion,S36,139,14,0.10071942446043165,0.18474573651242787,1.8342612410876769,0.6148571428571428,0.8273381294964028,0.5551428571428572,0.2,0.1875,0.21428571428571427,0.896,0.10399817964993147,0.20812466926015988,0.34311976047647375,0.5929680333900365
first1,prevalence,S37,144,22,0.1527777777777778,0.1527777777777778,1.0,0.5,0.8472222222222222,0.5,0.0,0.0,0.0,1.0,0.0,0.12995743803148085,0.022819063004846513,0.5
first1,product_propensity,S37,144,22,0.1527777777777778,0.2843599332769085,1.8612650178124919,0.6805141579731744,0.7777777777777778,0.533532041728763,0.2,0.2222222222222222,0.18181818181818182,0.8852459016393442,0.07295578322623138,0.1229793312562488,0.06286358496655486,0.20662807412875403
first1,visit_count,S37,144,22,0.1527777777777778,0.1527777777777778,1.0,0.5,0.8472222222222222,0.5,0.0,0.0,0.0,1.0,0.0,0.12995743803148085,0.022819063004846513,0.5
first1,total_dwell,S37,144,22,0.1527777777777778,0.4089105922319934,2.676505694609411,0.7041728763040238,0.7152777777777778,0.6084202682563338,0.32786885245901637,0.2564102564102564,0.45454545454545453,0.7622950819672131,0.17555159345874063,0.11730252433207225,0.07251741367757372,0.15175699341787496
first1,logreg_behavior,S37,144,22,0.1527777777777778,0.4264689593740891,2.791433188630401,0.7125558867362146,0.7083333333333334,0.6415797317436662,0.36363636363636365,0.2727272727272727,0.5454545454545454,0.7377049180327869,0.22115461079318394,0.2601347960029077,0.3807709720862107,0.5733248212638078
first1,logreg_dwell_propensity,S37,144,22,0.1527777777777778,0.4666182439391656,3.0542285057836294,0.7619225037257824,0.7986111111111112,0.6389716840536512,0.3829787234042553,0.36,0.4090909090909091,0.8688524590163934,0.2640000971530555,0.2410829852163612,0.35659650785659247,0.6608001419224885
first1,logreg_eeg,S37,144,22,0.1527777777777778,0.17391107806145498,1.1383270564022507,0.4903129657228018,0.625,0.46199701937406856,0.15625,0.11904761904761904,0.22727272727272727,0.6967213114754098,-0.06016088004828343,0.25904765778343136,0.35442614165788805,0.5295788671734014
first1,logreg_et,S37,144,22,0.1527777777777778,0.22767260832293823,1.4902207090228683,0.6348733233979135,0.6805555555555556,0.6624441132637854,0.3783783783783784,0.2692307692307692,0.6363636363636364,0.6885245901639344,0.24334904357569612,0.24776482388545107,0.3472359947753243,0.5469471930448409
first1,logreg_fusion,S37,144,22,0.1527777777777778,0.2333186956585431,1.5271769170377365,0.5942622950819673,0.6597222222222222,0.5756333830104322,0.2898550724637681,0.2127659574468085,0.45454545454545453,0.6967213114754098,0.11606465417694978,0.262570353631468,0.3608816064916315,0.5728881663046512
first1,prevalence,S38,141,27,0.19148936170212766,0.19148936170212766,1.0,0.5,0.8085106382978723,0.5,0.0,0.0,0.0,1.0,0.0,0.15872713785066728,0.06249761430349113,0.5
first1,product_propensity,S38,141,27,0.19148936170212766,0.31613037607927386,1.6509030750806524,0.5974658869395713,0.7304964539007093,0.5365497076023391,0.24,0.2608695652173913,0.2222222222222222,0.8508771929824561,0.07784725237242085,0.15400650949147437,0.08446222809367622,0.19236744999028937
first1,visit_count,S38,141,27,0.19148936170212766,0.19148936170212766,1.0,0.5,0.8085106382978723,0.5,0.0,0.0,0.0,1.0,0.0,0.15872713785066728,0.06249761430349113,0.5
first1,total_dwell,S38,141,27,0.19148936170212766,0.21955067865447575,1.1465424329733733,0.48456790123456794,0.8014184397163121,0.5238791423001949,0.125,0.4,0.07407407407407407,0.9736842105263158,0.10160815619949388,0.17662244282978573,0.14413249905672926,0.15015968925033682
first1,logreg_behavior,S38,141,27,0.19148936170212766,0.2357647120313046,1.231215718385702,0.5220922677063029,0.7801418439716312,0.5107212475633528,0.11428571428571428,0.25,0.07407407407407407,0.9473684210526315,0.036470256167557016,0.22567136627462753,0.2593738558178258,0.5619450548988272
first1,logreg_dwell_propensity,S38,141,27,0.19148936170212766,0.32387176214198843,1.6913303134081619,0.6042884990253411,0.8014184397163121,0.5804093567251463,0.3,0.46153846153846156,0.2222222222222222,0.9385964912280702,0.2187228872729236,0.2148268719146948,0.23955358556491615,0.6351109948925988
first1,logreg_eeg,S38,141,27,0.19148936170212766,0.25195126379757427,1.3157454887206657,0.5376868096166342,0.19858156028368795,0.49025341130604283,0.3151515151515151,0.18840579710144928,0.9629629629629629,0.017543859649122806,-0.05315165258165999,0.34017957311946584,0.42856043400864596,0.4895964990163781
first1,logreg_et,S38,141,27,0.19148936170212766,0.26714438467343576,1.395087342183498,0.5562053281351527,0.6312056737588653,0.4468810916179337,0.13333333333333333,0.12121212121212122,0.14814814814814814,0.7456140350877193,-0.09872896795713429,0.24700174186249613,0.299852753961103,0.5665023057829763
first1,logreg_fusion,S38,141,27,0.19148936170212766,0.26680578526874804,1.3933191008479064,0.5493827160493827,0.375886524822695,0.557504873294347,0.34328358208955223,0.21495327102803738,0.8518518518518519,0.2631578947368421,0.1057882923916732,0.31118626951505507,0.3901643061652646,0.48745534972824545
first1,prevalence,S39,143,13,0.09090909090909091,0.09090909090909091,1.0,0.5,0.9090909090909091,0.5,0.0,0.0,0.0,1.0,0.0,0.08429636118894507,0.04064151928473539,0.5
first1,product_propensity,S39,143,13,0.09090909090909091,0.1878090205406135,2.0658992259467484,0.6334319526627219,0.7412587412587412,0.6153846153846154,0.24489795918367346,0.16666666666666666,0.46153846153846156,0.7692307692307693,0.15285446012893575,0.08388949291522642,0.04804501360317333,0.16949838485368027
first1,visit_count,S39,143,13,0.09090909090909091,0.09090909090909091,1.0,0.5,0.9090909090909091,0.5,0.0,0.0,0.0,1.0,0.0,0.08429636118894507,0.04064151928473539,0.5
first1,total_dwell,S39,143,13,0.09090909090909091,0.3999192802635564,4.39911208289912,0.7763313609467456,0.9090909090909091,0.7076923076923077,0.48,0.5,0.46153846153846156,0.9538461538461539,0.43069267837532,0.07440348212039423,0.03328942397065825,0.15175746095320217
first1,logreg_behavior,S39,143,13,0.09090909090909091,0.3786280415250367,4.164908456775404,0.7461538461538462,0.9020979020979021,0.7384615384615385,0.5,0.4666666666666667,0.5384615384615384,0.9384615384615385,0.44744645862196,0.21628356419765254,0.37821656270293397,0.5639217701057935
first1,logreg_dwell_propensity,S39,143,13,0.09090909090909091,0.3128138408010715,3.4409522488117865,0.736094674556213,0.8181818181818182,0.6923076923076923,0.35,0.25925925925925924,0.5384615384615384,0.8461538461538461,0.2825264598420043,0.21052562256754428,0.3598373225495561,0.555935470031791
first1,logreg_eeg,S39,143,13,0.09090909090909091,0.10392189354929524,1.1431408290422476,0.4875739644970415,0.8881118881118881,0.48846153846153845,0.0,0.0,0.0,0.9769230769230769,-0.04629100498862757,0.2012709458637705,0.33949011735307066,0.5431084965388079
first1,logreg_et,S39,143,13,0.09090909090909091,0.29907248788608576,3.289797366746943,0.7254437869822487,0.6573426573426573,0.7076923076923077,0.2898550724637681,0.17857142857142858,0.7692307692307693,0.6461538461538462,0.24464712699880306,0.2205270818282115,0.3755647123268821,0.5028479595017523
first1,logreg_fusion,S39,143,13,0.09090909090909091,0.23506706375473124,2.5857377013020435,0.6982248520710059,0.9020979020979021,0.5307692307692308,0.125,0.3333333333333333,0.07692307692307693,0.9846153846153847,0.12344267996967354,0.14731424989359626,0.2580727217554597,0.5306800122328506
first1,prevalence,S40,134,17,0.12686567164179105,0.12686567164179105,1.0,0.5,0.8731343283582089,0.5,0.0,0.0,0.0,1.0,0.0,0.11078488114313614,0.0037560807323354373,0.5
first1,product_propensity,S40,134,17,0.12686567164179105,0.47862138722545766,3.7726626993065486,0.8330819507290096,0.8432835820895522,0.7091503267973855,0.46153846153846156,0.4090909090909091,0.5294117647058824,0.8888888888888888,0.37582492804295753,0.0939185898065174,0.052530466157278334,0.19343040412296866
first1,visit_count,S40,134,17,0.12686567164179105,0.12686567164179105,1.0,0.5,0.8731343283582089,0.5,0.0,0.0,0.0,1.0,0.0,0.11078488114313614,0.0037560807323354373,0.5
first1,total_dwell,S40,134,17,0.12686567164179105,0.32568609349972066,2.567172736997798,0.6980894922071392,0.8507462686567164,0.6380090497737557,0.375,0.4,0.35294117647058826,0.9230769230769231,0.29136396776123624,0.10697885408241768,0.07091921463725286,0.15175698976168472
first1,logreg_behavior,S40,134,17,0.12686567164179105,0.31008545988978853,2.444203036778333,0.6679235796882856,0.8582089552238806,0.5668677727501257,0.24,0.375,0.17647058823529413,0.9572649572649573,0.1878598533668404,0.22086417295496305,0.33993997660878167,0.6163196065977206
first1,logreg_dwell_propensity,S40,134,17,0.12686567164179105,0.4929579274646145,3.885668369426961,0.877325289089995,0.8507462686567164,0.6380090497737557,0.375,0.4,0.35294117647058826,0.9230769230769231,0.29136396776123624,0.19386747536504442,0.32632636831727646,0.6142197318002813
first1,logreg_eeg,S40,134,17,0.12686567164179105,0.20081015789287276,1.582856538684997,0.6168929110105581,0.8731343283582089,0.5,0.0,0.0,0.0,1.0,0.0,0.16708931908577215,0.2400646954885261,0.5885645364862807
first1,logreg_et,S40,134,17,0.12686567164179105,0.18799927779383538,1.4818766602572906,0.6747109100050277,0.7313432835820896,0.6199095022624435,0.3076923076923077,0.22857142857142856,0.47058823529411764,0.7692307692307693,0.1816976741148622,0.24757769522153805,0.37402898594976197,0.5648902902112917
first1,logreg_fusion,S40,134,17,0.12686567164179105,0.28469729070839744,2.244084526760309,0.7023629964806436,0.8208955223880597,0.5706385118149824,0.25,0.26666666666666666,0.23529411764705882,0.905982905982906,0.1491316483440936,0.1927299044373386,0.29707725979533306,0.5646623979632092
first1,prevalence,S41,137,12,0.08759124087591241,0.08759124087591241,1.0,0.5,0.9124087591240876,0.5,0.0,0.0,0.0,1.0,0.0,0.08185476390691752,0.0439971420570385,0.5
first1,product_propensity,S41,137,12,0.08759124087591241,0.22272236339520843,2.542746982095296,0.532,0.7956204379562044,0.5489999999999999,0.17647058823529413,0.13636363636363635,0.25,0.848,0.07545906934388377,0.08203235735629866,0.06096091036092247,0.19532040530612813
first1,visit_count,S41,137,12,0.08759124087591241,0.08759124087591241,1.0,0.5,0.9124087591240876,0.5,0.0,0.0,0.0,1.0,0.0,0.08185476390691752,0.0439971420570385,0.5
first1,total_dwell,S41,137,12,0.08759124087591241,0.10316115629188764,1.177756534332384,0.44399999999999995,0.9051094890510949,0.5336666666666666,0.13333333333333333,0.3333333333333333,0.08333333333333333,0.984,0.1300656805631864,0.08409045943349268,0.05384658842964308,0.1485624922548751
first1,logreg_behavior,S41,137,12,0.08759124087591241,0.13397864898605066,1.5295895759240783,0.5286666666666666,0.9051094890510949,0.5336666666666666,0.13333333333333333,0.3333333333333333,0.08333333333333333,0.984,0.1300656805631864,0.1915675158648102,0.3311260847604117,0.570141300080668
first1,logreg_dwell_propensity,S41,137,12,0.08759124087591241,0.1926782648204409,2.1997435233667,0.5509999999999999,0.8978102189781022,0.5673333333333334,0.2222222222222222,0.3333333333333333,0.16666666666666666,0.968,0.18603491787849766,0.1890309122581445,0.3193391823802899,0.5930981504050623
first1,logreg_eeg,S41,137,12,0.08759124087591241,0.06947261876592098,0.7931457309109311,0.364,0.8832116788321168,0.484,0.0,0.0,0.0,0.968,-0.0537328395407574,0.21105198678588183,0.35605819993821347,0.5698239910020123
first1,logreg_et,S41,137,12,0.08759124087591241,0.21199101218808442,2.42023072248063,0.5886666666666667,0.8394160583941606,0.6106666666666667,0.26666666666666666,0.2222222222222222,0.3333333333333333,0.888,0.18521779980460001,0.1939097439167746,0.32878487828469233,0.552447363534065
first1,logreg_fusion,S41,137,12,0.08759124087591241,0.10515549714697568,1.200525259094639,0.4686666666666667,0.8394160583941606,0.4976666666666667,0.08333333333333333,0.08333333333333333,0.08333333333333333,0.912,-0.004666666666666667,0.18584706123253553,0.30452087269037925,0.5661216585894894
first1,prevalence,S42,142,19,0.13380281690140844,0.13380281690140844,1.0,0.5,0.8661971830985915,0.5,0.0,0.0,0.0,1.0,0.0,0.11591086188502259,0.003352431112784743,0.5
first1,product_propensity,S42,142,19,0.13380281690140844,0.2960656662859023,2.2127012953999015,0.6745827984595635,0.8028169014084507,0.5969191270860077,0.3,0.2857142857142857,0.3157894736842105,0.8780487804878049,0.18589448829696503,0.10862236540044401,0.012598730917472482,0.1931397172075985
first1,visit_count,S42,142,19,0.13380281690140844,0.13380281690140844,1.0,0.5,0.8661971830985915,0.5,0.0,0.0,0.0,1.0,0.0,0.11591086188502259,0.003352431112784743,0.5
first1,total_dwell,S42,142,19,0.13380281690140844,0.3461938454452205,2.5873434764853327,0.6583226358579376,0.8169014084507042,0.6718014548566538,0.4090909090909091,0.36,0.47368421052631576,0.8699186991869918,0.3071307171805261,0.10812445473265554,0.061861625301458806,0.149003323225567
first1,logreg_behavior,S42,142,19,0.13380281690140844,0.35467653254279863,2.650740401109337,0.6536157466837826,0.7676056338028169,0.6433461703038083,0.35294117647058826,0.28125,0.47368421052631576,0.8130081300813008,0.23360068651580265,0.2527572100312381,0.3824541849639973,0.5718878097943272
first1,logreg_dwell_propensity,S42,142,19,0.13380281690140844,0.4440809456987142,3.318920752064075,0.741976893453145,0.7253521126760564,0.6189559264013693,0.3157894736842105,0.23684210526315788,0.47368421052631576,0.7642276422764228,0.18295191825255103,0.22794106761585822,0.35080525341203095,0.5763878109628382
first1,logreg_eeg,S42,142,19,0.13380281690140844,0.1694306484996964,1.2662711624714154,0.5614035087719298,0.852112676056338,0.491869918699187,0.0,0.0,0.0,0.983739837398374,-0.04697591247733051,0.21354459934931433,0.30859753209456803,0.5830197660087636
first1,logreg_et,S42,142,19,0.13380281690140844,0.25111742722601804,1.8767723508470824,0.5875053487376979,0.4084507042253521,0.5472828412494651,0.25,0.15053763440860216,0.7368421052631579,0.35772357723577236,0.0677210063492677,0.35921888508740596,0.4819085799122127,0.5584351289262035
first1,logreg_fusion,S42,142,19,0.13380281690140844,0.19904212339367058,1.4875779748369067,0.6041934103551562,0.5070422535211268,0.5819426615318785,0.2708333333333333,0.16883116883116883,0.6842105263157895,0.4796747967479675,0.11198693973857742,0.3097686651028712,0.4324078868594128,0.5639759858770175
first1,prevalence,S43,124,16,0.12903225806451613,0.12903225806451613,1.0,0.5,0.8709677419354839,0.5,0.0,0.0,0.0,1.0,0.0,0.11238528982284364,0.0015347245861724312,0.5
first1,product_propensity,S43,124,16,0.12903225806451613,0.22579063046075162,1.7498773860708252,0.5766782407407408,0.7096774193548387,0.48726851851851855,0.14285714285714285,0.11538461538461539,0.1875,0.7870370370370371,-0.02096916299828522,0.11108800440817371,0.044079537109120735,0.1845311179500263
first1,visit_count,S43,124,16,0.12903225806451613,0.12903225806451613,1.0,0.5,0.8709677419354839,0.5,0.0,0.0,0.0,1.0,0.0,0.11238528982284364,0.0015347245861724312,0.5
first1,total_dwell,S43,124,16,0.12903225806451613,0.20340276615504851,1.576371437701626,0.46354166666666674,0.8387096774193549,0.5081018518518519,0.09090909090909091,0.16666666666666666,0.0625,0.9537037037037037,0.02531451046849353,0.11888302515886447,0.09374693889086809,0.15015950074036424
first1,logreg_behavior,S43,124,16,0.12903225806451613,0.21051964498967135,1.631527248669953,0.5028935185185185,0.8548387096774194,0.5173611111111112,0.1,0.25,0.0625,0.9722222222222222,0.06588078458684124,0.208799900262542,0.3107945459938777,0.596800067068368
first1,logreg_dwell_propensity,S43,124,16,0.12903225806451613,0.23097961915119317,1.790092048421747,0.6267361111111112,0.8306451612903226,0.5300925925925926,0.16,0.2222222222222222,0.125,0.9351851851851852,0.07776627474173502,0.20422049578729984,0.29602239523223967,0.6155699633814455
first1,logreg_eeg,S43,124,16,0.12903225806451613,0.23166708344242007,1.7954198966787556,0.48263888888888884,0.8548387096774194,0.5439814814814814,0.18181818181818182,0.3333333333333333,0.125,0.9629629629629629,0.13742162825753632,0.2485895254271611,0.3703954508194897,0.5899398622742694
first1,logreg_et,S43,124,16,0.12903225806451613,0.18800271435137428,1.4570210362231506,0.5289351851851851,0.75,0.5636574074074074,0.24390243902439024,0.2,0.3125,0.8148148148148148,0.10638078975070422,0.21718464761268697,0.31259525021234646,0.5453861775010012
first1,logreg_fusion,S43,124,16,0.12903225806451613,0.2221035201598187,1.721302281238595,0.49652777777777773,0.8306451612903226,0.5300925925925926,0.16,0.2222222222222222,0.125,0.9351851851851852,0.07776627474173502,0.20279981308580367,0.292444173841923,0.5923961499553423
first1,prevalence,S44,139,16,0.11510791366906475,0.11510791366906475,1.0,0.5,0.8848920863309353,0.5,0.0,0.0,0.0,1.0,0.0,0.10210804769603996,0.01581030727785057,0.5
first1,product_propensity,S44,139,16,0.11510791366906475,0.26043971654072323,2.262570037447533,0.626778455284553,0.7482014388489209,0.6130589430894309,0.2857142857142857,0.21212121212121213,0.4375,0.7886178861788617,0.1696045743763941,0.097802011134829,0.03108654637263015,0.16673600998543792
first1,visit_count,S44,139,16,0.11510791366906475,0.11510791366906475,1.0,0.5,0.8848920863309353,0.5,0.0,0.0,0.0,1.0,0.0,0.10210804769603996,0.01581030727785057,0.5
first1,total_dwell,S44,139,16,0.11510791366906475,0.17682643720771443,1.536179673242019,0.5734247967479674,0.841726618705036,0.529979674796748,0.15384615384615385,0.2,0.125,0.9349593495934959,0.07405844775409581,0.10459251795724721,0.0712759378715238,0.15175706910101297
first1,logreg_behavior,S44,139,16,0.11510791366906475,0.17765020678907215,1.5433361714800642,0.5581808943089431,0.8345323741007195,0.5259146341463414,0.14814814814814814,0.18181818181818182,0.125,0.926829268292683,0.061275420083669395,0.21575654854833576,0.3344912496428528,0.5622829752846679
first1,logreg_dwell_propensity,S44,139,16,0.11510791366906475,0.2749490791503793,2.38862012511892,0.6463414634146342,0.8633093525179856,0.5965447154471545,0.2962962962962963,0.36363636363636365,0.25,0.943089430894309,0.22828097678229775,0.2038935507899654,0.3123010858815933,0.6301373488575518
first1,logreg_eeg,S44,139,16,0.11510791366906475,0.11493242433679512,0.9984754364259076,0.47052845528455284,0.8848920863309353,0.5,0.0,0.0,0.0,1.0,0.0,0.16078975227437245,0.2328091764894949,0.5908839613096085
first1,logreg_et,S44,139,16,0.11510791366906475,0.15389962752857497,1.337003014154495,0.5833333333333333,0.7410071942446043,0.5274390243902439,0.18181818181818182,0.14285714285714285,0.25,0.8048780487804879,0.04366874424611263,0.22917790636189633,0.3494089657318794,0.5501214656986909
first1,logreg_fusion,S44,139,16,0.11510791366906475,0.1406506199795725,1.221902261072536,0.5396341463414633,0.8633093525179856,0.4878048780487805,0.0,0.0,0.0,0.975609756097561,-0.05356715840055802,0.15826203471604955,0.21739141269317835,0.5826555997887785
first2,prevalence,S01,95,11,0.11578947368421053,0.11578947368421053,1.0,0.5,0.8842105263157894,0.5,0.0,0.0,0.0,1.0,0.0,0.10365910659597738,0.03573282983242859,0.5
first2,product_propensity,S01,95,11,0.11578947368421053,0.27831847306826796,2.4036595401350414,0.7224025974025974,0.7473684210526316,0.6596320346320346,0.3333333333333333,0.24,0.5454545454545454,0.7738095238095238,0.2319887933659117,0.09681375199049913,0.03928331773988282,0.19384690069480262
first2,visit_count,S01,95,11,0.11578947368421053,0.11578947368421053,1.0,0.5,0.8842105263157894,0.5,0.0,0.0,0.0,1.0,0.0,0.10365910659597738,0.03573282983242859,0.5
first2,total_dwell,S01,95,11,0.11578947368421053,0.4036656409143379,3.4862032624420087,0.7976190476190477,0.8421052631578947,0.6737012987012987,0.4,0.35714285714285715,0.45454545454545453,0.8928571428571429,0.31359022701877626,0.09181719964781979,0.06373302773555761,0.13442607176252702
first2,logreg_behavior,S01,95,11,0.11578947368421053,0.4725384975706588,4.081014297201144,0.8387445887445888,0.8947368421052632,0.7824675324675325,0.5833333333333334,0.5384615384615384,0.6363636363636364,0.9285714285714286,0.525963873426865,0.149799601387573,0.2695325330640319,0.5288528410535476
first2,logreg_dwell_propensity,S01,95,11,0.11578947368421053,0.46000001139297325,3.972727371121133,0.8701298701298702,0.9052631578947369,0.7094155844155844,0.5263157894736842,0.625,0.45454545454545453,0.9642857142857143,0.4825811562050755,0.14527988078692636,0.25309836617109926,0.6712184726360387
first2,logreg_eeg,S01,95,11,0.11578947368421053,0.12115862083605346,1.0463699072204617,0.4945887445887446,0.8631578947368421,0.4880952380952381,0.0,0.0,0.0,0.9761904761904762,-0.05306769483909278,0.23381275401392254,0.3403374366040405,0.7043157438759038
first2,logreg_et,S01,95,11,0.11578947368421053,0.486319097499168,4.200028569310996,0.7413419913419914,0.8526315789473684,0.7191558441558441,0.46153846153846156,0.4,0.5454545454545454,0.8928571428571429,0.384616945551278,0.17917240976355722,0.2869432624022649,0.5792931752703863
first2,logreg_fusion,S01,95,11,0.11578947368421053,0.3597834426500194,3.1072206410683494,0.7207792207792207,0.6842105263157895,0.6634199134199135,0.3181818181818182,0.21212121212121213,0.6363636363636364,0.6904761904761905,0.21964339233737942,0.21670529720069506,0.3340425591697288,0.5432842255748513
first2,prevalence,S02,95,15,0.15789473684210525,0.15789473684210525,1.0,0.5,0.8421052631578947,0.5,0.0,0.0,0.0,1.0,0.0,0.13301752005565456,0.007316497521831528,0.5
first2,product_propensity,S02,95,15,0.15789473684210525,0.26001632187877083,1.6467700385655486,0.6275,0.6736842105263158,0.5625,0.27906976744186046,0.21428571428571427,0.4,0.725,0.09997334399526148,0.12911284816344584,0.06375418961649772,0.1782706732317887
first2,visit_count,S02,95,15,0.15789473684210525,0.15789473684210525,1.0,0.5,0.8421052631578947,0.5,0.0,0.0,0.0,1.0,0.0,0.13301752005565456,0.007316497521831528,0.5
first2,total_dwell,S02,95,15,0.15789473684210525,0.5462757467870986,3.459746396318291,0.8204166666666666,0.7368421052631579,0.7354166666666666,0.46808510638297873,0.34375,0.7333333333333333,0.7375,0.363255803035758,0.11260090078111736,0.06062707794965366,0.1344260376185048
first2,logreg_behavior,S02,95,15,0.15789473684210525,0.5771306814871776,3.655160982752125,0.8233333333333334,0.7473684210526316,0.76875,0.5,0.36363636363636365,0.8,0.7375,0.4116387748237724,0.22308349584272996,0.34616544299888,0.5158769812792018
first2,logreg_dwell_propensity,S02,95,15,0.15789473684210525,0.5987526040546572,3.792099825679496,0.8341666666666667,0.8,0.71875,0.4864864864864865,0.4090909090909091,0.6,0.8375,0.37817769450046057,0.20722011021276784,0.32322895813326213,0.6332458622562346
first2,logreg_eeg,S02,95,15,0.15789473684210525,0.2071851672334454,1.312172725811821,0.5633333333333332,0.8,0.5020833333333333,0.09523809523809523,0.16666666666666666,0.06666666666666667,0.9375,0.006246097408298845,0.2516580945106593,0.31954059869911916,0.7029318327848754
first2,logreg_et,S02,95,15,0.15789473684210525,0.3544144834115511,2.2446250616064902,0.7733333333333333,0.7473684210526316,0.7958333333333334,0.52,0.37142857142857144,0.8666666666666667,0.725,0.44725795972758553,0.23603526407320635,0.33839723269766814,0.555242230021123
first2,logreg_fusion,S02,95,15,0.15789473684210525,0.24066364801243806,1.5242031040787745,0.5458333333333333,0.7263157894736842,0.5395833333333333,0.23529411764705882,0.21052631578947367,0.26666666666666666,0.8125,0.07216878364870322,0.23299651867459353,0.26967757148631205,0.62497424552254
first2,prevalence,S03,110,15,0.13636363636363635,0.13636363636363635,1.0,0.5,0.8636363636363636,0.5,0.0,0.0,0.0,1.0,0.0,0.11798614515508118,0.014749580121441841,0.5
first2,product_propensity,S03,110,15,0.13636363636363635,0.27280776385408984,2.0005902682633256,0.6708771929824562,0.8,0.631578947368421,0.35294117647058826,0.3157894736842105,0.4,0.8631578947368421,0.23890560500084304,0.11125705880194524,0.03472451501640147,0.220810647307925
first2,visit_count,S03,110,15,0.13636363636363635,0.13636363636363635,1.0,0.5,0.8636363636363636,0.5,0.0,0.0,0.0,1.0,0.0,0.11798614515508118,0.014749580121441841,0.5
first2,total_dwell,S03,110,15,0.13636363636363635,0.2826130351130351,2.072495590828924,0.6971929824561406,0.8181818181818182,0.5578947368421052,0.23076923076923078,0.2727272727272727,0.2,0.9157894736842105,0.13245323570650439,0.11635529562170448,0.06125219663305049,0.13005464392744617
first2,logreg_behavior,S03,110,15,0.13636363636363635,0.3153340791283198,2.312449913607679,0.745263157894737,0.7727272727272727,0.6719298245614035,0.3902439024390244,0.3076923076923077,0.5333333333333333,0.8105263157894737,0.2777552847393363,0.21780199226639205,0.3316835234065061,0.5058000129641496
first2,logreg_dwell_propensity,S03,110,15,0.13636363636363635,0.3472720938337466,2.546662021447475,0.7543859649122807,0.8090909090909091,0.6368421052631579,0.36363636363636365,0.3333333333333333,0.4,0.8736842105263158,0.2538791342309648,0.20060786876043094,0.3041750371318202,0.6182802072334274
first2,logreg_eeg,S03,110,15,0.13636363636363635,0.16969548034015652,1.2444335224944814,0.47368421052631576,0.8454545454545455,0.5175438596491229,0.10526315789473684,0.25,0.06666666666666667,0.968421052631579,0.06432497763260105,0.2980146054278944,0.3960654709890558,0.8255725467171112
first2,logreg_et,S03,110,15,0.13636363636363635,0.2493995467099682,1.8289300092064336,0.7228070175438597,0.5636363636363636,0.6912280701754386,0.35135135135135137,0.22033898305084745,0.8666666666666667,0.5157894736842106,0.2631952070473636,0.24402103207399092,0.3558527461189903,0.5105075206959002
first2,logreg_fusion,S03,110,15,0.13636363636363635,0.2398696562234291,1.7590441456384802,0.6042105263157895,0.6454545454545455,0.5140350877192983,0.20408163265306123,0.14705882352941177,0.3333333333333333,0.6947368421052632,0.02084521143108788,0.27078895710883094,0.3357563184939998,0.6045831642821975
first2,prevalence,S05,108,8,0.07407407407407407,0.07407407407407407,1.0,0.5,0.9259259259259259,0.5,0.0,0.0,0.0,1.0,0.0,0.07476896315785699,0.0786247895622896,0.5
first2,product_propensity,S05,108,8,0.07407407407407407,0.28587227573956414,3.8592757224841163,0.781875,0.75,0.635,0.22857142857142856,0.14814814814814814,0.5,0.77,0.16329931618554522,0.0710801803528485,0.09334100801419334,0.19848590877282268
first2,visit_count,S05,108,8,0.07407407407407407,0.07407407407407407,1.0,0.5,0.9259259259259259,0.5,0.0,0.0,0.0,1.0,0.0,0.07476896315785699,0.0786247895622896,0.5
first2,total_dwell,S05,108,8,0.07407407407407407,0.46477468180254555,6.2744582043343655,0.85375,0.8981481481481481,0.8875,0.56,0.4117647058823529,0.875,0.9,0.5573160356048802,0.05731208021058491,0.059198522361793925,0.1344263847493974
first2,logreg_behavior,S05,108,8,0.07407407407407407,0.6272959861775651,8.46849581339713,0.78625,0.9351851851851852,0.85,0.631578947368421,0.5454545454545454,0.75,0.95,0.6061230833151466,0.18404123521521878,0.3744520831808075,0.5937116454701904
first2,logreg_dwell_propensity,S05,108,8,0.07407407407407407,0.6123424369747898,8.266622899159664,0.85125,0.9166666666666666,0.7825,0.5263157894736842,0.45454545454545453,0.625,0.94,0.4892279172472255,0.17666727120276032,0.3442415563095941,0.6400303590935937
first2,logreg_eeg,S05,108,8,0.07407407407407407,0.08821791575368244,1.190941862674713,0.54375,0.9259259259259259,0.5,0.0,0.0,0.0,1.0,0.0,0.30440218051356815,0.4718552374615984,0.8893269287076899
first2,logreg_et,S05,108,8,0.07407407407407407,0.1841308689265945,2.485766730509026,0.67125,0.8796296296296297,0.5900000000000001,0.23529411764705882,0.2222222222222222,0.25,0.93,0.17056057308448833,0.19476430899917638,0.34303193617771544,0.6173122621690528
first2,logreg_fusion,S05,108,8,0.07407407407407407,0.14339906829358043,1.935887421963336,0.72875,0.6666666666666666,0.7625,0.28,0.16666666666666666,0.875,0.65,0.2820380374088831,0.22910550435198762,0.3739195356102562,0.510931218123463
first2,prevalence,S06,140,23,0.16428571428571428,0.16428571428571428,1.0,0.5,0.8357142857142857,0.5,0.0,0.0,0.0,1.0,0.0,0.13749190310046863,0.013999454743729517,0.5
first2,product_propensity,S06,140,23,0.16428571428571428,0.27332839182829194,1.66373803721569,0.6192865105908585,0.6928571428571428,0.5542549238201412,0.2711864406779661,0.2222222222222222,0.34782608695652173,0.7606837606837606,0.09199369913938027,0.1330328023383839,0.03543421962559813,0.1917984647880068
first2,visit_count,S06,140,23,0.16428571428571428,0.16428571428571428,1.0,0.5,0.8357142857142857,0.5,0.0,0.0,0.0,1.0,0.0,0.13749190310046863,0.013999454743729517,0.5
first2,total_dwell,S06,140,23,0.16428571428571428,0.37207509334199707,2.2648049159947647,0.7116313638052768,0.7928571428571428,0.5791527313266444,0.2926829268292683,0.3333333333333333,0.2608695652173913,0.8974358974358975,0.17524134683456435,0.1357975640904981,0.08971913468582039,0.1344264013523972
first2,logreg_behavior,S06,140,23,0.16428571428571428,0.42742222567584864,2.6017005041138614,0.6997398736529171,0.7785714285714286,0.5880713489409142,0.3111111111111111,0.3181818181818182,0.30434782608695654,0.8717948717948718,0.1793366895715909,0.1953853714565337,0.2770496920892845,0.5088906516953553
first2,logreg_dwell_propensity,S06,140,23,0.16428571428571428,0.4479716876692083,2.7267841858125723,0.7082868821999257,0.8214285714285714,0.6137123745819398,0.358974358974359,0.4375,0.30434782608695654,0.9230769230769231,0.2648644914570954,0.1878178728392647,0.2599100648859198,0.6009347941525186
first2,logreg_eeg,S06,140,23,0.16428571428571428,0.16346164794607268,0.9949839440195728,0.4388703084355258,0.32857142857142857,0.5458937198067633,0.29850746268656714,0.18018018018018017,0.8695652173913043,0.2222222222222222,0.08392273252241929,0.29018902106273514,0.3530482628058143,0.31502963045150617
first2,logreg_et,S06,140,23,0.16428571428571428,0.20149764036198153,1.2265073761164094,0.5778520995912301,0.6714285714285714,0.5763656633221851,0.30303030303030304,0.23255813953488372,0.43478260869565216,0.717948717948718,0.12267748898329021,0.21857117709582718,0.2530132374286948,0.5108548301228155
first2,logreg_fusion,S06,140,23,0.16428571428571428,0.16658435827942464,1.0139917460486718,0.5280564845782236,0.6214285714285714,0.44165737643998515,0.13114754098360656,0.10526315789473684,0.17391304347826086,0.7094017094017094,-0.09722566336647394,0.27220842203242573,0.27662470627264724,0.5945412384691835
first2,prevalence,S07,87,12,0.13793103448275862,0.13793103448275862,1.0,0.5,0.8620689655172413,0.5,0.0,0.0,0.0,1.0,0.0,0.1190768928570797,0.013070143373542925,0.5
first2,product_propensity,S07,87,12,0.13793103448275862,0.4524299719887955,3.280117296918767,0.7833333333333333,0.7816091954022989,0.6633333333333333,0.3870967741935484,0.3157894736842105,0.5,0.8266666666666667,0.27264329319658204,0.10344257434002622,0.04549941331019772,0.21053208094859927
first2,visit_count,S07,87,12,0.13793103448275862,0.13793103448275862,1.0,0.5,0.8620689655172413,0.5,0.0,0.0,0.0,1.0,0.0,0.1190768928570797,0.013070143373542925,0.5
first2,total_dwell,S07,87,12,0.13793103448275862,0.6010549151537524,4.357648134864705,0.7577777777777779,0.8045977011494253,0.7466666666666666,0.48484848484848486,0.38095238095238093,0.6666666666666666,0.8266666666666667,0.3975393289191876,0.10118642064732082,0.07714347813717144,0.13005461528648982
first2,logreg_behavior,S07,87,12,0.13793103448275862,0.7026187079945969,5.093985632960828,0.8044444444444444,0.7126436781609196,0.7633333333333334,0.4444444444444444,0.30303030303030304,0.8333333333333334,0.6933333333333334,0.37428570204651607,0.23203813860918482,0.3805371281477196,0.5214247508361501
first2,logreg_dwell_propensity,S07,87,12,0.13793103448275862,0.6875296204340323,4.9845897481467345,0.8888888888888888,0.7931034482758621,0.81,0.5263157894736842,0.38461538461538464,0.8333333333333334,0.7866666666666666,0.46704782368519765,0.2071177021843474,0.3466462922633158,0.5930104409632199
first2,logreg_eeg,S07,87,12,0.13793103448275862,0.2198837581887979,1.5941572468687848,0.6499999999999999,0.8620689655172413,0.5,0.0,0.0,0.0,1.0,0.0,0.16627594992507067,0.21385292282005716,0.8009624268309536
first2,logreg_et,S07,87,12,0.13793103448275862,0.26409615444941537,1.9146971197582614,0.7088888888888889,0.7241379310344828,0.7,0.4,0.2857142857142857,0.6666666666666666,0.7333333333333333,0.29524069878307374,0.2583430497286321,0.3657725760980888,0.6098308983195165
first2,logreg_fusion,S07,87,12,0.13793103448275862,0.31445801633595055,2.2798206184356413,0.6911111111111111,0.7931034482758621,0.565,0.25,0.25,0.25,0.88,0.13,0.16430119434878088,0.19631519973861605,0.5652045029360608
first2,prevalence,S08,137,13,0.0948905109489051,0.0948905109489051,1.0,0.5,0.9051094890510949,0.5,0.0,0.0,0.0,1.0,0.0,0.08921236879424624,0.057672063544539465,0.5
first2,product_propensity,S08,137,13,0.0948905109489051,0.15390093003683267,1.6218790319266212,0.6215880893300247,0.7226277372262774,0.6057692307692308,0.24,0.16216216216216217,0.46153846153846156,0.75,0.13962751160083745,0.09097784795792166,0.07254789847803082,0.18776017396707054
first2,visit_count,S08,137,13,0.0948905109489051,0.0948905109489051,1.0,0.5,0.9051094890510949,0.5,0.0,0.0,0.0,1.0,0.0,0.08921236879424624,0.057672063544539465,0.5
first2,total_dwell,S08,137,13,0.0948905109489051,0.2829089778461019,2.9814253819166128,0.6374069478908189,0.8832116788321168,0.5223325062034739,0.1111111111111111,0.2,0.07692307692307693,0.967741935483871,0.06980363033561134,0.08349013457939325,0.046005463663312235,0.13005472916243205
first2,logreg_behavior,S08,137,13,0.0948905109489051,0.3290323791075951,3.467495072133887,0.7630272952853598,0.8832116788321168,0.5567617866004964,0.2,0.2857142857142857,0.15384615384615385,0.9596774193548387,0.15109422828003807,0.14005171805649733,0.25059367127103577,0.508824298122948
first2,logreg_dwell_propensity,S08,137,13,0.0948905109489051,0.34240606832460313,3.608433181574664,0.7779156327543424,0.8978102189781022,0.5303970223325062,0.125,0.3333333333333333,0.07692307692307693,0.9838709677419355,0.12173922436578168,0.1351923890648675,0.23482586730629088,0.6871987400408345
first2,logreg_eeg,S08,137,13,0.0948905109489051,0.14141589615247616,1.4903059825299412,0.5614143920595533,0.9051094890510949,0.5,0.0,0.0,0.0,1.0,0.0,0.18141033107757956,0.2752339777406871,0.8400945800236779
first2,logreg_et,S08,137,13,0.0948905109489051,0.10657795186475366,1.1231676465747118,0.511166253101737,0.8248175182481752,0.49007444168734493,0.07692307692307693,0.07692307692307693,0.07692307692307693,0.9032258064516129,-0.019851116625310174,0.1546619152457093,0.2174579485003029,0.5343415775529926
first2,logreg_fusion,S08,137,13,0.0948905109489051,0.1126356398160025,1.1870063580609496,0.5272952853598015,0.8102189781021898,0.516439205955335,0.13333333333333333,0.11764705882352941,0.15384615384615385,0.8790322580645161,0.029226598073229,0.18083429452986197,0.22165649935581663,0.6305157862880172
first2,prevalence,S09,84,14,0.16666666666666666,0.16666666666666666,1.0,0.5,0.8333333333333334,0.5,0.0,0.0,0.0,1.0,0.0,0.13915272191898875,0.016242937853107403,0.5
first2,product_propensity,S09,84,14,0.16666666666666666,0.17229159692591617,1.0337495815554971,0.48775510204081635,0.7380952380952381,0.4714285714285714,0.08333333333333333,0.1,0.07142857142857142,0.8714285714285714,-0.06575959492214291,0.14738009516277278,0.08029043576385007,0.22293618482366215
first2,visit_count,S09,84,14,0.16666666666666666,0.16666666666666666,1.0,0.5,0.8333333333333334,0.5,0.0,0.0,0.0,1.0,0.0,0.13915272191898875,0.016242937853107403,0.5
first2,total_dwell,S09,84,14,0.16666666666666666,0.6143183464938291,3.6859100789629746,0.8010204081632653,0.8452380952380952,0.7928571428571429,0.6060606060606061,0.5263157894736842,0.7142857142857143,0.8714285714285714,0.5217535056401378,0.11375688693347905,0.05597239100285375,0.13005465080627848
first2,logreg_behavior,S09,84,14,0.16666666666666666,0.5707325681805844,3.4243954090835063,0.7836734693877551,0.8214285714285714,0.7785714285714286,0.5714285714285714,0.47619047619047616,0.7142857142857143,0.8428571428571429,0.4795122238161564,0.19824132568766706,0.30072546558479063,0.5253356330617357
first2,logreg_dwell_propensity,S09,84,14,0.16666666666666666,0.4642471452367751,2.7854828714206508,0.7714285714285714,0.8333333333333334,0.6714285714285714,0.46153846153846156,0.5,0.42857142857142855,0.9142857142857143,0.3651483716701107,0.18564482890279835,0.25467099595381426,0.6662867501638592
first2,logreg_eeg,S09,84,14,0.16666666666666666,0.26601868953892227,1.5961121372335336,0.6010204081632653,0.8214285714285714,0.4928571428571429,0.0,0.0,0.0,0.9857142857142858,-0.049088069367381595,0.22110135355112753,0.28060317440575916,0.8314417730153525
first2,logreg_et,S09,84,14,0.16666666666666666,0.28549402006533303,1.7129641203919983,0.6510204081632653,0.6309523809523809,0.6071428571428572,0.3404255319148936,0.24242424242424243,0.5714285714285714,0.6428571428571429,0.16351748504193214,0.2574188144347055,0.3252012508881993,0.5348522921431357
first2,logreg_fusion,S09,84,14,0.16666666666666666,0.30968138598272454,1.8580883158963473,0.6857142857142857,0.75,0.7071428571428572,0.46153846153846156,0.36,0.6428571428571429,0.7714285714285715,0.33768905564895757,0.21785652407864975,0.26012244803980417,0.4948231043231644
first2,prevalence,S10,87,11,0.12643678160919541,0.12643678160919541,1.0,0.5,0.8735632183908046,0.5,0.0,0.0,0.0,1.0,0.0,0.11106556025387275,0.024799967507412368,0.5
first2,product_propensity,S10,87,11,0.12643678160919541,0.26289004539915006,2.079221268156914,0.5998803827751197,0.7701149425287356,0.5574162679425837,0.23076923076923078,0.2,0.2727272727272727,0.8421052631578947,0.10103136405654432,0.10800990856711604,0.04196705677971246,0.21080592600706521
first2,visit_count,S10,87,11,0.12643678160919541,0.12643678160919541,1.0,0.5,0.8735632183908046,0.5,0.0,0.0,0.0,1.0,0.0,0.11106556025387275,0.024799967507412368,0.5
first2,total_dwell,S10,87,11,0.12643678160919541,0.20560707598014477,1.6261650554793268,0.49999999999999994,0.8620689655172413,0.5322966507177034,0.14285714285714285,0.3333333333333333,0.09090909090909091,0.9736842105263158,0.11764957176360047,0.11579377880749735,0.06881500599134568,0.1300546181630924
first2,logreg_behavior,S10,87,11,0.12643678160919541,0.25929043638249755,2.050751633207026,0.660287081339713,0.8505747126436781,0.6034688995215312,0.3157894736842105,0.375,0.2727272727272727,0.9342105263157895,0.23800409272904308,0.1681133418414672,0.24503179295720537,0.5260138110027301
first2,logreg_dwell_propensity,S10,87,11,0.12643678160919541,0.29840285128050165,2.360095278309422,0.6614832535885167,0.8620689655172413,0.5711722488038278,0.25,0.4,0.18181818181818182,0.9605263157894737,0.2032599873963597,0.16316980406855885,0.23532495175164006,0.6483652638274311
first2,logreg_eeg,S10,87,11,0.12643678160919541,0.24263074708845714,1.9189886360632518,0.6255980861244019,0.8735632183908046,0.5,0.0,0.0,0.0,1.0,0.0,0.264940323647334,0.37317070655451146,0.9227371189728941
first2,logreg_et,S10,87,11,0.12643678160919541,0.21173406571957296,1.6746239743275313,0.5550239234449761,0.5402298850574713,0.5424641148325359,0.23076923076923078,0.14634146341463414,0.5454545454545454,0.5394736842105263,0.0565437185103695,0.2747162594289427,0.35993260707993097,0.4803495879978006
first2,logreg_fusion,S10,87,11,0.12643678160919541,0.2063764515789298,1.6322501170333539,0.6255980861244019,0.7011494252873564,0.5956937799043062,0.2777777777777778,0.2,0.45454545454545453,0.7368421052631579,0.14055651961417626,0.29014296529146755,0.3778438069772145,0.675766682417229
first2,prevalence,S12,111,20,0.18018018018018017,0.18018018018018017,1.0,0.5,0.8198198198198198,0.5,0.0,0.0,0.0,1.0,0.0,0.14862827239112122,0.03021571678288093,0.5
first2,product_propensity,S12,111,20,0.18018018018018017,0.47331027084704125,2.626872003201079,0.7497252747252747,0.6846846846846847,0.6906593406593406,0.4444444444444444,0.32558139534883723,0.7,0.6813186813186813,0.30083966217506575,0.12998657644577366,0.046728586470835096,0.1703141783029001
first2,visit_count,S12,111,20,0.18018018018018017,0.18018018018018017,1.0,0.5,0.8198198198198198,0.5,0.0,0.0,0.0,1.0,0.0,0.14862827239112122,0.03021571678288093,0.5
first2,total_dwell,S12,111,20,0.18018018018018017,0.4456048386892905,2.4731068547255624,0.7354395604395605,0.8468468468468469,0.6725274725274726,0.48484848484848486,0.6153846153846154,0.4,0.945054945054945,0.4124195421219776,0.14424144186485502,0.10558767102529151,0.13442567304039205
first2,logreg_behavior,S12,111,20,0.18018018018018017,0.48993276869858876,2.719126866277168,0.7912087912087912,0.8558558558558559,0.6780219780219781,0.5,0.6666666666666666,0.4,0.9560439560439561,0.4406878648270159,0.19557859618905934,0.26734109914508997,0.5724970633053713
first2,logreg_dwell_propensity,S12,111,20,0.18018018018018017,0.6265296786803011,3.477239716675671,0.8774725274725275,0.8648648648648649,0.6445054945054945,0.4444444444444444,0.8571428571428571,0.3,0.989010989010989,0.45696649704630976,0.1749795718511821,0.26927910872442534,0.6664634299182467
first2,logreg_eeg,S12,111,20,0.18018018018018017,0.24323241964502615,1.3499399290298952,0.545054945054945,0.8198198198198198,0.5,0.0,0.0,0.0,1.0,0.0,0.19507438700825921,0.19468902386951725,0.8540424907513221
first2,logreg_et,S12,111,20,0.18018018018018017,0.4151835734648435,2.3042688327298815,0.7747252747252747,0.7837837837837838,0.7315934065934067,0.52,0.43333333333333335,0.65,0.8131868131868132,0.4008563279852218,0.21783548329968486,0.2952516434494128,0.5988442432686155
first2,logreg_fusion,S12,111,20,0.18018018018018017,0.31500969882256596,1.7483038284652412,0.6543956043956044,0.7387387387387387,0.6456043956043955,0.40816326530612246,0.3448275862068966,0.5,0.7912087912087912,0.25476176584050303,0.20512361225323278,0.2254627169757025,0.5631282802588766
first2,prevalence,S13,90,24,0.26666666666666666,0.26666666666666666,1.0,0.5,0.7333333333333333,0.5,0.0,0.0,0.0,1.0,0.0,0.20957116827059544,0.11838755304101839,0.5
first2,product_propensity,S13,90,24,0.26666666666666666,0.5284082753350082,1.981531032506281,0.7717803030303031,0.7777777777777778,0.6761363636363636,0.5238095238095238,0.6111111111111112,0.4583333333333333,0.8939393939393939,0.3894521534129447,0.18498680056990324,0.11375661379497347,0.21416696354352213
first2,visit_count,S13,90,24,0.26666666666666666,0.26666666666666666,1.0,0.5,0.7333333333333333,0.5,0.0,0.0,0.0,1.0,0.0,0.20957116827059544,0.11838755304101839,0.5
first2,total_dwell,S13,90,24,0.26666666666666666,0.41750702896928893,1.5656513586348335,0.5681818181818182,0.43333333333333335,0.4943181818181818,0.37037037037037035,0.2631578947368421,0.625,0.36363636363636365,-0.010427987903207354,0.19985302372843577,0.1277716266946536,0.13005456657185002
first2,logreg_behavior,S13,90,24,0.26666666666666666,0.423663040555975,1.5887364020849062,0.5732323232323233,0.4444444444444444,0.5018939393939394,0.375,0.26785714285714285,0.625,0.3787878787878788,0.0034549374551423877,0.3669981152321117,0.37834848084896394,0.5716768982621744
first2,logreg_dwell_propensity,S13,90,24,0.26666666666666666,0.5207662960540796,1.9528736102027986,0.6470959595959596,0.6,0.6079545454545454,0.45454545454545453,0.35714285714285715,0.625,0.5909090909090909,0.19138295395602783,0.333098592092607,0.3606283418548362,0.653589514502342
first2,logreg_eeg,S13,90,24,0.26666666666666666,0.3303396153031344,1.238773557386754,0.4608585858585859,0.6888888888888889,0.5492424242424243,0.3,0.375,0.25,0.8484848484848485,0.11391244105032701,0.3174261649512988,0.32994889793731524,0.7466007865849453
first2,logreg_et,S13,90,24,0.26666666666666666,0.40989329455164775,1.5370998545686791,0.6231060606060607,0.4666666666666667,0.5700757575757576,0.4418604651162791,0.3064516129032258,0.7916666666666666,0.3484848484848485,0.1338753210713477,0.2572910836039505,0.25005090230654314,0.4511230939430357
first2,logreg_fusion,S13,90,24,0.26666666666666666,0.39579690659620886,1.4842383997357833,0.5808080808080808,0.6111111111111112,0.5890151515151515,0.4262295081967213,0.35135135135135137,0.5416666666666666,0.6363636363636364,0.16000469373301632,0.2593705321588088,0.22585677347146915,0.49482565147025637
first2,prevalence,S14,85,9,0.10588235294117647,0.10588235294117647,1.0,0.5,0.8941176470588236,0.5,0.0,0.0,0.0,1.0,0.0,0.09676471760661323,0.0457540963171235,0.5
first2,product_propensity,S14,85,9,0.10588235294117647,0.12678912573649415,1.1974528541780003,0.5577485380116959,0.7176470588235294,0.4992690058479532,0.14285714285714285,0.10526315789473684,0.2222222222222222,0.7763157894736842,-0.0010797499208713398,0.10168236801498225,0.05254912994468598,0.21933831376734259
first2,visit_count,S14,85,9,0.10588235294117647,0.10588235294117647,1.0,0.5,0.8941176470588236,0.5,0.0,0.0,0.0,1.0,0.0,0.09676471760661323,0.0457540963171235,0.5
first2,total_dwell,S14,85,9,0.10588235294117647,0.19206981497522232,1.813992696988211,0.6513157894736842,0.6588235294117647,0.6622807017543859,0.2926829268292683,0.1875,0.6666666666666666,0.6578947368421053,0.20611613949248372,0.09383892846997118,0.021472201733006575,0.13005462272813567
first2,logreg_behavior,S14,85,9,0.10588235294117647,0.22417921584588252,2.1172481496555573,0.6929824561403508,0.611764705882353,0.6359649122807017,0.26666666666666666,0.16666666666666666,0.6666666666666666,0.6052631578947368,0.16933066071398606,0.2619675355537869,0.4069568597860737,0.5267954066465059
first2,logreg_dwell_propensity,S14,85,9,0.10588235294117647,0.19745459639043011,1.8648489659096177,0.7017543859649124,0.7647058823529411,0.5255847953216375,0.16666666666666666,0.13333333333333333,0.2222222222222222,0.8289473684210527,0.04129955231527934,0.2566556661794114,0.39106116008293723,0.661683992982736
first2,logreg_eeg,S14,85,9,0.10588235294117647,0.10263134182544117,0.9692960061291667,0.4532163742690058,0.8941176470588236,0.5,0.0,0.0,0.0,1.0,0.0,0.21309163859959024,0.30894743124456076,0.8311188753283939
first2,logreg_et,S14,85,9,0.10588235294117647,0.2237060865102744,2.1127797059303695,0.6769005847953216,0.6588235294117647,0.46637426900584794,0.12121212121212122,0.08333333333333333,0.2222222222222222,0.7105263157894737,-0.045968384623330055,0.2168843696377298,0.34360643645616507,0.5462303835960557
first2,logreg_fusion,S14,85,9,0.10588235294117647,0.1971051308770607,1.861548458283351,0.672514619883041,0.7058823529411765,0.5906432748538011,0.24242424242424243,0.16666666666666666,0.4444444444444444,0.7368421052631579,0.12391477594115058,0.182146782079734,0.2695461404822117,0.4959531034699193
first2,prevalence,S15,115,26,0.22608695652173913,0.22608695652173913,1.0,0.5,0.7739130434782608,0.5,0.0,0.0,0.0,1.0,0.0,0.18096287800265692,0.07740305801569217,0.5
first2,product_propensity,S15,115,26,0.22608695652173913,0.4057587945285902,1.7947023604149182,0.7059204840103717,0.7043478260869566,0.6047968885047537,0.39285714285714285,0.36666666666666664,0.4230769230769231,0.7865168539325843,0.19965949627009447,0.16628982240115886,0.10051330994339464,0.1917562724014337
first2,visit_count,S15,115,26,0.22608695652173913,0.22608695652173913,1.0,0.5,0.7739130434782608,0.5,0.0,0.0,0.0,1.0,0.0,0.18096287800265692,0.07740305801569217,0.5
first2,total_dwell,S15,115,26,0.22608695652173913,0.44316956697302967,1.9601730846884005,0.7491356957649092,0.6782608695652174,0.6968452895419187,0.5066666666666667,0.3877551020408163,0.7307692307692307,0.6629213483146067,0.3330172206465887,0.15925559326475874,0.09222847731788186,0.1781438409365362
first2,logreg_behavior,S15,115,26,0.22608695652173913,0.4377050133214386,1.9360029435371322,0.7385479688850475,0.6347826086956522,0.6687554019014693,0.475,0.35185185185185186,0.7307692307692307,0.6067415730337079,0.2828834625082997,0.28946733542478653,0.3676342866812673,0.5302831403603829
first2,logreg_dwell_propensity,S15,115,26,0.22608695652173913,0.47440025582024387,2.0983088238203096,0.7873811581676751,0.7217391304347827,0.6977095937770095,0.5151515151515151,0.425,0.6538461538461539,0.7415730337078652,0.3472792136076903,0.27261038401106447,0.35063370486610473,0.6739035363513913
first2,logreg_eeg,S15,115,26,0.22608695652173913,0.30405042972981716,1.344838439189576,0.5842696629213483,0.4434782608695652,0.5587726879861712,0.38461538461538464,0.2564102564102564,0.7692307692307693,0.34831460674157305,0.10525411000559069,0.34239731295321774,0.4016303075408152,0.586421574001473
first2,logreg_et,S15,115,26,0.22608695652173913,0.38208750009777626,1.6900024042786257,0.6789109766637856,0.6173913043478261,0.6302938634399309,0.4358974358974359,0.3269230769230769,0.6538461538461539,0.6067415730337079,0.2190098704493938,0.2703674577481361,0.3353207460937131,0.6051015363455294
first2,logreg_fusion,S15,115,26,0.22608695652173913,0.37201196063109604,1.6454375181760017,0.6672428694900605,0.5130434782608696,0.6037165082108903,0.4166666666666667,0.2857142857142857,0.7692307692307693,0.43820224719101125,0.17778875273088746,0.28218066596094216,0.3367221256606291,0.5040120234634645
first2,prevalence,S16,79,17,0.21518987341772153,0.21518987341772153,1.0,0.5,0.7848101265822784,0.5,0.0,0.0,0.0,1.0,0.0,0.1731929007131433,0.06564837330015744,0.5
first2,product_propensity,S16,79,17,0.21518987341772153,0.4512594182605668,2.097029061328516,0.6631878557874763,0.759493670886076,0.611954459203036,0.3870967741935484,0.42857142857142855,0.35294117647058826,0.8709677419354839,0.24097445203109114,0.15888523431213442,0.06319621738124848,0.21029468044393415
first2,visit_count,S16,79,17,0.21518987341772153,0.21518987341772153,1.0,0.5,0.7848101265822784,0.5,0.0,0.0,0.0,1.0,0.0,0.1731929007131433,0.06564837330015744,0.5
first2,total_dwell,S16,79,17,0.21518987341772153,0.2666277276285631,1.239034734273911,0.6043643263757116,0.6075949367088608,0.5792220113851992,0.3673469387755102,0.28125,0.5294117647058824,0.6290322580645161,0.13263930804629662,0.17561362668851374,0.10555455032065816,0.1333333821938877
first2,logreg_behavior,S16,79,17,0.21518987341772153,0.3053138884162773,1.4188115991109358,0.6793168880455408,0.6835443037974683,0.6703036053130931,0.46808510638297873,0.36666666666666664,0.6470588235294118,0.6935483870967742,0.28841342753092575,0.25122415182185975,0.2872847629549516,0.5505945059769747
first2,logreg_dwell_propensity,S16,79,17,0.21518987341772153,0.38858287764636124,1.8057674902389727,0.7485768500948766,0.759493670886076,0.6973434535104364,0.5128205128205128,0.45454545454545453,0.5882352941176471,0.8064516129032258,0.3618464006178563,0.22771280817270037,0.2692846206572843,0.609155063604101
first2,logreg_eeg,S16,79,17,0.21518987341772153,0.3115211643767405,1.447657175633088,0.5464895635673624,0.7848101265822784,0.5,0.0,0.0,0.0,1.0,0.0,0.19189113608724903,0.178536655339079,0.8704483141338454
first2,logreg_et,S16,79,17,0.21518987341772153,0.2788226431141661,1.2957052238834776,0.6157495256166983,0.6455696202531646,0.603415559772296,0.391304347826087,0.3103448275862069,0.5294117647058824,0.6774193548387096,0.1763405483925743,0.24965112840811712,0.28109128635902386,0.5686768269497924
first2,logreg_fusion,S16,79,17,0.21518987341772153,0.2689032596568657,1.249609265464258,0.5759013282732449,0.6582278481012658,0.5687855787476281,0.34146341463414637,0.2916666666666667,0.4117647058823529,0.7258064516129032,0.12293080659340916,0.19010334366929044,0.09478382381586074,0.36094856009908016
first2,prevalence,S17,92,20,0.21739130434782608,0.21739130434782608,1.0,0.5,0.782608695652174,0.5,0.0,0.0,0.0,1.0,0.0,0.17476977871979818,0.06809885151763742,0.5
first2,product_propensity,S17,92,20,0.21739130434782608,0.3670231134631686,1.6883063219305758,0.5972222222222222,0.5760869565217391,0.5847222222222221,0.38095238095238093,0.27906976744186046,0.6,0.5694444444444444,0.14008005786854827,0.17059920881314514,0.0931415206017457,0.15101503176816986
first2,visit_count,S17,92,20,0.21739130434782608,0.21739130434782608,1.0,0.5,0.782608695652174,0.5,0.0,0.0,0.0,1.0,0.0,0.17476977871979818,0.06809885151763742,0.5
first2,total_dwell,S17,92,20,0.21739130434782608,0.5471000216791113,2.516660099723912,0.7440972222222222,0.8043478260869565,0.6763888888888889,0.5,0.5625,0.45,0.9027777777777778,0.38389784901654783,0.16795330463513347,0.1349251614413429,0.13005466881631217
first2,logreg_behavior,S17,92,20,0.21739130434782608,0.5960714292643184,2.741928574615865,0.79375,0.8152173913043478,0.6833333333333333,0.5142857142857142,0.6,0.45,0.9166666666666666,0.4094130525753272,0.1848898257908495,0.227386440258999,0.5499678317261468
first2,logreg_dwell_propensity,S17,92,20,0.21739130434782608,0.5656927732737652,2.6021867570593202,0.7409722222222223,0.8260869565217391,0.6541666666666667,0.4666666666666667,0.7,0.35,0.9583333333333334,0.4085966464769322,0.1876159943518397,0.2186474357220588,0.6647418023688131
first2,logreg_eeg,S17,92,20,0.21739130434782608,0.2941782344637733,1.3532198785333571,0.5152777777777778,0.5869565217391305,0.5013888888888889,0.2692307692307692,0.21875,0.35,0.6527777777777778,0.0024056261216234406,0.30601966133194997,0.3578317705863104,0.630056470543687
first2,logreg_et,S17,92,20,0.21739130434782608,0.42298688381326605,1.945739665541024,0.6777777777777777,0.75,0.5875,0.34285714285714286,0.4,0.3,0.875,0.1954016841836789,0.20913308612038428,0.21995008897262397,0.6105161237398244
first2,logreg_fusion,S17,92,20,0.21739130434782608,0.3014798907236413,1.3868074973287499,0.6027777777777777,0.7282608695652174,0.5375,0.24242424242424243,0.3076923076923077,0.2,0.875,0.08880906293392334,0.2178873879417043,0.18604532883205338,0.6224390473470965
first2,prevalence,S18,131,19,0.1450381679389313,0.1450381679389313,1.0,0.5,0.8549618320610687,0.5,0.0,0.0,0.0,1.0,0.0,0.12403665196178872,0.005878280525719953,0.5
first2,product_propensity,S18,131,19,0.1450381679389313,0.4443027352881306,3.0633504380392163,0.7457706766917294,0.7175572519083969,0.681860902255639,0.39344262295081966,0.2857142857142857,0.631578947368421,0.7321428571428571,0.27443247372634605,0.11013739584248015,0.03065500765576147,0.18143216984526808
first2,visit_count,S18,131,19,0.1450381679389313,0.1450381679389313,1.0,0.5,0.8549618320610687,0.5,0.0,0.0,0.0,1.0,0.0,0.12403665196178872,0.005878280525719953,0.5
first2,total_dwell,S18,131,19,0.1450381679389313,0.5506895086430565,3.796859243802127,0.7568139097744361,0.732824427480916,0.668937969924812,0.38596491228070173,0.2894736842105263,0.5789473684210527,0.7589285714285714,0.2621861860168325,0.1091819591501506,0.049906133150656284,0.1300546194137892
first2,logreg_behavior,S18,131,19,0.1450381679389313,0.5456832331273891,3.762342291562525,0.7828947368421052,0.7557251908396947,0.7260338345864662,0.4482758620689655,0.3333333333333333,0.6842105263157895,0.7678571428571429,0.34814730931194704,0.1873020414203483,0.2772874507183117,0.5031455726692416
first2,logreg_dwell_propensity,S18,131,19,0.1450381679389313,0.6347446662599955,4.376397435792601,0.824718045112782,0.8396946564885496,0.7095864661654135,0.4878048780487805,0.45454545454545453,0.5263157894736842,0.8928571428571429,0.3948702849898061,0.17518154661697485,0.26520577700820036,0.6314131527090652
first2,logreg_eeg,S18,131,19,0.1450381679389313,0.20105368345265828,1.3862122385420124,0.4642857142857143,0.5114503816793893,0.4083646616541353,0.13513513513513514,0.09090909090909091,0.2631578947368421,0.5535714285714286,-0.13076473990833815,0.2868351331663071,0.3697217169736566,0.569383168016201
first2,logreg_et,S18,131,19,0.1450381679389313,0.2641068023295716,1.8209469002723098,0.6776315789473685,0.5801526717557252,0.6452067669172932,0.3373493975903614,0.21875,0.7368421052631579,0.5535714285714286,0.20458570025203449,0.24070058533122693,0.3432572104995444,0.5104345060797323
first2,logreg_fusion,S18,131,19,0.1450381679389313,0.21284327653126445,1.4674983802945076,0.6212406015037594,0.5648854961832062,0.5488721804511278,0.2597402597402597,0.1724137931034483,0.5263157894736842,0.5714285714285714,0.06929503146579372,0.2568939707245535,0.33314990742171724,0.5172621042577912
first2,prevalence,S19,139,12,0.08633093525179857,0.08633093525179857,1.0,0.5,0.9136690647482014,0.5,0.0,0.0,0.0,1.0,0.0,0.08330586268972776,0.06654290209616233,0.5
first2,product_propensity,S19,139,12,0.08633093525179857,0.2963293056744396,3.4324811240622584,0.806758530183727,0.7769784172661871,0.6893044619422573,0.3111111111111111,0.21212121212121213,0.5833333333333334,0.7952755905511811,0.2499041263170827,0.07351264870415046,0.07008161261000385,0.19076576576576576
first2,visit_count,S19,139,12,0.08633093525179857,0.08633093525179857,1.0,0.5,0.9136690647482014,0.5,0.0,0.0,0.0,1.0,0.0,0.08330586268972776,0.06654290209616233,0.5
first2,total_dwell,S19,139,12,0.08633093525179857,0.18680176567722367,2.1637871190945073,0.631233595800525,0.7410071942446043,0.6318897637795275,0.25,0.16666666666666666,0.5,0.7637795275590551,0.16910782616806694,0.08024729530595771,0.03853438543462244,0.134425891286981
first2,logreg_behavior,S19,139,12,0.08633093525179857,0.17634999129454773,2.042720732495178,0.6161417322834646,0.8273381294964028,0.6414041994750657,0.29411764705882354,0.22727272727272727,0.4166666666666667,0.8661417322834646,0.21761083498778686,0.1732513049184894,0.240094077646315,0.5446422809034204
first2,logreg_dwell_propensity,S19,139,12,0.08633093525179857,0.2259130947455079,2.616826680802133,0.7270341207349081,0.8489208633093526,0.6909448818897638,0.36363636363636365,0.2857142857142857,0.5,0.8818897637795275,0.29948829275591915,0.15735373934420938,0.227718417960921,0.5687205363771541
first2,logreg_eeg,S19,139,12,0.08633093525179857,0.10703727691112344,1.2398484575538464,0.5314960629921259,0.2517985611510791,0.47736220472440943,0.14754098360655737,0.08181818181818182,0.75,0.2047244094488189,-0.03129401350920932,0.23725060818054683,0.3677206820556162,0.3072291474224097
first2,logreg_et,S19,139,12,0.08633093525179857,0.1621541888191727,1.8782860204887504,0.636482939632546,0.6474820143884892,0.5807086614173229,0.19672131147540983,0.12244897959183673,0.5,0.6614173228346457,0.09489062974764897,0.2343994474481257,0.3728577892759938,0.5392958090843548
first2,logreg_fusion,S19,139,12,0.08633093525179857,0.13304030781582374,1.5410502321999582,0.6003937007874015,0.4748201438848921,0.5616797900262467,0.1797752808988764,0.1038961038961039,0.6666666666666666,0.4566929133858268,0.06969861664109102,0.2416205549865862,0.35692156650726997,0.4057205547454135
first2,prevalence,S20,67,9,0.13432835820895522,0.13432835820895522,1.0,0.5,0.8656716417910447,0.5,0.0,0.0,0.0,1.0,0.0,0.1165620767739308,0.016668124792217104,0.5
first2,product_propensity,S20,67,9,0.13432835820895522,0.22428110971869938,1.6696482612392065,0.6360153256704981,0.8059701492537313,0.5593869731800767,0.23529411764705882,0.25,0.2222222222222222,0.896551724137931,0.1249066148993453,0.1183588038083682,0.03796308958792232,0.20962599842309143
first2,visit_count,S20,67,9,0.13432835820895522,0.13432835820895522,1.0,0.5,0.8656716417910447,0.5,0.0,0.0,0.0,1.0,0.0,0.1165620767739308,0.016668124792217104,0.5
first2,total_dwell,S20,67,9,0.13432835820895522,0.5030221240747557,3.744720257000959,0.8017241379310345,0.4925373134328358,0.6599616858237547,0.32,0.1951219512195122,0.8888888888888888,0.43103448275862066,0.22387346303932826,0.1091287469629778,0.1233505966119945,0.13442602461125824
first2,logreg_behavior,S20,67,9,0.13432835820895522,0.5268829944344052,3.922351180789461,0.8199233716475095,0.5074626865671642,0.6685823754789272,0.32653061224489793,0.2,0.8888888888888888,0.4482758620689655,0.23440428072618782,0.367210322057568,0.5021931077583041,0.5452612549787783
first2,logreg_dwell_propensity,S20,67,9,0.13432835820895522,0.4622615039281706,3.4412800847986036,0.8314176245210728,0.6567164179104478,0.7078544061302683,0.3783783783783784,0.25,0.7777777777777778,0.6379310344827587,0.2874174706526878,0.3270185131160428,0.45083818785727325,0.6633581906536464
first2,logreg_eeg,S20,67,9,0.13432835820895522,0.2052714509703757,1.5281319127794635,0.578544061302682,0.8507462686567164,0.49137931034482757,0.0,0.0,0.0,0.9827586206896551,-0.048488113787642693,0.2638411804131236,0.38180909404478197,0.7753725333744622
first2,logreg_et,S20,67,9,0.13432835820895522,0.40632099674000094,3.024834086842229,0.7777777777777778,0.6716417910447762,0.7164750957854407,0.3888888888888889,0.25925925925925924,0.7777777777777778,0.6551724137931034,0.30099640593249116,0.2919201218590905,0.4389643349802859,0.613951615573168
first2,logreg_fusion,S20,67,9,0.13432835820895522,0.42218152218152216,3.1429068873513315,0.8390804597701149,0.2835820895522388,0.5862068965517242,0.2727272727272727,0.15789473684210525,1.0,0.1724137931034483,0.16499463776140771,0.2800510952416756,0.41580699861244985,0.3148985540006302
first2,prevalence,S21,83,17,0.20481927710843373,0.20481927710843373,1.0,0.5,0.7951807228915663,0.5,0.0,0.0,0.0,1.0,0.0,0.1659084294837044,0.05513699892533183,0.5
first2,product_propensity,S21,83,17,0.20481927710843373,0.3101525578323301,1.5142742529460822,0.588680926916221,0.7108433734939759,0.5998217468805704,0.3684210526315789,0.3333333333333333,0.4117647058823529,0.7878787878787878,0.18533015875418707,0.16073735282596005,0.07043538502025772,0.19266170194962767
first2,visit_count,S21,83,17,0.20481927710843373,0.20481927710843373,1.0,0.5,0.7951807228915663,0.5,0.0,0.0,0.0,1.0,0.0,0.1659084294837044,0.05513699892533183,0.5
first2,total_dwell,S21,83,17,0.20481927710843373,0.5234418630528788,2.5556279196111142,0.7085561497326203,0.7590361445783133,0.7174688057040999,0.5238095238095238,0.44,0.6470588235294118,0.7878787878787878,0.38259509015650356,0.15184366057406623,0.08851100080593119,0.1344264209570693
first2,logreg_behavior,S21,83,17,0.20481927710843373,0.5701289929368278,2.783570965515101,0.713903743315508,0.7108433734939759,0.7090017825311943,0.5,0.3870967741935484,0.7058823529411765,0.7121212121212122,0.34873368227099244,0.23411430421319246,0.3086660985723499,0.527057472990202
first2,logreg_dwell_propensity,S21,83,17,0.20481927710843373,0.6191634737204761,3.022974606988207,0.7486631016042781,0.7710843373493976,0.7032085561497327,0.5128205128205128,0.45454545454545453,0.5882352941176471,0.8181818181818182,0.37161407638159377,0.23104955481021472,0.3026712185756564,0.6621258907793081
first2,logreg_eeg,S21,83,17,0.20481927710843373,0.3649257385934945,1.7816962531329437,0.6114081996434937,0.8313253012048193,0.6537433155080214,0.46153846153846156,0.6666666666666666,0.35294117647058826,0.9545454545454546,0.39910351434930774,0.2872668469552252,0.35771593204095653,0.7457746334820653
first2,logreg_et,S21,83,17,0.20481927710843373,0.33437686122181876,1.6325458518477034,0.6693404634581105,0.6867469879518072,0.60650623885918,0.38095238095238093,0.32,0.47058823529411764,0.7424242424242424,0.1873775134168122,0.25501776360750045,0.3160887188797501,0.6288291111398248
first2,logreg_fusion,S21,83,17,0.20481927710843373,0.36772609359340236,1.795368574603082,0.6363636363636364,0.5060240963855421,0.5802139037433155,0.36923076923076925,0.25,0.7058823529411765,0.45454545454545453,0.13110565838010918,0.28541225607279674,0.3270083631658991,0.49137964621513425
first2,prevalence,S22,91,18,0.1978021978021978,0.1978021978021978,1.0,0.5,0.8021978021978022,0.5,0.0,0.0,0.0,1.0,0.0,0.160987536313879,0.048073360263881426,0.5
first2,product_propensity,S22,91,18,0.1978021978021978,0.27291758637756314,1.3797500200199027,0.5266362252663623,0.7692307692307693,0.5840943683409436,0.3225806451612903,0.38461538461538464,0.2777777777777778,0.8904109589041096,0.19145892387985436,0.16422900354656098,0.09674772566438808,0.22236425742366772
first2,visit_count,S22,91,18,0.1978021978021978,0.1978021978021978,1.0,0.5,0.8021978021978022,0.5,0.0,0.0,0.0,1.0,0.0,0.160987536313879,0.048073360263881426,0.5
first2,total_dwell,S22,91,18,0.1978021978021978,0.6968347509442094,3.52288679644017,0.8059360730593608,0.8571428571428571,0.7016742770167428,0.5517241379310345,0.7272727272727273,0.4444444444444444,0.958904109589041,0.4928750690380457,0.15657271815596213,0.11864515789335187,0.13442600225505322
first2,logreg_behavior,S22,91,18,0.1978021978021978,0.7483418714675559,3.783283905752644,0.8957382039573821,0.8571428571428571,0.6807458143074582,0.5185185185185185,0.7777777777777778,0.3888888888888889,0.9726027397260274,0.4823560677974694,0.15326572825685353,0.2495183279639885,0.5563936212246211
first2,logreg_dwell_propensity,S22,91,18,0.1978021978021978,0.4652003453691189,2.3518461904772123,0.7496194824961949,0.8131868131868132,0.5905631659056316,0.32,0.5714285714285714,0.2222222222222222,0.958904109589041,0.2707638067882481,0.16680342099054626,0.20523122757258383,0.6496604108371236
first2,logreg_eeg,S22,91,18,0.1978021978021978,0.4325154824647626,2.186606050238522,0.7161339421613394,0.24175824175824176,0.5273972602739726,0.34285714285714286,0.20689655172413793,1.0,0.0547945205479452,0.10647439764914043,0.35879367450813043,0.4502454868041802,0.3121839842359205
first2,logreg_et,S22,91,18,0.1978021978021978,0.3925651760195892,1.9846350565434787,0.6643835616438356,0.7912087912087912,0.5768645357686453,0.2962962962962963,0.4444444444444444,0.2222222222222222,0.9315068493150684,0.20512826462123962,0.1983772942526224,0.21378816085579433,0.6115441267685005
first2,logreg_fusion,S22,91,18,0.1978021978021978,0.4078823834478935,2.0620720496532394,0.7336377473363775,0.32967032967032966,0.5403348554033485,0.34408602150537637,0.21333333333333335,0.8888888888888888,0.1917808219178082,0.0844145985869244,0.314052598863913,0.4062929144389796,0.41982318470569424
first2,prevalence,S23,143,21,0.14685314685314685,0.14685314685314685,1.0,0.5,0.8531468531468531,0.5,0.0,0.0,0.0,1.0,0.0,0.12530344590564832,0.004018182819806065,0.5
first2,product_propensity,S23,143,21,0.14685314685314685,0.3251377125981032,2.2140329953108933,0.6795472287275566,0.7062937062937062,0.6307572209211554,0.34375,0.2558139534883721,0.5238095238095238,0.7377049180327869,0.2018603454811157,0.11872685828745601,0.02394001158367322,0.181657848324515
first2,visit_count,S23,143,21,0.14685314685314685,0.14685314685314685,1.0,0.5,0.8531468531468531,0.5,0.0,0.0,0.0,1.0,0.0,0.12530344590564832,0.004018182819806065,0.5
first2,total_dwell,S23,143,21,0.14685314685314685,0.3093687975490686,2.106654192834134,0.6422716627634659,0.6013986013986014,0.6284153005464481,0.32941176470588235,0.21875,0.6666666666666666,0.5901639344262295,0.1828238280971062,0.12099883859591665,0.04463294762228412,0.13442603274078735
first2,logreg_behavior,S23,143,21,0.14685314685314685,0.31250736592114886,2.1280263488916327,0.6682279469164715,0.5944055944055944,0.6440281030444965,0.3409090909090909,0.22388059701492538,0.7142857142857143,0.5737704918032787,0.20432551471849947,0.2783464299688661,0.39013410228991696,0.516076469431047
first2,logreg_dwell_propensity,S23,143,21,0.14685314685314685,0.33160014012090017,2.2580390493947013,0.7263856362217017,0.7132867132867133,0.6742779078844653,0.3880597014925373,0.2826086956521739,0.6190476190476191,0.7295081967213115,0.26411746071173287,0.2597358583389293,0.36887222188082625,0.599981556240573
first2,logreg_eeg,S23,143,21,0.14685314685314685,0.1342272783753591,0.9140238479845882,0.455503512880562,0.8461538461538461,0.4959016393442623,0.0,0.0,0.0,0.9918032786885246,-0.03481653601187346,0.3626635238730863,0.46811373861514577,0.8804730019466285
first2,logreg_et,S23,143,21,0.14685314685314685,0.20542944111371925,1.3988766704410407,0.5999219359875098,0.5664335664335665,0.5487900078064012,0.2619047619047619,0.1746031746031746,0.5238095238095238,0.5737704918032787,0.06957211044824173,0.26087758079825774,0.3499548913136934,0.5405242795222653
first2,logreg_fusion,S23,143,21,0.14685314685314685,0.2316425733425821,1.5773756184756782,0.5718188914910226,0.6083916083916084,0.5733801717408276,0.28205128205128205,0.19298245614035087,0.5238095238095238,0.6229508196721312,0.10609908260816499,0.3371721748835794,0.43424509134179573,0.6446589330149316
first2,prevalence,S24,132,16,0.12121212121212122,0.12121212121212122,1.0,0.5,0.8787878787878788,0.5,0.0,0.0,0.0,1.0,0.0,0.10744722222222224,0.030454545454545456,0.5
first2,product_propensity,S24,132,16,0.12121212121212122,0.3027097668645654,2.4973555766326645,0.7007004310344829,0.696969696969697,0.6390086206896552,0.3103448275862069,0.21428571428571427,0.5625,0.7155172413793104,0.1948116011286765,0.10229138804787104,0.056965772103393174,0.17901403382511696
first2,visit_count,S24,132,16,0.12121212121212122,0.12121212121212122,1.0,0.5,0.8787878787878788,0.5,0.0,0.0,0.0,1.0,0.0,0.10744722222222224,0.030454545454545456,0.5
first2,total_dwell,S24,132,16,0.12121212121212122,0.20787303102023383,1.714952505916929,0.5584590517241379,0.5984848484848485,0.5021551724137931,0.18461538461538463,0.12244897959183673,0.375,0.6293103448275862,0.0029118159112199128,0.10780834094384949,0.07117908442370934,0.13005461222228268
first2,logreg_behavior,S24,132,16,0.12121212121212122,0.2196514384821415,1.8121243674776673,0.6196120689655173,0.5909090909090909,0.4978448275862069,0.18181818181818182,0.12,0.375,0.6206896551724138,-0.002900073952828708,0.27139662730394204,0.3904417115434605,0.5346317038117592
first2,logreg_dwell_propensity,S24,132,16,0.12121212121212122,0.292247698300659,2.4110435109804365,0.7079741379310345,0.7878787878787878,0.6368534482758621,0.3333333333333333,0.2692307692307692,0.4375,0.8362068965517241,0.22461311960975427,0.2474543406846531,0.36583614311016455,0.6683031602206232
first2,logreg_eeg,S24,132,16,0.12121212121212122,0.12495031697994508,1.0308401150845468,0.4886853448275862,0.8787878787878788,0.5,0.0,0.0,0.0,1.0,0.0,0.2344233103353581,0.33314901793835466,0.9188617947807486
first2,logreg_et,S24,132,16,0.12121212121212122,0.21604443408928306,1.7823665812365852,0.6384698275862069,0.4621212121212121,0.6131465517241379,0.26804123711340205,0.16049382716049382,0.8125,0.41379310344827586,0.15168153218526692,0.2785495446401558,0.4112483700852715,0.49390567045090333
first2,logreg_fusion,S24,132,16,0.12121212121212122,0.23367156969947028,1.9277904500206298,0.6460129310344829,0.49242424242424243,0.6573275862068966,0.29473684210526313,0.17721518987341772,0.875,0.4396551724137931,0.2094943818647097,0.2437776222068443,0.35533624136594466,0.4301023673588604
first2,prevalence,S25,132,6,0.045454545454545456,0.045454545454545456,1.0,0.5,0.9545454545454546,0.5,0.0,0.0,0.0,1.0,0.0,0.05518088538445682,0.10859307359307356,0.5
first2,product_propensity,S25,132,6,0.045454545454545456,0.11202384640762802,2.4645246209678167,0.7837301587301587,0.7272727272727273,0.6984126984126984,0.18181818181818182,0.10526315789473684,0.6666666666666666,0.7301587301587301,0.18255958165266709,0.056505100049749526,0.10618974234724442,0.18045340050377834
first2,visit_count,S25,132,6,0.045454545454545456,0.045454545454545456,1.0,0.5,0.9545454545454546,0.5,0.0,0.0,0.0,1.0,0.0,0.05518088538445682,0.10859307359307356,0.5
first2,total_dwell,S25,132,6,0.045454545454545456,0.6058004052684903,13.327608915906787,0.9252645502645503,0.9545454545454546,0.7380952380952381,0.5,0.5,0.5,0.9761904761904762,0.47619047619047616,0.03385656679358127,0.05300550593830987,0.13005459821447868
first2,logreg_behavior,S25,132,6,0.045454545454545456,0.6620370370370371,14.564814814814815,0.8505291005291005,0.9621212121212122,0.7420634920634921,0.5454545454545454,0.6,0.5,0.9841269841269841,0.5282424821850301,0.14007439145494166,0.33314553188086865,0.5421434235969326
first2,logreg_dwell_propensity,S25,132,6,0.045454545454545456,0.7195071010860484,15.829156223893065,0.8862433862433863,0.9772727272727273,0.8293650793650793,0.7272727272727273,0.8,0.6666666666666666,0.9920634920634921,0.7187561642845491,0.13605416213559282,0.3165990175171298,0.6542208947078505
first2,logreg_eeg,S25,132,6,0.045454545454545456,0.08775177341686946,1.9305390151711281,0.46428571428571425,0.7348484848484849,0.5436507936507936,0.10256410256410256,0.06060606060606061,0.3333333333333333,0.753968253968254,0.0419960525565808,0.22142867913998301,0.3890913847196157,0.5351236995619649
first2,logreg_et,S25,132,6,0.045454545454545456,0.2833145221785084,6.232919487927185,0.7142857142857143,0.8712121212121212,0.7738095238095237,0.32,0.21052631578947367,0.6666666666666666,0.8809523809523809,0.324955147716031,0.1564462304191592,0.32088997483180554,0.5319748073745232
first2,logreg_fusion,S25,132,6,0.045454545454545456,0.23074544599045504,5.076399811790011,0.6071428571428572,0.8863636363636364,0.7023809523809523,0.2857142857142857,0.2,0.5,0.9047619047619048,0.2656574308651474,0.14843693090715013,0.2833708198005952,0.5899136900529328
first2,prevalence,S26,69,21,0.30434782608695654,0.30434782608695654,1.0,0.5,0.6956521739130435,0.5,0.0,0.0,0.0,1.0,0.0,0.23608600751159467,0.15609542167691673,0.5
first2,product_propensity,S26,69,21,0.30434782608695654,0.5154164500788199,1.6935111931161224,0.666170634920635,0.6666666666666666,0.5729166666666666,0.3783783783783784,0.4375,0.3333333333333333,0.8125,0.1589970778181693,0.2196681350682901,0.14682169756428248,0.21016956735716522
first2,visit_count,S26,69,21,0.30434782608695654,0.30434782608695654,1.0,0.5,0.6956521739130435,0.5,0.0,0.0,0.0,1.0,0.0,0.23608600751159467,0.15609542167691673,0.5
first2,total_dwell,S26,69,21,0.30434782608695654,0.4057048057680325,1.3330300760949638,0.6383928571428572,0.6811594202898551,0.5029761904761905,0.08333333333333333,0.3333333333333333,0.047619047619047616,0.9583333333333334,0.013430382733756338,0.2660662866763979,0.2476912813399559,0.13005470164710278
first2,logreg_behavior,S26,69,21,0.30434782608695654,0.4304730993544785,1.4144116121647148,0.679563492063492,0.6811594202898551,0.5029761904761905,0.08333333333333333,0.3333333333333333,0.047619047619047616,0.9583333333333334,0.013430382733756338,0.2121257087516922,0.0983751450174852,0.5265613073497005
first2,logreg_dwell_propensity,S26,69,21,0.30434782608695654,0.4948768383805246,1.6260238975360093,0.7202380952380951,0.6811594202898551,0.4895833333333333,0.0,0.0,0.0,0.9791666666666666,-0.0802111184899685,0.19963877487781628,0.10675252235443844,0.666061031233955
first2,logreg_eeg,S26,69,21,0.30434782608695654,0.4423044362752629,1.4532860049044352,0.5515873015873016,0.6956521739130435,0.5,0.0,0.0,0.0,1.0,0.0,0.2195312067341418,0.16706354925807682,0.8190244196039979
first2,logreg_et,S26,69,21,0.30434782608695654,0.38047045526275863,1.250117210149064,0.5545634920634921,0.7101449275362319,0.5639880952380952,0.2857142857142857,0.5714285714285714,0.19047619047619047,0.9375,0.19503590932172113,0.23561841059222233,0.17878916531000322,0.6039003268811901
first2,logreg_fusion,S26,69,21,0.30434782608695654,0.4421713687700498,1.4528487831015922,0.5714285714285715,0.7101449275362319,0.5372023809523809,0.16666666666666666,0.6666666666666666,0.09523809523809523,0.9791666666666666,0.16787978417195423,0.22402351935533624,0.161573838512965,0.6880806703220492
first2,prevalence,S27,65,8,0.12307692307692308,0.12307692307692308,1.0,0.5,0.8769230769230769,0.5,0.0,0.0,0.0,1.0,0.0,0.10871765697792792,0.028083142542950384,0.5
first2,product_propensity,S27,65,8,0.12307692307692308,0.2956810313957978,2.4024083800908573,0.6655701754385965,0.7538461538461538,0.5372807017543859,0.2,0.16666666666666666,0.25,0.8245614035087719,0.06313467335805807,0.10400187186469462,0.05958355810956359,0.22229916897506927
first2,visit_count,S27,65,8,0.12307692307692308,0.12307692307692308,1.0,0.5,0.8769230769230769,0.5,0.0,0.0,0.0,1.0,0.0,0.10871765697792792,0.028083142542950384,0.5
first2,total_dwell,S27,65,8,0.12307692307692308,0.6366865079365079,5.173077876984126,0.849780701754386,0.7384615384615385,0.6359649122807017,0.32,0.23529411764705882,0.5,0.7719298245614035,0.20327978113586373,0.08349208284414916,0.056477519163941295,0.13005456450820035
first2,logreg_behavior,S27,65,8,0.12307692307692308,0.6158501683501684,5.0037826178451175,0.8530701754385965,0.7230769230769231,0.680921052631579,0.35714285714285715,0.25,0.625,0.7368421052631579,0.25756109818496586,0.2043993621855821,0.36128013204263343,0.5223781672953955
first2,logreg_dwell_propensity,S27,65,8,0.12307692307692308,0.6561809352927774,5.331470099253816,0.8552631578947368,0.8923076923076924,0.7774122807017544,0.5882352941176471,0.5555555555555556,0.625,0.9298245614035088,0.5277434254308542,0.20750841891985364,0.3529699856582133,0.6877022782898283
first2,logreg_eeg,S27,65,8,0.12307692307692308,0.13284185761556452,1.0793400931264616,0.5241228070175439,0.8769230769230769,0.5,0.0,0.0,0.0,1.0,0.0,0.1849426216940762,0.23973853185156874,0.8456652757270288
first2,logreg_et,S27,65,8,0.12307692307692308,0.16010932956252194,1.3008883026954907,0.48684210526315785,0.5846153846153846,0.4407894736842105,0.12903225806451613,0.08695652173913043,0.25,0.631578947368421,-0.08136221724826642,0.2498278951705634,0.3393760000007825,0.5493778804296712
first2,logreg_fusion,S27,65,8,0.12307692307692308,0.1417463062300019,1.1516887381187653,0.5504385964912281,0.8461538461538461,0.4824561403508772,0.0,0.0,0.0,0.9649122807017544,-0.06675015657623451,0.2072177866561103,0.24253317196381963,0.7846419802925615
first2,prevalence,S28,98,16,0.16326530612244897,0.16326530612244897,1.0,0.5,0.8367346938775511,0.5,0.0,0.0,0.0,1.0,0.0,0.13677401009543774,0.01281655789382355,0.5
first2,product_propensity,S28,98,16,0.16326530612244897,0.40622196989263326,2.488109565592379,0.7881097560975611,0.7959183673469388,0.7019817073170731,0.47368421052631576,0.4090909090909091,0.5625,0.8414634146341463,0.35784159054127707,0.12406521163304715,0.05948835010374748,0.19023357700164906
first2,visit_count,S28,98,16,0.16326530612244897,0.16326530612244897,1.0,0.5,0.8367346938775511,0.5,0.0,0.0,0.0,1.0,0.0,0.13677401009543774,0.01281655789382355,0.5
first2,total_dwell,S28,98,16,0.16326530612244897,0.3928569664721302,2.4062489196417975,0.6996951219512195,0.8163265306122449,0.6638719512195121,0.4375,0.4375,0.4375,0.8902439024390244,0.3277439024390244,0.1337813558457086,0.0878107313348292,0.13005460096601162
first2,logreg_behavior,S28,98,16,0.16326530612244897,0.41013130913593626,2.51205426845761,0.7103658536585366,0.8367346938775511,0.7263719512195121,0.5294117647058824,0.5,0.5625,0.8902439024390244,0.4321537455074265,0.20641796992397182,0.2957224570148624,0.5378387778875884
first2,logreg_dwell_propensity,S28,98,16,0.16326530612244897,0.5035510701307454,3.084250304550816,0.8666158536585366,0.8367346938775511,0.5754573170731707,0.2727272727272727,0.5,0.1875,0.9634146341463414,0.2326637554878487,0.17756488049165522,0.2727108442519157,0.7356263611324988
first2,logreg_eeg,S28,98,16,0.16326530612244897,0.21943723748846014,1.3440530796168184,0.6364329268292683,0.826530612244898,0.49390243902439024,0.0,0.0,0.0,0.9878048780487805,-0.04485049060397948,0.16440284126994453,0.16530019737380885,0.6306657902296355
first2,logreg_et,S28,98,16,0.16326530612244897,0.25059839378946286,1.5349151619604602,0.5861280487804877,0.6836734693877551,0.5846036585365854,0.3111111111111111,0.2413793103448276,0.4375,0.7317073170731707,0.1370132325075971,0.23056837673774835,0.28923748853878123,0.562952232103773
first2,logreg_fusion,S28,98,16,0.16326530612244897,0.22336228141379677,1.3680939736595052,0.59375,0.7346938775510204,0.5396341463414633,0.23529411764705882,0.2222222222222222,0.25,0.8292682926829268,0.0756632820417043,0.19799501082080212,0.18772703955709852,0.5669189126545826
first2,prevalence,S29,114,13,0.11403508771929824,0.11403508771929824,1.0,0.5,0.8859649122807017,0.5,0.0,0.0,0.0,1.0,0.0,0.10245204401826395,0.037695590327169265,0.5
first2,product_propensity,S29,114,13,0.11403508771929824,0.21136832541904,1.8535376229054277,0.6717440974866717,0.6754385964912281,0.6492764661081494,0.3018867924528302,0.2,0.6153846153846154,0.6831683168316832,0.19884187442095677,0.10227505029345106,0.08889847671663183,0.17449194113524877
first2,visit_count,S29,114,13,0.11403508771929824,0.11403508771929824,1.0,0.5,0.8859649122807017,0.5,0.0,0.0,0.0,1.0,0.0,0.10245204401826395,0.037695590327169265,0.5
first2,total_dwell,S29,114,13,0.11403508771929824,0.2469078412830324,2.1651918389435147,0.7425742574257426,0.8421052631578947,0.5087585681645087,0.1,0.14285714285714285,0.07692307692307693,0.9405940594059405,0.023192873760724687,0.09884087695403689,0.04315960612202764,0.1387976155997346
first2,logreg_behavior,S29,114,13,0.11403508771929824,0.23540592310485844,2.0643288641502973,0.6519421172886519,0.8157894736842105,0.49390708301599395,0.08695652173913043,0.1,0.07692307692307693,0.9108910891089109,-0.013692127984307224,0.15889189792153754,0.2286563203591112,0.535838719006467
first2,logreg_dwell_propensity,S29,114,13,0.11403508771929824,0.3030628386779015,2.657627969944675,0.7151561309977151,0.868421052631579,0.5906321401370906,0.2857142857142857,0.375,0.23076923076923078,0.9504950495049505,0.22555199246153182,0.15042860382170073,0.23017313563407357,0.6019056455264823
first2,logreg_eeg,S29,114,13,0.11403508771929824,0.14517796478889478,1.2730990758410774,0.6275704493526276,0.8859649122807017,0.5,0.0,0.0,0.0,1.0,0.0,0.2648843431180764,0.39085424117104467,0.8906490808565508
first2,logreg_et,S29,114,13,0.11403508771929824,0.28575499384464303,2.505851484483793,0.6603198781416604,0.7368421052631579,0.5498857578065499,0.21052631578947367,0.16,0.3076923076923077,0.7920792079207921,0.07664325221605887,0.22776051393553795,0.32987859881258974,0.62889314145875
first2,logreg_fusion,S29,114,13,0.11403508771929824,0.251654895277134,2.2068198508917907,0.6557501904036558,0.6666666666666666,0.6108149276466108,0.2692307692307692,0.1794871794871795,0.5384615384615384,0.6831683168316832,0.14849016530825992,0.2910192235761126,0.39164960945192,0.6259728683614348
first2,prevalence,S30,75,13,0.17333333333333334,0.17333333333333334,1.0,0.5,0.8266666666666667,0.5,0.0,0.0,0.0,1.0,0.0,0.1438175539642344,0.022992717876438834,0.5
first2,product_propensity,S30,75,13,0.17333333333333334,0.28981252684185244,1.6719953471645332,0.565136476426799,0.76,0.5508684863523573,0.25,0.2727272727272727,0.23076923076923078,0.8709677419354839,0.10885791251063999,0.1432006778412174,0.06825091815176662,0.21611071682044003
first2,visit_count,S30,75,13,0.17333333333333334,0.17333333333333334,1.0,0.5,0.8266666666666667,0.5,0.0,0.0,0.0,1.0,0.0,0.1438175539642344,0.022992717876438834,0.5
first2,total_dwell,S30,75,13,0.17333333333333334,0.4750526619911591,2.740688434564379,0.7859801488833746,0.8666666666666667,0.7065756823821341,0.5454545454545454,0.6666666666666666,0.46153846153846156,0.9516129032258065,0.4812641260623047,0.13876140003578824,0.09680129596783929,0.13442639300399614
first2,logreg_behavior,S30,75,13,0.17333333333333334,0.6406067563268374,3.695808209577908,0.8808933002481389,0.8666666666666667,0.7065756823821341,0.5454545454545454,0.6666666666666666,0.46153846153846156,0.9516129032258065,0.4812641260623047,0.16007414503103107,0.2396045101326486,0.5289396352238784
first2,logreg_dwell_propensity,S30,75,13,0.17333333333333334,0.5112514252209024,2.9495274531975135,0.7866004962779156,0.8266666666666667,0.5911910669975187,0.3157894736842105,0.5,0.23076923076923078,0.9516129032258065,0.25447764865485634,0.1600495312322839,0.2055894219353486,0.6053846283253707
first2,logreg_eeg,S30,75,13,0.17333333333333334,0.15917719881424502,0.9183299931591059,0.4317617866004963,0.8266666666666667,0.5,0.0,0.0,0.0,1.0,0.0,0.3032879930802813,0.36430052660639695,0.8982650208181875
first2,logreg_et,S30,75,13,0.17333333333333334,0.3185978120132599,1.8380643000764991,0.7543424317617866,0.76,0.642059553349876,0.4,0.35294117647058826,0.46153846153846156,0.8225806451612904,0.25687953355784443,0.1937734610458607,0.25175603605927044,0.5700925386572637
first2,logreg_fusion,S30,75,13,0.17333333333333334,0.31825447291807685,1.8360834976042895,0.7481389578163772,0.8,0.4838709677419355,0.0,0.0,0.0,0.967741935483871,-0.07579305266077767,0.1793344046352527,0.19613411442140555,0.8137872452041318
first2,prevalence,S31,81,18,0.2222222222222222,0.2222222222222222,1.0,0.5,0.7777777777777778,0.5,0.0,0.0,0.0,1.0,0.0,0.17814598833420095,0.07284560495569667,0.5
first2,product_propensity,S31,81,18,0.2222222222222222,0.3407466781208578,1.5333600515438601,0.5268959435626102,0.7407407407407407,0.5952380952380952,0.36363636363636365,0.4,0.3333333333333333,0.8571428571428571,0.2038588765750502,0.17416557898611704,0.06824498268823669,0.22563398243979008
first2,visit_count,S31,81,18,0.2222222222222222,0.2222222222222222,1.0,0.5,0.7777777777777778,0.5,0.0,0.0,0.0,1.0,0.0,0.17814598833420095,0.07284560495569667,0.5
first2,total_dwell,S31,81,18,0.2222222222222222,0.4337077984652804,1.951685093093762,0.6909171075837743,0.7283950617283951,0.5873015873015873,0.35294117647058826,0.375,0.3333333333333333,0.8412698412698413,0.18232322463624387,0.17858944354551476,0.13183565523005583,0.13879779357388708
first2,logreg_behavior,S31,81,18,0.2222222222222222,0.45419816622028686,2.043891747991291,0.7231040564373898,0.7407407407407407,0.6746031746031746,0.4878048780487805,0.43478260869565216,0.5555555555555556,0.7936507936507936,0.3219665424963317,0.20843713216861695,0.2459884752864307,0.5222865948657069
first2,logreg_dwell_propensity,S31,81,18,0.2222222222222222,0.4536868220353213,2.041590699158946,0.6940035273368607,0.7654320987654321,0.5515873015873016,0.24,0.42857142857142855,0.16666666666666666,0.9365079365079365,0.15265620249783177,0.21151058802193395,0.23097356678712366,0.6707834562801237
first2,logreg_eeg,S31,81,18,0.2222222222222222,0.20052223729064836,0.9023500678079177,0.45326278659611996,0.7777777777777778,0.5,0.0,0.0,0.0,1.0,0.0,0.2578309752060526,0.264823669338926,0.8211635656108659
first2,logreg_et,S31,81,18,0.2222222222222222,0.451514646287943,2.031815908295744,0.5899470899470899,0.7037037037037037,0.6111111111111112,0.4,0.36363636363636365,0.4444444444444444,0.7777777777777778,0.20770964681638046,0.23817236560707664,0.24583495543423595,0.5737941205256385
first2,logreg_fusion,S31,81,18,0.2222222222222222,0.40657631826239293,1.8295934321807683,0.5379188712522046,0.7777777777777778,0.5198412698412698,0.1,0.5,0.05555555555555555,0.9841269841269841,0.10631081389064057,0.23437165773577834,0.2566630678134495,0.7898866044194505
first2,prevalence,S32,121,16,0.1322314049586777,0.1322314049586777,1.0,0.5,0.8677685950413223,0.5,0.0,0.0,0.0,1.0,0.0,0.11510874695861192,0.01903907711208938,0.5
first2,product_propensity,S32,121,16,0.1322314049586777,0.2267945106754564,1.715133486983139,0.6133928571428571,0.743801652892562,0.5080357142857144,0.16216216216216217,0.14285714285714285,0.1875,0.8285714285714286,0.014374722712498648,0.11371980585022279,0.05114334880549371,0.20839230516649873
first2,visit_count,S32,121,16,0.1322314049586777,0.1322314049586777,1.0,0.5,0.8677685950413223,0.5,0.0,0.0,0.0,1.0,0.0,0.11510874695861192,0.01903907711208938,0.5
first2,total_dwell,S32,121,16,0.1322314049586777,0.3448927145025617,2.608251153425623,0.6967261904761906,0.7933884297520661,0.6955357142857144,0.4186046511627907,0.3333333333333333,0.5625,0.8285714285714286,0.318174169962948,0.10749850086513361,0.046714545168685014,0.13442604412212808
first2,logreg_behavior,S32,121,16,0.1322314049586777,0.3621129780533305,2.738479396528312,0.7041666666666667,0.7355371900826446,0.6622023809523809,0.36,0.2647058823529412,0.5625,0.7619047619047619,0.24447968458022437,0.2288987646943894,0.34770991676505975,0.5103300541496236
first2,logreg_dwell_propensity,S32,121,16,0.1322314049586777,0.3099211081585267,2.343778380448858,0.7208333333333333,0.8264462809917356,0.6880952380952381,0.43243243243243246,0.38095238095238093,0.5,0.8761904761904762,0.33647499089996835,0.21189229078575436,0.3133856365326922,0.6469733890503109
first2,logreg_eeg,S32,121,16,0.1322314049586777,0.1101820403487064,0.8332516801370922,0.40357142857142864,0.8512396694214877,0.49047619047619045,0.0,0.0,0.0,0.9809523809523809,-0.05060656488800545,0.21622027787889742,0.26875644762009915,0.6873069666192414
first2,logreg_et,S32,121,16,0.1322314049586777,0.29000291556419927,2.193147048954257,0.6309523809523809,0.6528925619834711,0.5616071428571429,0.25,0.175,0.4375,0.6857142857142857,0.08872442622820285,0.24910490074171923,0.3587488827840207,0.5665470278417593
first2,logreg_fusion,S32,121,16,0.1322314049586777,0.2286749006004525,1.729353935790922,0.5845238095238096,0.859504132231405,0.574702380952381,0.2608695652173913,0.42857142857142855,0.1875,0.9619047619047619,0.2167792128304916,0.23195757584594912,0.28610352531604233,0.8366258114353364
first2,prevalence,S33,72,14,0.19444444444444445,0.19444444444444445,1.0,0.5,0.8055555555555556,0.5,0.0,0.0,0.0,1.0,0.0,0.1586111111111111,0.04444444444444445,0.5
first2,product_propensity,S33,72,14,0.19444444444444445,0.31751939761687803,1.6329569020296584,0.582512315270936,0.7638888888888888,0.5825123152709359,0.32,0.36363636363636365,0.2857142857142857,0.8793103448275862,0.1815371544314341,0.15686467044512112,0.050965175202115874,0.2091394033746194
first2,visit_count,S33,72,14,0.19444444444444445,0.19444444444444445,1.0,0.5,0.8055555555555556,0.5,0.0,0.0,0.0,1.0,0.0,0.1586111111111111,0.04444444444444445,0.5
first2,total_dwell,S33,72,14,0.19444444444444445,0.4535615140111596,2.332602072057392,0.7173645320197044,0.8194444444444444,0.6711822660098522,0.48,0.5454545454545454,0.42857142857142855,0.9137931034482759,0.3766218577010349,0.15408568715530327,0.09890708178488061,0.13442566616155974
first2,logreg_behavior,S33,72,14,0.19444444444444445,0.446765372815793,2.2976504887669353,0.7684729064039408,0.8333333333333334,0.7068965517241379,0.5384615384615384,0.5833333333333334,0.5,0.9137931034482759,0.4394353744020411,0.21110457725720808,0.2779247885320921,0.5445274331687104
first2,logreg_dwell_propensity,S33,72,14,0.19444444444444445,0.4803255767438618,2.4702458232541464,0.6933497536945813,0.8472222222222222,0.6884236453201971,0.5217391304347826,0.6666666666666666,0.42857142857142855,0.9482758620689655,0.45097439271569734,0.20384414531800235,0.2542129577884196,0.6459874543319549
first2,logreg_eeg,S33,72,14,0.19444444444444445,0.2477405143651383,1.2740940738778541,0.5221674876847291,0.8055555555555556,0.5,0.0,0.0,0.0,1.0,0.0,0.4033301015973288,0.4837492305502902,0.9664088856095566
first2,logreg_et,S33,72,14,0.19444444444444445,0.46025970831496693,2.367049928476973,0.6896551724137931,0.7638888888888888,0.6637931034482758,0.45161290322580644,0.4117647058823529,0.5,0.8275862068965517,0.3052796229118842,0.2087282976404402,0.28034448642724297,0.5360796358848011
first2,logreg_fusion,S33,72,14,0.19444444444444445,0.469416712953444,2.4141430951891407,0.7364532019704433,0.375,0.5849753694581281,0.36619718309859156,0.22807017543859648,0.9285714285714286,0.2413793103448276,0.1656219960617125,0.27161991140357467,0.37374061626103355,0.37363899852350063
first2,prevalence,S34,123,19,0.15447154471544716,0.15447154471544716,1.0,0.5,0.8455284552845529,0.5,0.0,0.0,0.0,1.0,0.0,0.13062484710303937,0.0038419414842758848,0.5
first2,product_propensity,S34,123,19,0.15447154471544716,0.3189177607881862,2.0645728724708894,0.667004048582996,0.7398373983739838,0.6095647773279352,0.3333333333333333,0.27586206896551724,0.42105263157894735,0.7980769230769231,0.1865655704924514,0.12198899737302568,0.029033072378222995,0.19427166934189405
first2,visit_count,S34,123,19,0.15447154471544716,0.15447154471544716,1.0,0.5,0.8455284552845529,0.5,0.0,0.0,0.0,1.0,0.0,0.13062484710303937,0.0038419414842758848,0.5
first2,total_dwell,S34,123,19,0.15447154471544716,0.19744055427889623,1.2781677987528546,0.5374493927125507,0.7642276422764228,0.5379554655870445,0.21621621621621623,0.2222222222222222,0.21052631578947367,0.8653846153846154,0.0776187933255127,0.1384403504899406,0.08630319746758748,0.13005461309777044
first2,logreg_behavior,S34,123,19,0.15447154471544716,0.19446449366202534,1.2589017221278482,0.527834008097166,0.7723577235772358,0.49974696356275305,0.125,0.15384615384615385,0.10526315789473684,0.8942307692307693,-0.0005948925239324481,0.2272939336488209,0.30062301258661256,0.6028590509868733
first2,logreg_dwell_propensity,S34,123,19,0.15447154471544716,0.3057527656472836,1.9793468512955728,0.6487854251012146,0.7886178861788617,0.5738866396761133,0.2777777777777778,0.29411764705882354,0.2631578947368421,0.8846153846153846,0.15474334766451434,0.20614810773750417,0.27805030955115906,0.6081589639441954
first2,logreg_eeg,S34,123,19,0.15447154471544716,0.20164894705225417,1.3054116046014348,0.5384615384615384,0.8130081300813008,0.5237854251012146,0.14814814814814814,0.25,0.10526315789473684,0.9423076923076923,0.06971728560398294,0.22996886636018102,0.28987399181566154,0.6932614612221795
first2,logreg_et,S34,123,19,0.15447154471544716,0.17889792167419416,1.1581286508382043,0.5561740890688258,0.6747967479674797,0.528087044534413,0.23076923076923078,0.18181818181818182,0.3157894736842105,0.7403846153846154,0.04581959899505048,0.23354145477342916,0.23532380014758333,0.5902745204290664
first2,logreg_fusion,S34,123,19,0.15447154471544716,0.2500170348504268,1.6185313308738156,0.625,0.6097560975609756,0.5541497975708501,0.2727272727272727,0.19148936170212766,0.47368421052631576,0.6346153846153846,0.08054982071433772,0.2957947083228991,0.33882951444494613,0.625631064630474
first2,prevalence,S35,99,16,0.16161616161616163,0.16161616161616163,1.0,0.5,0.8383838383838383,0.5,0.0,0.0,0.0,1.0,0.0,0.1356202964840374,0.01113187151457884,0.5
first2,product_propensity,S35,99,16,0.16161616161616163,0.2067111765410956,1.279025404848029,0.6054216867469879,0.696969696969697,0.5417921686746988,0.25,0.20833333333333334,0.3125,0.7710843373493976,0.07179392362783579,0.13506263235480034,0.03568420717420364,0.1958716042971666
first2,visit_count,S35,99,16,0.16161616161616163,0.16161616161616163,1.0,0.5,0.8383838383838383,0.5,0.0,0.0,0.0,1.0,0.0,0.1356202964840374,0.01113187151457884,0.5
first2,total_dwell,S35,99,16,0.16161616161616163,0.3522873790306044,2.1797781577518647,0.6731927710843372,0.7575757575757576,0.6788403614457832,0.42857142857142855,0.34615384615384615,0.5625,0.7951807228915663,0.299189582729502,0.13191089130080066,0.07076230772267007,0.13442637843337862
first2,logreg_behavior,S35,99,16,0.16161616161616163,0.3539984894120808,2.1903656532372495,0.7131024096385542,0.6767676767676768,0.7063253012048193,0.42857142857142855,0.3,0.75,0.6626506024096386,0.30954623030351935,0.24412176553612536,0.33812110145224183,0.5271176685633582
first2,logreg_dwell_propensity,S35,99,16,0.16161616161616163,0.3916356871042349,2.423245813957453,0.7033132530120482,0.8282828282828283,0.6705572289156627,0.45161290322580644,0.4666666666666667,0.4375,0.9036144578313253,0.35019818583648743,0.23563913728428362,0.31999308761208667,0.7125091411783716
first2,logreg_eeg,S35,99,16,0.16161616161616163,0.19233094744051119,1.1900477372881628,0.5873493975903614,0.8383838383838383,0.5,0.0,0.0,0.0,1.0,0.0,0.15457436537347138,0.11335022690699834,0.7990922356951017
first2,logreg_et,S35,99,16,0.16161616161616163,0.2930746121591656,1.813399162734837,0.6174698795180722,0.7777777777777778,0.615210843373494,0.35294117647058826,0.3333333333333333,0.375,0.8554216867469879,0.2199093156167943,0.24132092154763546,0.3159373282243931,0.6199860734039943
first2,logreg_fusion,S35,99,16,0.16161616161616163,0.3007365311811145,1.8608072866831458,0.6536144578313253,0.8282828282828283,0.4939759036144578,0.0,0.0,0.0,0.9879518072289156,-0.04435145861179045,0.17802506444342545,0.19056233532300199,0.7592570615408334
first2,prevalence,S36,108,14,0.12962962962962962,0.12962962962962962,1.0,0.5,0.8703703703703703,0.5,0.0,0.0,0.0,1.0,0.0,0.11329445840387782,0.02164877946127952,0.5
first2,product_propensity,S36,108,14,0.12962962962962962,0.27136261288477725,2.093368727968282,0.6193009118541033,0.7870370370370371,0.5737082066869301,0.25806451612903225,0.23529411764705882,0.2857142857142857,0.8617021276595744,0.13596547005117568,0.10840884770737705,0.06778816699841098,0.2255109231853418
first2,visit_count,S36,108,14,0.12962962962962962,0.12962962962962962,1.0,0.5,0.8703703703703703,0.5,0.0,0.0,0.0,1.0,0.0,0.11329445840387782,0.02164877946127952,0.5
first2,total_dwell,S36,108,14,0.12962962962962962,0.2686815638778932,2.0726863499151764,0.6664133738601823,0.7962962962962963,0.5486322188449848,0.21428571428571427,0.21428571428571427,0.21428571428571427,0.8829787234042553,0.0972644376899696,0.1115372303355917,0.0618295618353209,0.13442604412212808
first2,logreg_behavior,S36,108,14,0.12962962962962962,0.3181237272463471,2.4540973244718205,0.7393617021276595,0.8518518518518519,0.5805471124620061,0.2727272727272727,0.375,0.21428571428571427,0.9468085106382979,0.20661551153014437,0.1941847293664092,0.3034281810122872,0.5915440631385519
first2,logreg_dwell_propensity,S36,108,14,0.12962962962962962,0.3334400969723668,2.5722521766439725,0.7545592705167172,0.7962962962962963,0.6094224924012158,0.3125,0.2777777777777778,0.35714285714285715,0.8617021276595744,0.19724546908861515,0.1868439197776467,0.29142299316928494,0.5626848119806129
first2,logreg_eeg,S36,108,14,0.12962962962962962,0.14354593162737736,1.107354329696911,0.5296352583586627,0.8703703703703703,0.5,0.0,0.0,0.0,1.0,0.0,0.20685212245597495,0.2487736830180426,0.883087708511942
first2,logreg_et,S36,108,14,0.12962962962962962,0.2574726438906103,1.9862175385847083,0.6724924012158054,0.7962962962962963,0.6398176291793313,0.35294117647058826,0.3,0.42857142857142855,0.851063829787234,0.24180403301864922,0.19169579216463623,0.2771801179885873,0.5469819593205046
first2,logreg_fusion,S36,108,14,0.12962962962962962,0.22331913647696283,1.7227476242508561,0.6572948328267477,0.6481481481481481,0.6155015197568389,0.2962962962962963,0.2,0.5714285714285714,0.6595744680851063,0.16067976465372283,0.22435745741132485,0.2851044670621851,0.49245506125584393
first2,prevalence,S37,127,22,0.1732283464566929,0.1732283464566929,1.0,0.5,0.8267716535433071,0.5,0.0,0.0,0.0,1.0,0.0,0.14375708406309276,0.023168893424588388,0.5
first2,product_propensity,S37,127,22,0.1732283464566929,0.29341753579147223,1.6938194111598623,0.6634199134199135,0.7086614173228346,0.5543290043290043,0.27450980392156865,0.2413793103448276,0.3181818181818182,0.7904761904761904,0.09796156050969576,0.1374670150914277,0.07123057965742374,0.19279552223477456
first2,visit_count,S37,127,22,0.1732283464566929,0.1732283464566929,1.0,0.5,0.8267716535433071,0.5,0.0,0.0,0.0,1.0,0.0,0.14375708406309276,0.023168893424588388,0.5
first2,total_dwell,S37,127,22,0.1732283464566929,0.4019190137073309,2.320168851855956,0.7307359307359308,0.6456692913385826,0.6599567099567099,0.4,0.2830188679245283,0.6818181818181818,0.638095238095238,0.24551874404142773,0.12855976462627391,0.04560051540544831,0.13442596282683708
first2,logreg_behavior,S37,127,22,0.1732283464566929,0.4213442868063064,2.432305655654587,0.7463203463203464,0.5669291338582677,0.6303030303030304,0.367816091954023,0.24615384615384617,0.7272727272727273,0.5333333333333333,0.19730494874739088,0.26991101690539626,0.3805352006351571,0.5243542771353339
first2,logreg_dwell_propensity,S37,127,22,0.1732283464566929,0.48989222813249356,2.8280142260375767,0.7675324675324676,0.7165354330708661,0.7207792207792207,0.47058823529411764,0.34782608695652173,0.7272727272727273,0.7142857142857143,0.34767443417924765,0.25392744087680647,0.3570576480843737,0.6086829585054878
first2,logreg_eeg,S37,127,22,0.1732283464566929,0.16478269388508324,0.9512455510638896,0.47186147186147187,0.8031496062992126,0.4857142857142857,0.0,0.0,0.0,0.9714285714285714,-0.07119778384165573,0.24117676619971365,0.28366895537086284,0.6794623705049796
first2,logreg_et,S37,127,22,0.1732283464566929,0.36314129113580607,2.0963156351930623,0.6458874458874458,0.6299212598425197,0.5965367965367965,0.3380281690140845,0.24489795918367346,0.5454545454545454,0.6476190476190476,0.15010097988673232,0.24542028804829272,0.33495064955079046,0.5467352518951633
first2,logreg_fusion,S37,127,22,0.1732283464566929,0.3112215751765978,1.7965972748830874,0.5497835497835498,0.6614173228346457,0.5257575757575758,0.24561403508771928,0.2,0.3181818181818182,0.7333333333333333,0.04363279519884436,0.216961219950796,0.24896726251338655,0.5202921354483858
first2,prevalence,S38,129,26,0.20155038759689922,0.20155038759689922,1.0,0.5,0.7984496124031008,0.5,0.0,0.0,0.0,1.0,0.0,0.16367057457269507,0.05237122985243098,0.5
first2,product_propensity,S38,129,26,0.20155038759689922,0.3296620790893695,1.635631084712641,0.6273338312173263,0.6744186046511628,0.508588498879761,0.2222222222222222,0.21428571428571427,0.23076923076923078,0.7864077669902912,0.01671524870375654,0.15737004805511265,0.09388978114401353,0.19466509757771894
first2,visit_count,S38,129,26,0.20155038759689922,0.20155038759689922,1.0,0.5,0.7984496124031008,0.5,0.0,0.0,0.0,1.0,0.0,0.16367057457269507,0.05237122985243098,0.5
first2,total_dwell,S38,129,26,0.20155038759689922,0.3254902865354143,1.6149325755026325,0.5997012696041824,0.7829457364341085,0.5621732636295743,0.2631578947368421,0.4166666666666667,0.19230769230769232,0.9320388349514563,0.17173364716291037,0.17292039773902074,0.13236754801513625,0.13442635041777062
first2,logreg_behavior,S38,129,26,0.20155038759689922,0.3433023210281906,1.7033076697167917,0.6411501120238985,0.7906976744186046,0.6101568334578044,0.37209302325581395,0.47058823529411764,0.3076923076923077,0.912621359223301,0.26128426304229496,0.19648683300697725,0.22131177811583075,0.529705089185424
first2,logreg_dwell_propensity,S38,129,26,0.20155038759689922,0.41982388464307185,2.0829723507290874,0.6911874533233756,0.8217054263565892,0.6008215085884989,0.34285714285714286,0.6666666666666666,0.23076923076923078,0.970873786407767,0.3175240283639946,0.18505450814049276,0.21212994703907803,0.6582626187076086
first2,logreg_eeg,S38,129,26,0.20155038759689922,0.2852592803026911,1.4153248907325828,0.6213592233009709,0.5736434108527132,0.5892457057505601,0.367816091954023,0.26229508196721313,0.6153846153846154,0.5631067961165048,0.14341785950386737,0.39702905764359653,0.47935206531496855,0.7225324731265719
first2,logreg_et,S38,129,26,0.20155038759689922,0.3225888549904926,1.6005370112989825,0.6351755041075429,0.689922480620155,0.6333084391336818,0.4117647058823529,0.3333333333333333,0.5384615384615384,0.7281553398058253,0.22824887935279486,0.23628033141010732,0.2817163708516131,0.5479609233225402
first2,logreg_fusion,S38,129,26,0.20155038759689922,0.41559306988732536,2.0619810005948067,0.6583271097834204,0.49612403100775193,0.5982076176250933,0.38095238095238093,0.25316455696202533,0.7692307692307693,0.42718446601941745,0.16172676891189997,0.24359958147943128,0.28474190488746015,0.4159833298898098
first2,prevalence,S39,96,13,0.13541666666666666,0.13541666666666666,1.0,0.5,0.8645833333333334,0.5,0.0,0.0,0.0,1.0,0.0,0.11732451887281196,0.015669263456090682,0.5
first2,product_propensity,S39,96,13,0.13541666666666666,0.20670382225611217,1.52642822589129,0.602873030583874,0.7083333333333334,0.6042632066728453,0.3,0.2222222222222222,0.46153846153846156,0.7469879518072289,0.1586957763706562,0.12013691347727384,0.02299680034040503,0.1900281541015954
first2,visit_count,S39,96,13,0.13541666666666666,0.13541666666666666,1.0,0.5,0.8645833333333334,0.5,0.0,0.0,0.0,1.0,0.0,0.11732451887281196,0.015669263456090682,0.5
first2,total_dwell,S39,96,13,0.13541666666666666,0.4829211836296856,3.566187202188448,0.7979610750695089,0.84375,0.6501390176088971,0.4,0.4166666666666667,0.38461538461538464,0.9156626506024096,0.3106733652752258,0.10627746903948383,0.06042807339590053,0.1344260465609868
first2,logreg_behavior,S39,96,13,0.13541666666666666,0.5431472337318215,4.010933418327298,0.8155699721964782,0.8645833333333334,0.7594995366079704,0.5517241379310345,0.5,0.6153846153846154,0.9036144578313253,0.476510329932074,0.2097990944502517,0.3452408240929457,0.5433048618443087
first2,logreg_dwell_propensity,S39,96,13,0.13541666666666666,0.4309807072664589,3.182626761352312,0.7367933271547731,0.8125,0.6645041705282669,0.4,0.35294117647058826,0.46153846153846156,0.8674698795180723,0.2949032945661911,0.20900409419770813,0.3129029185865252,0.6383000439101163
first2,logreg_eeg,S39,96,13,0.13541666666666666,0.20697270284399796,1.5284138056172158,0.3948100092678406,0.28125,0.3897126969416126,0.1686746987951807,0.1,0.5384615384615384,0.24096385542168675,-0.16983630815911158,0.16645112939403284,0.23713574220036213,0.22047171322839876
first2,logreg_et,S39,96,13,0.13541666666666666,0.33387034906022245,2.4655041161370277,0.7330861909175163,0.6875,0.6246524559777571,0.3181818181818182,0.22580645161290322,0.5384615384615384,0.7108433734939759,0.182433265702163,0.21269597088902503,0.3221215388265617,0.5276692109589726
first2,logreg_fusion,S39,96,13,0.13541666666666666,0.3813762830728799,2.816317167307421,0.6552363299351252,0.8854166666666666,0.5769230769230769,0.26666666666666666,1.0,0.15384615384615385,1.0,0.36856869173022766,0.14929254155443025,0.1829849059109026,0.7631140493820237
first2,prevalence,S40,97,12,0.12371134020618557,0.12371134020618557,1.0,0.5,0.8762886597938144,0.5,0.0,0.0,0.0,1.0,0.0,0.10917116755481168,0.027646392969729483,0.5
first2,product_propensity,S40,97,12,0.12371134020618557,0.5578236393938482,4.509074418433606,0.8397058823529412,0.7319587628865979,0.7397058823529412,0.4090909090909091,0.28125,0.75,0.7294117647058823,0.3357199159879411,0.08812590303711519,0.07723703579253517,0.17248668533465106
first2,visit_count,S40,97,12,0.12371134020618557,0.12371134020618557,1.0,0.5,0.8762886597938144,0.5,0.0,0.0,0.0,1.0,0.0,0.10917116755481168,0.027646392969729483,0.5
first2,total_dwell,S40,97,12,0.12371134020618557,0.27458395490303544,2.219553635466203,0.632843137254902,0.7731958762886598,0.5485294117647059,0.21428571428571427,0.1875,0.25,0.8470588235294118,0.08610584002420806,0.10655354779433894,0.04212698470831459,0.13005460771977426
first2,logreg_behavior,S40,97,12,0.12371134020618557,0.28041134825950953,2.2666583984310353,0.6411764705882353,0.7731958762886598,0.5485294117647059,0.21428571428571427,0.1875,0.25,0.8470588235294118,0.08610584002420806,0.2132484846420639,0.3300083025892867,0.5362885803204557
first2,logreg_dwell_propensity,S40,97,12,0.12371134020618557,0.7127542721292722,5.761430366378284,0.8990196078431373,0.8865979381443299,0.792156862745098,0.5925925925925926,0.5333333333333333,0.6666666666666666,0.9176470588235294,0.5321004401122097,0.17213049731762328,0.3172202845417633,0.5749590199311957
first2,logreg_eeg,S40,97,12,0.12371134020618557,0.24040592789995835,1.9432812505246633,0.6137254901960784,0.845360824742268,0.553921568627451,0.21052631578947367,0.2857142857142857,0.16666666666666666,0.9411764705882353,0.1372215512369386,0.19797673450687345,0.29562691599085056,0.6250884404095094
first2,logreg_et,S40,97,12,0.12371134020618557,0.3177851915975621,2.5687636320802936,0.5598039215686275,0.7422680412371134,0.5666666666666667,0.24242424242424243,0.19047619047619047,0.3333333333333333,0.8,0.10659145217852672,0.2567889447797113,0.3673326568435657,0.6142145640512358
first2,logreg_fusion,S40,97,12,0.12371134020618557,0.3791487486708639,3.0647857184228164,0.5254901960784314,0.5979381443298969,0.484313725490196,0.1702127659574468,0.11428571428571428,0.3333333333333333,0.6352941176470588,-0.02150899038937565,0.21498870998160194,0.301093569487301,0.4876742857876894
first2,prevalence,S41,104,9,0.08653846153846154,0.08653846153846154,1.0,0.5,0.9134615384615384,0.5,0.0,0.0,0.0,1.0,0.0,0.083376488210706,0.0657794192562405,0.5
first2,product_propensity,S41,104,9,0.08653846153846154,0.2124700075935407,2.4552089766364706,0.5157894736842105,0.7307692307692307,0.6011695906432748,0.2222222222222222,0.14814814814814814,0.4444444444444444,0.7578947368421053,0.12975849540459689,0.08416754602514773,0.09919519599398549,0.1920476322481891
first2,visit_count,S41,104,9,0.08653846153846154,0.08653846153846154,1.0,0.5,0.9134615384615384,0.5,0.0,0.0,0.0,1.0,0.0,0.083376488210706,0.0657794192562405,0.5
first2,total_dwell,S41,104,9,0.08653846153846154,0.09973797972697114,1.1525277657338888,0.3350877192982456,0.8942307692307693,0.48947368421052634,0.0,0.0,0.0,0.9789473684210527,-0.04309971159206156,0.08298406094890501,0.044419818934618154,0.1344259888413302
first2,logreg_behavior,S41,104,9,0.08653846153846154,0.14328576512847208,1.655746619262344,0.5356725146198831,0.8942307692307693,0.539766081871345,0.15384615384615385,0.25,0.1111111111111111,0.968421052631579,0.11627754656965081,0.1493543047735662,0.26195905711549355,0.5045615486832521
first2,logreg_dwell_propensity,S41,104,9,0.08653846153846154,0.23442559965049542,2.7089180404057247,0.5906432748538012,0.9038461538461539,0.5450292397660819,0.16666666666666666,0.3333333333333333,0.1111111111111111,0.9789473684210527,0.15128168515702486,0.15142447354648614,0.24394712389108134,0.6801306219210178
first2,logreg_eeg,S41,104,9,0.08653846153846154,0.090501611566969,1.0457964003294196,0.464327485380117,0.9134615384615384,0.5,0.0,0.0,0.0,1.0,0.0,0.14948884540058754,0.24496779425206242,0.7777140595210543
first2,logreg_et,S41,104,9,0.08653846153846154,0.155642357675001,1.798533910911123,0.5169590643274854,0.6538461538461539,0.5087719298245614,0.14285714285714285,0.09090909090909091,0.3333333333333333,0.6842105263157895,0.01059795466494227,0.15195228990181683,0.24001456207136995,0.4059365697869658
first2,logreg_fusion,S41,104,9,0.08653846153846154,0.12605693020180994,1.4566578601098037,0.45146198830409356,0.8557692307692307,0.5187134502923977,0.11764705882352941,0.125,0.1111111111111111,0.9263157894736842,0.03948992518393949,0.12820199743500751,0.16746463961498823,0.5267463141865997
first2,prevalence,S42,132,19,0.14393939393939395,0.14393939393939395,1.0,0.5,0.8560606060606061,0.5,0.0,0.0,0.0,1.0,0.0,0.12327002679859823,0.007012987012986999,0.5
first2,product_propensity,S42,132,19,0.14393939393939395,0.3117437458959756,2.1657986556983566,0.6818816953889147,0.7121212121212122,0.6129482999534234,0.32142857142857145,0.24324324324324326,0.47368421052631576,0.7522123893805309,0.17654810147686129,0.11456714801491893,0.029036501465107868,0.18552662444288057
first2,visit_count,S42,132,19,0.14393939393939395,0.14393939393939395,1.0,0.5,0.8560606060606061,0.5,0.0,0.0,0.0,1.0,0.0,0.12327002679859823,0.007012987012986999,0.5
first2,total_dwell,S42,132,19,0.14393939393939395,0.41558982625399504,2.887255635027755,0.7321844434094085,0.6590909090909091,0.6476478807638566,0.34782608695652173,0.24,0.631578947368421,0.6637168141592921,0.21368857714461545,0.10835931941277624,0.0208478707736554,0.13005459908996644
first2,logreg_behavior,S42,132,19,0.14393939393939395,0.3841219939431647,2.6686370105525126,0.6753609687936656,0.6818181818181818,0.6390312063344201,0.34375,0.24444444444444444,0.5789473684210527,0.6991150442477876,0.2059171058919744,0.25457006222683,0.3610560580444539,0.5790667497866709
first2,logreg_dwell_propensity,S42,132,19,0.14393939393939395,0.4693664649489795,3.2608617564876465,0.7098276665114113,0.7878787878787878,0.679087098276665,0.4166666666666667,0.3448275862068966,0.5263157894736842,0.831858407079646,0.30366357895368873,0.23193971570634286,0.3273957564395399,0.6644919564372613
first2,logreg_eeg,S42,132,19,0.14393939393939395,0.24835074778166297,1.725384142483132,0.5165346995808104,0.8560606060606061,0.5,0.0,0.0,0.0,1.0,0.0,0.20637647679175536,0.24797241642618467,0.8340724261785173
first2,logreg_et,S42,132,19,0.14393939393939395,0.20958465021527722,1.4560617804429785,0.5798789007918025,0.5681818181818182,0.5507685142058687,0.2597402597402597,0.1724137931034483,0.5263157894736842,0.5752212389380531,0.0718142476034113,0.3695313398955089,0.475619342409352,0.6591405323238514
first2,logreg_fusion,S42,132,19,0.14393939393939395,0.24018922827712194,1.6686830596094786,0.5356311131811831,0.5378787878787878,0.5330693991616209,0.24691358024691357,0.16129032258064516,0.5263157894736842,0.5398230088495575,0.046518687989184494,0.37412783550366574,0.4669113233091924,0.6285705921658009
first2,prevalence,S43,78,15,0.19230769230769232,0.19230769230769232,1.0,0.5,0.8076923076923077,0.5,0.0,0.0,0.0,1.0,0.0,0.15711737424612984,0.04233119959495141,0.5
first2,product_propensity,S43,78,15,0.19230769230769232,0.32095599538405184,1.6689711759970696,0.6222222222222222,0.7307692307692307,0.5285714285714286,0.2222222222222222,0.25,0.2,0.8571428571428571,0.062418778393235924,0.15227708510710844,0.10816553659403841,0.21820708825573315
first2,visit_count,S43,78,15,0.19230769230769232,0.19230769230769232,1.0,0.5,0.8076923076923077,0.5,0.0,0.0,0.0,1.0,0.0,0.15711737424612984,0.04233119959495141,0.5
first2,total_dwell,S43,78,15,0.19230769230769232,0.3549273367514063,1.8456221511073128,0.6941798941798942,0.7948717948717948,0.6190476190476191,0.38461538461538464,0.45454545454545453,0.3333333333333333,0.9047619047619048,0.2696080590863827,0.16135280774025304,0.12596362827514845,0.13005461897604534
first2,logreg_behavior,S43,78,15,0.19230769230769232,0.38318050322012837,1.9925386167446675,0.7343915343915344,0.8205128205128205,0.6349206349206349,0.4166666666666667,0.5555555555555556,0.3333333333333333,0.9365079365079365,0.3328729279570584,0.2057184529439784,0.2613682975593751,0.5628582001975808
first2,logreg_dwell_propensity,S43,78,15,0.19230769230769232,0.41357078710339584,2.1505680929376583,0.7566137566137566,0.7948717948717948,0.5428571428571428,0.2,0.4,0.13333333333333333,0.9523809523809523,0.13791854994447517,0.1910818495426606,0.22984279476771607,0.6458330079531442
first2,logreg_eeg,S43,78,15,0.19230769230769232,0.20488488173257127,1.0654013850093706,0.4666666666666666,0.7948717948717948,0.49206349206349204,0.0,0.0,0.0,0.9841269841269841,-0.055607067440108786,0.32132332067719516,0.3737180996247368,0.8824986199711733
first2,logreg_et,S43,78,15,0.19230769230769232,0.39289369985521905,2.043047239247139,0.7375661375661375,0.7948717948717948,0.5682539682539682,0.2727272727272727,0.42857142857142855,0.2,0.9365079365079365,0.18823293400388222,0.1886860991946739,0.2236398872668424,0.6052866986571467
first2,logreg_fusion,S43,78,15,0.19230769230769232,0.3986578643243158,2.0730208944864423,0.6761904761904762,0.3974358974358974,0.5761904761904761,0.3561643835616438,0.22413793103448276,0.8666666666666667,0.2857142857142857,0.1375363812147007,0.22042985189555836,0.25065980049480463,0.28921209067975095
first2,prevalence,S44,111,13,0.11711711711711711,0.11711711711711711,1.0,0.5,0.8828828828828829,0.5,0.0,0.0,0.0,1.0,0.0,0.10459134278205241,0.03450572107288519,0.5
first2,product_propensity,S44,111,13,0.11711711711711711,0.2651528899623029,2.263997752755048,0.5934065934065934,0.6756756756756757,0.5828100470957613,0.25,0.17142857142857143,0.46153846153846156,0.7040816326530612,0.11461908125339633,0.10120875760121971,0.04721872743597156,0.17109738632295024
first2,visit_count,S44,111,13,0.11711711711711711,0.11711711711711711,1.0,0.5,0.8828828828828829,0.5,0.0,0.0,0.0,1.0,0.0,0.10459134278205241,0.03450572107288519,0.5
first2,total_dwell,S44,111,13,0.11711711711711711,0.24710666515191798,2.109910756297146,0.6047880690737835,0.7657657657657657,0.5671114599686029,0.23529411764705882,0.19047619047619047,0.3076923076923077,0.826530612244898,0.11019972082772753,0.10229576375778765,0.07453355691969796,0.13005453493160077
first2,logreg_behavior,S44,111,13,0.11711711711711711,0.24242621470266967,2.0699469101535644,0.6004709576138147,0.8018018018018018,0.554160125588697,0.21428571428571427,0.2,0.23076923076923078,0.8775510204081632,0.10188567484113552,0.22483057693841033,0.3496071999168453,0.5742155715430732
first2,logreg_dwell_propensity,S44,111,13,0.11711711711711711,0.31443605653951967,2.6848001750682067,0.6326530612244898,0.8468468468468469,0.5796703296703297,0.2608695652173913,0.3,0.23076923076923078,0.9285714285714286,0.17895780200142722,0.2070001031479365,0.32023977566654654,0.6396932688722494
first2,logreg_eeg,S44,111,13,0.11711711711711711,0.18023643376259563,1.5389418575113936,0.6106750392464678,0.8828828828828829,0.5,0.0,0.0,0.0,1.0,0.0,0.15384899486829026,0.20545724405545404,0.8085341464844082
first2,logreg_et,S44,111,13,0.11711711711711711,0.18852948837152175,1.6097517853260703,0.5871271585557299,0.7387387387387387,0.5518053375196232,0.21621621621621623,0.16666666666666666,0.3076923076923077,0.7959183673469388,0.08093268898386646,0.23440863654217736,0.3359334051976715,0.5920274161665855
first2,logreg_fusion,S44,111,13,0.11711711711711711,0.18189482674184476,1.5531019821803669,0.6302982731554161,0.8648648648648649,0.4897959183673469,0.0,0.0,0.0,0.9795918367346939,-0.049335596919315106,0.1576006877809209,0.18824436550748652,0.7428492982067955
first3,prevalence,S01,63,9,0.14285714285714285,0.14285714285714285,1.0,0.5,0.8571428571428571,0.5,0.0,0.0,0.0,1.0,0.0,0.12332404648421966,0.02958152958152968,0.5
first3,product_propensity,S01,63,9,0.14285714285714285,0.3125460958794292,2.1878226711560047,0.7417695473251028,0.7777777777777778,0.6388888888888888,0.36363636363636365,0.3076923076923077,0.4444444444444444,0.8333333333333334,0.2401922307076307,0.11351472792609144,0.03692311527998316,0.22612289287656334
first3,visit_count,S01,63,9,0.14285714285714285,0.14285714285714285,1.0,0.5,0.8571428571428571,0.5,0.0,0.0,0.0,1.0,0.0,0.12332404648421966,0.02958152958152968,0.5
first3,total_dwell,S01,63,9,0.14285714285714285,0.4265453786998193,2.9858176508987353,0.7263374485596706,0.8571428571428571,0.5925925925925926,0.3076923076923077,0.5,0.2222222222222222,0.9629629629629629,0.26574700172636695,0.11222995604117547,0.04121555588246456,0.20461070590448718
first3,logreg_behavior,S01,63,9,0.14285714285714285,0.38590372046254406,2.701326043237809,0.7757201646090535,0.8253968253968254,0.6666666666666666,0.42105263157894735,0.4,0.4444444444444444,0.8888888888888888,0.3191971059593589,0.14931757147794622,0.20370712566899468,0.5721209592682525
first3,logreg_dwell_propensity,S01,63,9,0.14285714285714285,0.4047976714643382,2.8335837002503674,0.8168724279835391,0.8253968253968254,0.5740740740740741,0.26666666666666666,0.3333333333333333,0.2222222222222222,0.9259259259259259,0.17660431427533915,0.1477021595814905,0.19849501078671997,0.6191477659835324
first3,logreg_eeg,S01,63,9,0.14285714285714285,0.12901375289962802,0.9030962702973961,0.3765432098765432,0.8253968253968254,0.48148148148148145,0.0,0.0,0.0,0.9629629629629629,-0.07392212709545729,0.24748269639338072,0.33819712555160847,0.7378018243027271
first3,logreg_et,S01,63,9,0.14285714285714285,0.22009520980109215,1.5406664686076452,0.691358024691358,0.7142857142857143,0.5092592592592593,0.18181818181818182,0.15384615384615385,0.2222222222222222,0.7962962962962963,0.016012815380508715,0.17237388142400192,0.18517316566003744,0.5446659927844691
first3,logreg_fusion,S01,63,9,0.14285714285714285,0.27518489780450905,1.9262942846315634,0.7139917695473251,0.5238095238095238,0.6296296296296297,0.3181818181818182,0.2,0.7777777777777778,0.48148148148148145,0.18257418583505536,0.18636954587982812,0.21321915069567934,0.2404493188303992
first3,prevalence,S02,58,13,0.22413793103448276,0.22413793103448276,1.0,0.5,0.7758620689655172,0.5,0.0,0.0,0.0,1.0,0.0,0.17675703620666197,0.0534501384525598,0.5
first3,product_propensity,S02,58,13,0.22413793103448276,0.4159058245730288,1.8555798327104362,0.7213675213675214,0.7241379310344828,0.6034188034188034,0.38461538461538464,0.38461538461538464,0.38461538461538464,0.8222222222222222,0.20683760683760682,0.15907811264769267,0.10609604933393316,0.24143927233814874
first3,visit_count,S02,58,13,0.22413793103448276,0.22413793103448276,1.0,0.5,0.7758620689655172,0.5,0.0,0.0,0.0,1.0,0.0,0.17675703620666197,0.0534501384525598,0.5
first3,total_dwell,S02,58,13,0.22413793103448276,0.5721233557265946,2.5525503563186525,0.8615384615384616,0.7586206896551724,0.7897435897435897,0.6111111111111112,0.4782608695652174,0.8461538461538461,0.7333333333333333,0.4939964465964108,0.1497524202722212,0.1176589618914968,0.15951613899547137
first3,logreg_behavior,S02,58,13,0.22413793103448276,0.6635518405406681,2.9604620577968266,0.9042735042735043,0.7413793103448276,0.8333333333333333,0.6341463414634146,0.4642857142857143,1.0,0.6666666666666666,0.5563486402641867,0.22691744140371373,0.3180081264034832,0.5191724603610613
first3,logreg_dwell_propensity,S02,58,13,0.22413793103448276,0.6372254065692979,2.843005660078406,0.8991452991452992,0.8275862068965517,0.8615384615384616,0.7058823529411765,0.5714285714285714,0.9230769230769231,0.8,0.6274107057137244,0.20939969376889084,0.3002905924964508,0.6216913203566584
first3,logreg_eeg,S02,58,13,0.22413793103448276,0.3168547767623213,1.4136597732472798,0.5794871794871794,0.7758620689655172,0.5,0.0,0.0,0.0,1.0,0.0,0.22595285308026203,0.21345423742265252,0.8750827725433817
first3,logreg_et,S02,58,13,0.22413793103448276,0.4749198071084805,2.118872985560913,0.7675213675213676,0.4482758620689655,0.6170940170940171,0.42857142857142855,0.27906976744186046,0.9230769230769231,0.3111111111111111,0.223029739330847,0.24502681383724084,0.3056960291461984,0.42476564431456326
first3,logreg_fusion,S02,58,13,0.22413793103448276,0.3990340509450186,1.7803057657546983,0.5897435897435898,0.46551724137931033,0.5188034188034188,0.3404255319148936,0.23529411764705882,0.6153846153846154,0.4222222222222222,0.03184195090504426,0.22232097301976694,0.21491941137949805,0.33141409643924835
first3,prevalence,S03,50,13,0.26,0.26,1.0,0.5,0.74,0.5,0.0,0.0,0.0,1.0,0.0,0.20046449142462983,0.08980251346499099,0.5
first3,product_propensity,S03,50,13,0.26,0.4627939371137283,1.7799766812066473,0.66008316008316,0.74,0.6496881496881497,0.48,0.5,0.46153846153846156,0.8378378378378378,0.30747338748836167,0.18214446805049744,0.07534736887174114,0.24447482342219184
first3,visit_count,S03,50,13,0.26,0.26,1.0,0.5,0.74,0.5,0.0,0.0,0.0,1.0,0.0,0.20046449142462983,0.08980251346499099,0.5
first3,total_dwell,S03,50,13,0.26,0.6471133544817754,2.488897517237598,0.896049896049896,0.72,0.5114345114345115,0.125,0.3333333333333333,0.07692307692307693,0.9459459459459459,0.04223870460947981,0.1893697388738747,0.21300690651275647,0.21005339218355082
first3,logreg_behavior,S03,50,13,0.26,0.8060200483277407,3.1000771089528487,0.9334719334719335,0.78,0.8014553014553014,0.6666666666666666,0.55,0.8461538461538461,0.7567567567567568,0.5398210735112065,0.19311690073627502,0.2713952563713059,0.514688781052309
first3,logreg_dwell_propensity,S03,50,13,0.26,0.6607348791559318,2.5412879967535837,0.8711018711018711,0.82,0.8035343035343036,0.6896551724137931,0.625,0.7692307692307693,0.8378378378378378,0.5708353548297359,0.18768366088959826,0.2653888320294579,0.5844910453524116
first3,logreg_eeg,S03,50,13,0.26,0.36406647189673946,1.4002556611413055,0.5426195426195426,0.76,0.5634095634095635,0.25,0.6666666666666666,0.15384615384615385,0.972972972972973,0.23423281647075167,0.24976975579279487,0.22083754884961684,0.7225010738083533
first3,logreg_et,S03,50,13,0.26,0.5107194644820062,1.9643056326231008,0.7775467775467775,0.74,0.6995841995841996,0.5517241379310345,0.5,0.6153846153846154,0.7837837837837838,0.3753437949565387,0.22685521846947496,0.26714107863991293,0.6096932085649167
first3,logreg_fusion,S03,50,13,0.26,0.5291068729956871,2.0350264345987967,0.6715176715176715,0.6,0.5301455301455301,0.3333333333333333,0.29411764705882354,0.38461538461538464,0.6756756756756757,0.05582696638250824,0.2369427678844148,0.22647346283711525,0.5697212820615731
first3,prevalence,S05,74,8,0.10810810810810811,0.10810810810810811,1.0,0.5,0.8918918918918919,0.5,0.0,0.0,0.0,1.0,0.0,0.10069525790488372,0.0653797586068503,0.5
first3,product_propensity,S05,74,8,0.10810810810810811,0.30768153605110127,2.8460542084726868,0.7490530303030303,0.7837837837837838,0.6590909090909092,0.3333333333333333,0.25,0.5,0.8181818181818182,0.24000391846330957,0.09506865386690397,0.06279189086749085,0.22713184251645793
first3,visit_count,S05,74,8,0.10810810810810811,0.10810810810810811,1.0,0.5,0.8918918918918919,0.5,0.0,0.0,0.0,1.0,0.0,0.10069525790488372,0.0653797586068503,0.5
first3,total_dwell,S05,74,8,0.10810810810810811,0.6102182539682539,5.6445188492063485,0.949810606060606,0.8513513513513513,0.9166666666666667,0.5925925925925926,0.42105263157894735,1.0,0.8333333333333334,0.5923488777590923,0.07135285570569097,0.11328744974902336,0.15946211361981596
first3,logreg_behavior,S05,74,8,0.10810810810810811,0.6984768907563026,6.460911239495799,0.8977272727272727,0.8918918918918919,0.884469696969697,0.6363636363636364,0.5,0.875,0.8939393939393939,0.6096343497573282,0.15899837244943862,0.30685586355697875,0.5168340226471065
first3,logreg_dwell_propensity,S05,74,8,0.10810810810810811,0.7331845238095238,6.781956845238095,0.9128787878787878,0.8513513513513513,0.8617424242424243,0.56,0.4117647058823529,0.875,0.8484848484848485,0.5340531894920367,0.14917620072327764,0.28525964760250483,0.5320667396997957
first3,logreg_eeg,S05,74,8,0.10810810810810811,0.31196915481959286,2.885714682081234,0.7613636363636364,0.40540540540540543,0.6666666666666666,0.26666666666666666,0.15384615384615385,1.0,0.3333333333333333,0.22645540682891915,0.2512690576885464,0.39685131806901314,0.41217018839422526
first3,logreg_et,S05,74,8,0.10810810810810811,0.2804255793226381,2.5939366087344022,0.6950757575757576,0.7162162162162162,0.5662878787878788,0.2222222222222222,0.15789473684210525,0.375,0.7575757575757576,0.09423732146167378,0.20078558848841022,0.2976268048982712,0.5975097182392781
first3,logreg_fusion,S05,74,8,0.10810810810810811,0.3703114593739594,3.425380999209124,0.7670454545454546,0.527027027027027,0.7348484848484849,0.3137254901960784,0.18604651162790697,1.0,0.4696969696969697,0.29561035627041204,0.16826749334110688,0.21616697704110185,0.1753776105340789
first3,prevalence,S06,121,22,0.18181818181818182,0.18181818181818182,1.0,0.5,0.8181818181818182,0.5,0.0,0.0,0.0,1.0,0.0,0.1488702523245158,0.010484357205064715,0.5
first3,product_propensity,S06,121,22,0.18181818181818182,0.29924327884772783,1.6458380336625031,0.5959595959595959,0.8099173553719008,0.5126262626262627,0.08,0.3333333333333333,0.045454545454545456,0.9797979797979798,0.06263716900023573,0.14514415335989686,0.04831379397710149,0.3771053118637794
first3,visit_count,S06,121,22,0.18181818181818182,0.18181818181818182,1.0,0.5,0.8181818181818182,0.5,0.0,0.0,0.0,1.0,0.0,0.1488702523245158,0.010484357205064715,0.5
first3,total_dwell,S06,121,22,0.18181818181818182,0.4425329058258858,2.4339309820423716,0.7095959595959596,0.7768595041322314,0.6161616161616161,0.37209302325581395,0.38095238095238093,0.36363636363636365,0.8686868686868687,0.23659846994187428,0.14178728988861503,0.07965989800208073,0.15946201863893902
first3,logreg_behavior,S06,121,22,0.18181818181818182,0.46064993582304714,2.533574647026759,0.724058769513315,0.8016528925619835,0.6666666666666666,0.45454545454545453,0.45454545454545453,0.45454545454545453,0.8787878787878788,0.3333333333333333,0.19386291906153127,0.2550361375700788,0.539163074559505
first3,logreg_dwell_propensity,S06,121,22,0.18181818181818182,0.5169862086496267,2.843424147572947,0.7359963269054179,0.7768595041322314,0.6515151515151515,0.425531914893617,0.4,0.45454545454545453,0.8484848484848485,0.28867513459481287,0.18747071502256477,0.24380622875147412,0.5761633781026363
first3,logreg_eeg,S06,121,22,0.18181818181818182,0.23659012114479047,1.3012456662963476,0.5482093663911846,0.7603305785123967,0.5353535353535354,0.21621621621621623,0.26666666666666666,0.18181818181818182,0.8888888888888888,0.08275480524872268,0.2792946116310192,0.30060653188251124,0.7781616147589332
first3,logreg_et,S06,121,22,0.18181818181818182,0.19669876121514146,1.081843186683278,0.5229568411386594,0.6115702479338843,0.4797979797979798,0.2033898305084746,0.16216216216216217,0.2727272727272727,0.6868686868686869,-0.03382308596212274,0.2417990931982793,0.24106838113817824,0.5348892210025016
first3,logreg_fusion,S06,121,22,0.18181818181818182,0.2645325694830777,1.4549291321569273,0.6051423324150597,0.7024793388429752,0.553030303030303,0.28,0.25,0.3181818181818182,0.7878787878787878,0.09699794920789631,0.2747760900393209,0.25823206610647836,0.7165162079256561
first3,prevalence,S07,53,8,0.1509433962264151,0.1509433962264151,1.0,0.5,0.8490566037735849,0.5,0.0,0.0,0.0,1.0,0.0,0.12861040803318677,0.02123489277430382,0.5
first3,product_propensity,S07,53,8,0.1509433962264151,0.4526980226980227,2.9991244003744004,0.725,0.8490566037735849,0.5,0.0,0.0,0.0,1.0,0.0,0.11531457946180484,0.025488184542698744,0.47215420586556694
first3,visit_count,S07,53,8,0.1509433962264151,0.1509433962264151,1.0,0.5,0.8490566037735849,0.5,0.0,0.0,0.0,1.0,0.0,0.12861040803318677,0.02123489277430382,0.5
first3,total_dwell,S07,53,8,0.1509433962264151,0.610385781671159,4.043805803571429,0.7777777777777778,0.7735849056603774,0.6611111111111111,0.4,0.3333333333333333,0.5,0.8222222222222222,0.2756285417808972,0.11134940530040548,0.04348157251585538,0.20365004276647278
first3,logreg_behavior,S07,53,8,0.1509433962264151,0.6625371360665478,4.38930852644088,0.8138888888888889,0.7358490566037735,0.7930555555555556,0.5,0.35,0.875,0.7111111111111111,0.4328717432773201,0.24874496112548822,0.38152330823917446,0.5503958403730758
first3,logreg_dwell_propensity,S07,53,8,0.1509433962264151,0.6584061771561771,4.361940923659674,0.8444444444444444,0.7547169811320755,0.7527777777777778,0.48,0.35294117647058826,0.75,0.7555555555555555,0.3877434110283928,0.22313923065586894,0.3557164805993978,0.563068584401477
first3,logreg_eeg,S07,53,8,0.1509433962264151,0.25259207188555016,1.67342247624177,0.6972222222222223,0.8490566037735849,0.5,0.0,0.0,0.0,1.0,0.0,0.1982120030906353,0.2677438003171913,0.7364677047869497
first3,logreg_et,S07,53,8,0.1509433962264151,0.4479766371118115,2.9678452208657515,0.736111111111111,0.5849056603773585,0.7041666666666666,0.3888888888888889,0.25,0.875,0.5333333333333333,0.29283100928692646,0.2566524605911537,0.3672587756302985,0.5174078755843905
first3,logreg_fusion,S07,53,8,0.1509433962264151,0.5399276377217554,3.57702059990663,0.8388888888888889,0.8301886792452831,0.5402777777777779,0.18181818181818182,0.3333333333333333,0.125,0.9555555555555556,0.12479613004446122,0.19850452758267115,0.2972894567442955,0.8098222078314757
first3,prevalence,S08,116,13,0.11206896551724138,0.11206896551724138,1.0,0.5,0.8879310344827587,0.5,0.0,0.0,0.0,1.0,0.0,0.10338579914522515,0.062259831834726276,0.5
first3,product_propensity,S08,116,13,0.11206896551724138,0.204950184807364,1.8287862644349402,0.6426437640029874,0.7672413793103449,0.6336818521284541,0.3076923076923077,0.23076923076923078,0.46153846153846156,0.8058252427184466,0.20224826721492944,0.10399372523787259,0.07131661164608177,0.23073170731707315
first3,visit_count,S08,116,13,0.11206896551724138,0.11206896551724138,1.0,0.5,0.8879310344827587,0.5,0.0,0.0,0.0,1.0,0.0,0.10338579914522515,0.062259831834726276,0.5
first3,total_dwell,S08,116,13,0.11206896551724138,0.6042664514749185,5.391916028545427,0.7905153099327856,0.9310344827586207,0.725914861837192,0.6,0.8571428571428571,0.46153846153846156,0.9902912621359223,0.5985532829526738,0.08364912167409229,0.03990726160388338,0.1585015521685043
first3,logreg_behavior,S08,116,13,0.11206896551724138,0.7096001679906114,6.331816883608533,0.8999253174010455,0.9224137931034483,0.7210604929051532,0.5714285714285714,0.75,0.46153846153846156,0.9805825242718447,0.5503950849496126,0.10206710204842871,0.2182084062590447,0.5133607508701462
first3,logreg_dwell_propensity,S08,116,13,0.11206896551724138,0.688202573088682,6.140884498329778,0.864824495892457,0.9137931034482759,0.7162061239731143,0.5454545454545454,0.6666666666666666,0.46153846153846156,0.970873786407767,0.5098883997791599,0.10456165660153394,0.1988430343598345,0.5428661633517652
first3,logreg_eeg,S08,116,13,0.11206896551724138,0.2940744084463155,2.6240485676748153,0.6056758775205378,0.8189655172413793,0.6292008961911875,0.3225806451612903,0.2777777777777778,0.38461538461538464,0.8737864077669902,0.22513163214844298,0.21624436153681534,0.3297422419254254,0.661453359600994
first3,logreg_et,S08,116,13,0.11206896551724138,0.2599018791829797,2.3191244604019725,0.6631814787154593,0.8362068965517241,0.6389096340552651,0.3448275862068966,0.3125,0.38461538461538464,0.8932038834951457,0.2541514899340515,0.13409187601885478,0.1509968382721862,0.4897434477986166
first3,logreg_fusion,S08,116,13,0.11206896551724138,0.4106112189180402,3.663915491884051,0.6706497386109037,0.8189655172413793,0.6292008961911875,0.3225806451612903,0.2777777777777778,0.38461538461538464,0.8737864077669902,0.22513163214844298,0.16148185065859558,0.19534850376732457,0.6349491056396761
first3,prevalence,S09,51,10,0.19607843137254902,0.19607843137254902,1.0,0.5,0.803921568627451,0.5,0.0,0.0,0.0,1.0,0.0,0.1582438577950503,0.024742224475997304,0.5
first3,product_propensity,S09,51,10,0.19607843137254902,0.20562001548283743,1.048662078962471,0.4731707317073171,0.7450980392156863,0.5390243902439025,0.23529411764705882,0.2857142857142857,0.2,0.8780487804878049,0.09004978737634634,0.16952895329025033,0.09672299840336417,0.2344612885760693
first3,visit_count,S09,51,10,0.19607843137254902,0.19607843137254902,1.0,0.5,0.803921568627451,0.5,0.0,0.0,0.0,1.0,0.0,0.1582438577950503,0.024742224475997304,0.5
first3,total_dwell,S09,51,10,0.19607843137254902,0.5419189532679609,2.7637866616666007,0.748780487804878,0.7843137254901961,0.7524390243902439,0.56,0.4666666666666667,0.7,0.8048780487804879,0.43992793201370345,0.13365638718454634,0.10879461325259569,0.1623436378584184
first3,logreg_behavior,S09,51,10,0.19607843137254902,0.6081257631257632,3.101441391941392,0.8292682926829269,0.8627450980392157,0.8390243902439025,0.6956521739130435,0.6153846153846154,0.8,0.8780487804878049,0.6177167717263994,0.17667890479705398,0.28843196788446224,0.5231429180592433
first3,logreg_dwell_propensity,S09,51,10,0.19607843137254902,0.5637273651145602,2.8750095620842573,0.7926829268292683,0.8235294117647058,0.7390243902439024,0.5714285714285714,0.5454545454545454,0.6,0.8780487804878049,0.46146397716105086,0.17198390251084286,0.2281859442195167,0.585291708391429
first3,logreg_eeg,S09,51,10,0.19607843137254902,0.33437852158440395,1.7053304600804602,0.5560975609756098,0.803921568627451,0.5378048780487805,0.16666666666666666,0.5,0.1,0.975609756097561,0.1546524226346923,0.21999841967400396,0.24311871940956853,0.7100567133904766
first3,logreg_et,S09,51,10,0.19607843137254902,0.37181879584827804,1.896275858826218,0.6829268292682927,0.6274509803921569,0.5414634146341464,0.2962962962962963,0.23529411764705882,0.4,0.6829268292682927,0.06984302957695782,0.21623824968062902,0.2511699660771265,0.48463821456895906
first3,logreg_fusion,S09,51,10,0.19607843137254902,0.5305598681310256,2.705855327468231,0.7292682926829268,0.8235294117647058,0.6634146341463415,0.47058823529411764,0.5714285714285714,0.4,0.926829268292683,0.37708348463845026,0.15941167471222376,0.16319969564717107,0.6458559676004478
first3,prevalence,S10,47,8,0.1702127659574468,0.1702127659574468,1.0,0.5,0.8297872340425532,0.5,0.0,0.0,0.0,1.0,0.0,0.14124292422864893,0.0015949815317928273,0.5
first3,product_propensity,S10,47,8,0.1702127659574468,0.40669584039149254,2.389338062300019,0.7051282051282051,0.7659574468085106,0.6105769230769231,0.35294117647058826,0.3333333333333333,0.375,0.8461538461538461,0.21123152803156042,0.12741256213834679,0.08741275715345258,0.225997425997426
first3,visit_count,S10,47,8,0.1702127659574468,0.1702127659574468,1.0,0.5,0.8297872340425532,0.5,0.0,0.0,0.0,1.0,0.0,0.14124292422864893,0.0015949815317928273,0.5
first3,total_dwell,S10,47,8,0.1702127659574468,0.23377890197657641,1.3734510491123864,0.6153846153846155,0.7872340425531915,0.47435897435897434,0.0,0.0,0.0,0.9487179487179487,-0.09548198320525772,0.15112822141017443,0.11169735875641297,0.1623438088569764
first3,logreg_behavior,S10,47,8,0.1702127659574468,0.34049002468120115,2.000378895002057,0.7820512820512819,0.8085106382978723,0.48717948717948717,0.0,0.0,0.0,0.9743589743589743,-0.06677805632941779,0.14637985531959385,0.1460381596613695,0.5459580023224624
first3,logreg_dwell_propensity,S10,47,8,0.1702127659574468,0.6289659992784993,3.6951752457611833,0.8397435897435898,0.8723404255319149,0.625,0.4,1.0,0.25,1.0,0.4654746681256314,0.13087015140750355,0.17317548140893885,0.5256460959946029
first3,logreg_eeg,S10,47,8,0.1702127659574468,0.2414396911250458,1.418458185359644,0.5993589743589742,0.7872340425531915,0.47435897435897434,0.0,0.0,0.0,0.9487179487179487,-0.09548198320525772,0.17848641851898409,0.1562496333606619,0.6784982722457515
first3,logreg_et,S10,47,8,0.1702127659574468,0.23284221583370188,1.3679480180229986,0.625,0.7446808510638298,0.44871794871794873,0.0,0.0,0.0,0.8974358974358975,-0.13813650314199413,0.17894697812150506,0.14005904119900747,0.566686441167045
first3,logreg_fusion,S10,47,8,0.1702127659574468,0.24434081999871474,1.435502317492449,0.6153846153846154,0.7446808510638298,0.5480769230769231,0.25,0.25,0.25,0.8461538461538461,0.09615384615384616,0.18557724890795058,0.1797176917315504,0.5078098469528931
first3,prevalence,S12,75,16,0.21333333333333335,0.21333333333333335,1.0,0.5,0.7866666666666666,0.5,0.0,0.0,0.0,1.0,0.0,0.1696439035916824,0.04268115942028988,0.5
first3,product_propensity,S12,75,16,0.21333333333333335,0.6042975293783484,2.8326446689610076,0.7897245762711865,0.8,0.7134533898305084,0.5454545454545454,0.5294117647058824,0.5625,0.864406779661017,0.41771550073846975,0.14185523063739588,0.05905998241237158,0.22510103768432552
first3,visit_count,S12,75,16,0.21333333333333335,0.21333333333333335,1.0,0.5,0.7866666666666666,0.5,0.0,0.0,0.0,1.0,0.0,0.1696439035916824,0.04268115942028988,0.5
first3,total_dwell,S12,75,16,0.21333333333333335,0.49125622338378516,2.3027635471114927,0.6938559322033898,0.8,0.5995762711864407,0.34782608695652173,0.5714285714285714,0.25,0.9491525423728814,0.28045835071077296,0.1651633167453064,0.11752825862591065,0.2036500535397667
first3,logreg_behavior,S12,75,16,0.21333333333333335,0.5643390861615172,2.6453394663821115,0.7891949152542374,0.8133333333333334,0.7219279661016949,0.5625,0.5625,0.5625,0.8813559322033898,0.4438559322033898,0.18104684588047912,0.23224168499626324,0.5111957207990564
first3,logreg_dwell_propensity,S12,75,16,0.21333333333333335,0.7087418622902902,3.3222274794857354,0.9036016949152541,0.84,0.6705508474576272,0.5,0.75,0.375,0.9661016949152542,0.4526760104675535,0.1521217769164234,0.24387206529597663,0.6320974008628731
first3,logreg_eeg,S12,75,16,0.21333333333333335,0.31237983529710595,1.4642804779551841,0.641949152542373,0.72,0.4576271186440678,0.0,0.0,0.0,0.9152542372881356,-0.1391778001278442,0.2151826942487862,0.21914650659269716,0.7032101676077992
first3,logreg_et,S12,75,16,0.21333333333333335,0.43922054413852973,2.058846300649358,0.6917372881355932,0.7066666666666667,0.6769067796610169,0.47619047619047616,0.38461538461538464,0.625,0.7288135593220338,0.30456202799437004,0.1923030399907894,0.193570790817939,0.5068990609587034
first3,logreg_fusion,S12,75,16,0.21333333333333335,0.4818622253259688,2.2587291812154784,0.6641949152542372,0.7733333333333333,0.6509533898305084,0.45161290322580644,0.4666666666666667,0.4375,0.864406779661017,0.3091986635794567,0.19789231245989095,0.20507007794894427,0.6626096799210076
first3,prevalence,S13,63,16,0.25396825396825395,0.25396825396825395,1.0,0.5,0.746031746031746,0.5,0.0,0.0,0.0,1.0,0.0,0.19653359507255613,0.08405483405483394,0.5
first3,product_propensity,S13,63,16,0.25396825396825395,0.4955614751031151,1.9512733082185159,0.7732712765957447,0.7619047619047619,0.6961436170212766,0.5454545454545454,0.5294117647058824,0.5625,0.8297872340425532,0.3846889566972251,0.17155722274924062,0.08930556261582671,0.21601852339104352
first3,visit_count,S13,63,16,0.25396825396825395,0.25396825396825395,1.0,0.5,0.746031746031746,0.5,0.0,0.0,0.0,1.0,0.0,0.19653359507255613,0.08405483405483394,0.5
first3,total_dwell,S13,63,16,0.25396825396825395,0.5246404790671682,2.0657718863269747,0.5059840425531915,0.3333333333333333,0.40890957446808507,0.3,0.20454545454545456,0.5625,0.2553191489361702,-0.1727859830192376,0.1917584572254285,0.24286782725698633,0.1623438096814632
first3,logreg_behavior,S13,63,16,0.25396825396825395,0.5449567401723987,2.14576716442882,0.5265957446808511,0.30158730158730157,0.4082446808510638,0.3125,0.20833333333333334,0.625,0.19148936170212766,-0.18754432100286464,0.4135503168454098,0.47712154580317867,0.5233469656866633
first3,logreg_dwell_propensity,S13,63,16,0.25396825396825395,0.5894309475015804,2.320884355787473,0.598404255319149,0.49206349206349204,0.5152925531914894,0.36,0.2647058823529412,0.5625,0.46808510638297873,0.026710404085643628,0.36948151498718595,0.42611610028907243,0.6202716177374538
first3,logreg_eeg,S13,63,16,0.25396825396825395,0.2600631205002142,1.0239985369695934,0.49601063829787234,0.5396825396825397,0.5472074468085106,0.3829787234042553,0.2903225806451613,0.5625,0.5319148936170213,0.08220412147519478,0.40333244686683417,0.4255134086821485,0.7251748662611619
first3,logreg_et,S13,63,16,0.25396825396825395,0.3065078329621115,1.206874592288314,0.5771276595744681,0.42857142857142855,0.5139627659574468,0.3793103448275862,0.2619047619047619,0.6875,0.3404255319148936,0.025785531156469838,0.2702054329736293,0.25891067506417004,0.42962678087562345
first3,logreg_fusion,S13,63,16,0.25396825396825395,0.3592422308714566,1.4145162840563605,0.5132978723404256,0.4126984126984127,0.48271276595744683,0.3508771929824561,0.24390243902439024,0.625,0.3404255319148936,-0.031569024263014674,0.30316057680066016,0.29317265764665024,0.2822826562899997
first3,prevalence,S14,41,8,0.1951219512195122,0.1951219512195122,1.0,0.5,0.8048780487804879,0.5,0.0,0.0,0.0,1.0,0.0,0.1576102671455494,0.023683153796462797,0.5
first3,product_propensity,S14,41,8,0.1951219512195122,0.28182284669353636,1.4443420893043737,0.6496212121212122,0.7317073170731707,0.5965909090909092,0.35294117647058826,0.3333333333333333,0.375,0.8181818181818182,0.18495750945292896,0.15492598145240485,0.09748533571293733,0.23155897779265705
first3,visit_count,S14,41,8,0.1951219512195122,0.1951219512195122,1.0,0.5,0.8048780487804879,0.5,0.0,0.0,0.0,1.0,0.0,0.1576102671455494,0.023683153796462797,0.5
first3,total_dwell,S14,41,8,0.1951219512195122,0.46724664224664225,2.3946390415140413,0.7159090909090908,0.5853658536585366,0.6477272727272727,0.41379310344827586,0.2857142857142857,0.75,0.5454545454545454,0.23424374030084533,0.14019321204676377,0.06464246987903499,0.15369788991915612
first3,logreg_behavior,S14,41,8,0.1951219512195122,0.4926214948844259,2.5246851612826826,0.7613636363636364,0.6585365853658537,0.6931818181818181,0.46153846153846156,0.3333333333333333,0.75,0.6363636363636364,0.3085304536722668,0.2775219510188816,0.3701054922195652,0.600039385827619
first3,logreg_dwell_propensity,S14,41,8,0.1951219512195122,0.4938670488473712,2.5310686253427774,0.7575757575757576,0.6585365853658537,0.6931818181818181,0.46153846153846156,0.3333333333333333,0.75,0.6363636363636364,0.3085304536722668,0.2603933754019483,0.3353510505919053,0.5510099706359438
first3,logreg_eeg,S14,41,8,0.1951219512195122,0.3305765655958503,1.6942048986787328,0.6515151515151515,0.8048780487804879,0.5,0.0,0.0,0.0,1.0,0.0,0.2253476587147078,0.25393039491767544,0.914878827455615
first3,logreg_et,S14,41,8,0.1951219512195122,0.47457084582084585,2.432175584831835,0.7613636363636364,0.5365853658536586,0.6174242424242424,0.3870967741935484,0.2608695652173913,0.75,0.48484848484848486,0.18753811889882882,0.21232486161403152,0.26033644391631106,0.4838472473837668
first3,logreg_fusion,S14,41,8,0.1951219512195122,0.355317599067599,1.8210026952214449,0.7386363636363636,0.6829268292682927,0.6609848484848485,0.43478260869565216,0.3333333333333333,0.625,0.696969696969697,0.2649016471690629,0.2237120494720055,0.25852466293107473,0.6457879565527594
first3,prevalence,S15,84,24,0.2857142857142857,0.2857142857142857,1.0,0.5,0.7142857142857143,0.5,0.0,0.0,0.0,1.0,0.0,0.21786717522896737,0.11741185023627768,0.5
first3,product_propensity,S15,84,24,0.2857142857142857,0.45036498028808125,1.5762774310082845,0.6454861111111111,0.7023809523809523,0.6291666666666667,0.46808510638297873,0.4782608695652174,0.4583333333333333,0.8,0.2617175573570447,0.20172916384100562,0.1099667153904891,0.2188486459544775
first3,visit_count,S15,84,24,0.2857142857142857,0.2857142857142857,1.0,0.5,0.7142857142857143,0.5,0.0,0.0,0.0,1.0,0.0,0.21786717522896737,0.11741185023627768,0.5
first3,total_dwell,S15,84,24,0.2857142857142857,0.5201793279953334,1.820627647983667,0.7614583333333333,0.6071428571428571,0.675,0.547945205479452,0.40816326530612246,0.8333333333333334,0.5166666666666667,0.32071349029490925,0.1764593587245787,0.10107996200508047,0.18457080110650895
first3,logreg_behavior,S15,84,24,0.2857142857142857,0.5520048910035574,1.932017118512451,0.7694444444444445,0.6190476190476191,0.7208333333333333,0.5897435897435898,0.42592592592592593,0.9583333333333334,0.48333333333333334,0.41640732669874464,0.2934227144138981,0.33535656211265374,0.5223757194341491
first3,logreg_dwell_propensity,S15,84,24,0.2857142857142857,0.5616941133987359,1.9659293968955756,0.7895833333333333,0.6428571428571429,0.7125,0.5833333333333334,0.4375,0.875,0.55,0.38797014489949266,0.28452845402877625,0.3301045140981937,0.5539934707610106
first3,logreg_eeg,S15,84,24,0.2857142857142857,0.345277587223052,1.2084715552806822,0.53125,0.3333333333333333,0.5083333333333333,0.44,0.2894736842105263,0.9166666666666666,0.1,0.025649458802128853,0.34265559756532005,0.3643193422174689,0.32190248539972993
first3,logreg_et,S15,84,24,0.2857142857142857,0.4226150229574821,1.4791525803511874,0.7034722222222223,0.6428571428571429,0.675,0.5454545454545454,0.42857142857142855,0.75,0.6,0.31622776601683794,0.27029697030119654,0.290492178914408,0.6247321477914111
first3,logreg_fusion,S15,84,24,0.2857142857142857,0.5280209831099327,1.8480734408847646,0.6944444444444445,0.5476190476190477,0.6333333333333333,0.5128205128205128,0.37037037037037035,0.8333333333333334,0.43333333333333335,0.2514157444218836,0.2777945944597277,0.29322265342588055,0.4487809376189264
first3,prevalence,S16,41,11,0.2682926829268293,0.2682926829268293,1.0,0.5,0.7317073170731707,0.5,0.0,0.0,0.0,1.0,0.0,0.20590153697944974,0.09792761492396601,0.5
first3,product_propensity,S16,41,11,0.2682926829268293,0.43151587151587156,1.6083773392864302,0.6636363636363636,0.7073170731707317,0.5984848484848485,0.4,0.4444444444444444,0.36363636363636365,0.8333333333333334,0.21084346404374582,0.19491888002318994,0.10569054405675136,0.21758994860079955
first3,visit_count,S16,41,11,0.2682926829268293,0.2682926829268293,1.0,0.5,0.7317073170731707,0.5,0.0,0.0,0.0,1.0,0.0,0.20590153697944974,0.09792761492396601,0.5
first3,total_dwell,S16,41,11,0.2682926829268293,0.4010695309123301,1.494895524309594,0.6212121212121212,0.4878048780487805,0.5348484848484849,0.4,0.2916666666666667,0.6363636363636364,0.43333333333333335,0.06268170259940732,0.19602205964375322,0.11115045644693272,0.1488952338734732
first3,logreg_behavior,S16,41,11,0.2682926829268293,0.4121387198659926,1.5361534104096086,0.7181818181818181,0.6829268292682927,0.6393939393939394,0.48,0.42857142857142855,0.5454545454545454,0.7333333333333333,0.26048634229034195,0.22841529904050534,0.2195508552252901,0.58863720924601
first3,logreg_dwell_propensity,S16,41,11,0.2682926829268293,0.4243656197603566,1.5817264009249654,0.7393939393939394,0.6829268292682927,0.6681818181818182,0.5185185185185185,0.4375,0.6363636363636364,0.7,0.3055174448225651,0.21464601201059763,0.23780944343901445,0.5572062483691701
first3,logreg_eeg,S16,41,11,0.2682926829268293,0.3390142033539847,1.2635983943193974,0.5454545454545454,0.7317073170731707,0.5,0.0,0.0,0.0,1.0,0.0,0.21012776533705538,0.19684288711159242,0.7538623379715524
first3,logreg_et,S16,41,11,0.2682926829268293,0.3950224639968295,1.4723564567154552,0.6696969696969697,0.5609756097560976,0.6136363636363636,0.47058823529411764,0.34782608695652173,0.7272727272727273,0.5,0.20291031398236414,0.23941193043340694,0.22876686608935487,0.48344855615363186
first3,logreg_fusion,S16,41,11,0.2682926829268293,0.36913872609149967,1.375880706341044,0.6000000000000001,0.7317073170731707,0.5863636363636364,0.35294117647058826,0.5,0.2727272727272727,0.9,0.21652509527331207,0.23051566474419438,0.23896097326435575,0.6618545974222247
first3,prevalence,S17,49,14,0.2857142857142857,0.2857142857142857,1.0,0.5,0.7142857142857143,0.5,0.0,0.0,0.0,1.0,0.0,0.21752298050605812,0.11593682699210336,0.5
first3,product_propensity,S17,49,14,0.2857142857142857,0.3700089175945718,1.2950312115810012,0.6193877551020408,0.6938775510204082,0.6142857142857143,0.4444444444444444,0.46153846153846156,0.42857142857142855,0.8,0.23388213848187445,0.21481536804032975,0.155177901136525,0.23629890030647197
first3,visit_count,S17,49,14,0.2857142857142857,0.2857142857142857,1.0,0.5,0.7142857142857143,0.5,0.0,0.0,0.0,1.0,0.0,0.21752298050605812,0.11593682699210336,0.5
first3,total_dwell,S17,49,14,0.2857142857142857,0.5296615750735881,1.8538155127575586,0.7561224489795918,0.7142857142857143,0.5857142857142856,0.36363636363636365,0.5,0.2857142857142857,0.8857142857142857,0.20952908873087345,0.22027971424563186,0.17985070082069612,0.16234381207247484
first3,logreg_behavior,S17,49,14,0.2857142857142857,0.6253381772289335,2.1886836203012674,0.836734693877551,0.7551020408163265,0.6571428571428571,0.5,0.6,0.42857142857142855,0.8857142857142857,0.3522819383711917,0.1981958066713149,0.23595143546849245,0.520965607083094
first3,logreg_dwell_propensity,S17,49,14,0.2857142857142857,0.6253727225155796,2.188804528804529,0.7530612244897958,0.7959183673469388,0.7285714285714285,0.6153846153846154,0.6666666666666666,0.5714285714285714,0.8857142857142857,0.48024018015013137,0.1954650140047505,0.21700561165928728,0.5587078330259646
first3,logreg_eeg,S17,49,14,0.2857142857142857,0.25516796645194895,0.8930878825818214,0.35102040816326535,0.3877551020408163,0.3571428571428571,0.21052631578947367,0.16666666666666666,0.2857142857142857,0.42857142857142855,-0.25819888974716115,0.3880858869368884,0.37956387429146415,0.610642081850892
first3,logreg_et,S17,49,14,0.2857142857142857,0.38714537847147595,1.355008824650166,0.6795918367346938,0.6326530612244898,0.5285714285714286,0.3076923076923077,0.3333333333333333,0.2857142857142857,0.7714285714285715,0.06003002251876642,0.2151743287311907,0.16188389702835804,0.5525468584978751
first3,logreg_fusion,S17,49,14,0.2857142857142857,0.3056589213279367,1.0698062246477786,0.5020408163265306,0.6530612244897959,0.47857142857142854,0.10526315789473684,0.2,0.07142857142857142,0.8857142857142857,-0.06396021490668313,0.2907548633304283,0.23894925701239925,0.7883060827758042
first3,prevalence,S18,105,15,0.14285714285714285,0.14285714285714285,1.0,0.5,0.8571428571428571,0.5,0.0,0.0,0.0,1.0,0.0,0.12335117873579408,0.03003663003663004,0.5
first3,product_propensity,S18,105,15,0.14285714285714285,0.37809489633208604,2.6466642743246025,0.7192592592592593,0.7904761904761904,0.6555555555555556,0.3888888888888889,0.3333333333333333,0.4666666666666667,0.8444444444444444,0.2721655269759087,0.11093767492842659,0.040749834641966985,0.23641634456101598
first3,visit_count,S18,105,15,0.14285714285714285,0.14285714285714285,1.0,0.5,0.8571428571428571,0.5,0.0,0.0,0.0,1.0,0.0,0.12335117873579408,0.03003663003663004,0.5
first3,total_dwell,S18,105,15,0.14285714285714285,0.29849277802076085,2.089449446145326,0.6559259259259259,0.6476190476190476,0.6,0.3018867924528302,0.21052631578947367,0.5333333333333333,0.6666666666666666,0.14563564388512532,0.1166202972587206,0.0644984173317012,0.15850148538507522
first3,logreg_behavior,S18,105,15,0.14285714285714285,0.4403518938579234,3.0824632570054638,0.7407407407407408,0.7142857142857143,0.6666666666666666,0.375,0.2727272727272727,0.6,0.7333333333333333,0.251259453814803,0.1756745074598266,0.23968885273460153,0.5057716177443462
first3,logreg_dwell_propensity,S18,105,15,0.14285714285714285,0.5661132358494865,3.9627926509464055,0.7970370370370371,0.8380952380952381,0.711111111111111,0.48484848484848486,0.4444444444444444,0.5333333333333333,0.8888888888888888,0.3920234917071095,0.17109743810297096,0.2518428886273323,0.6490048529332385
first3,logreg_eeg,S18,105,15,0.14285714285714285,0.3225008962053153,2.2575062734372073,0.7444444444444445,0.780952380952381,0.7055555555555555,0.43902439024390244,0.34615384615384615,0.6,0.8111111111111111,0.3332927596208912,0.15796087164228906,0.20722960309379945,0.46067663397379893
first3,logreg_et,S18,105,15,0.14285714285714285,0.21799358391000528,1.5259550873700372,0.5948148148148148,0.4666666666666667,0.5777777777777777,0.28205128205128205,0.1746031746031746,0.7333333333333333,0.4222222222222222,0.1111111111111111,0.296523879194619,0.3952673855246533,0.49932594374686917
first3,logreg_fusion,S18,105,15,0.14285714285714285,0.33830087532888153,2.368106127302171,0.7659259259259259,0.7714285714285715,0.6722222222222223,0.4,0.32,0.5333333333333333,0.8111111111111111,0.2829899880443358,0.22232765438715607,0.3065759034081255,0.6198432638837414
first3,prevalence,S19,126,12,0.09523809523809523,0.09523809523809523,1.0,0.5,0.9047619047619048,0.5,0.0,0.0,0.0,1.0,0.0,0.09258434860433365,0.08010335917312661,0.5
first3,product_propensity,S19,126,12,0.09523809523809523,0.3781305209830968,3.9703704703225164,0.7711988304093567,0.8412698412698413,0.763157894736842,0.4444444444444444,0.3333333333333333,0.6666666666666666,0.8596491228070176,0.39344473768231686,0.08209458171074233,0.09343138890205875,0.24390076754385964
first3,visit_count,S19,126,12,0.09523809523809523,0.09523809523809523,1.0,0.5,0.9047619047619048,0.5,0.0,0.0,0.0,1.0,0.0,0.09258434860433365,0.08010335917312661,0.5
first3,total_dwell,S19,126,12,0.09523809523809523,0.2793531412482531,2.9332079831066578,0.6995614035087718,0.7777777777777778,0.6162280701754386,0.2631578947368421,0.19230769230769232,0.4166666666666667,0.8157894736842105,0.16861546218858112,0.08295188716640664,0.04997482975460686,0.20197522209732857
first3,logreg_behavior,S19,126,12,0.09523809523809523,0.18960872915852545,1.9908916561645174,0.6754385964912281,0.8174603174603174,0.5635964912280702,0.20689655172413793,0.17647058823529413,0.25,0.8771929824561403,0.10928699634487854,0.14462102881699126,0.18172897528735688,0.499022023304519
first3,logreg_dwell_propensity,S19,126,12,0.09523809523809523,0.23100160297549605,2.4255168312427084,0.7353801169590642,0.8650793650793651,0.5899122807017544,0.2608695652173913,0.2727272727272727,0.25,0.9298245614035088,0.18700223436187738,0.1373141399425577,0.18033171287818484,0.6495663441994948
first3,logreg_eeg,S19,126,12,0.09523809523809523,0.13739905627466037,1.442690090883934,0.5160818713450293,0.5317460317460317,0.48026315789473684,0.14492753623188406,0.08771929824561403,0.4166666666666667,0.543859649122807,-0.023280308866562707,0.25867368212143743,0.3693355617745634,0.498045658269236
first3,logreg_et,S19,126,12,0.09523809523809523,0.2666564570233804,2.7998927987454945,0.6535087719298246,0.6031746031746031,0.5942982456140351,0.21875,0.1346153846153846,0.5833333333333334,0.6052631578947368,0.11244991347137569,0.20524712104550188,0.31285282543596143,0.48722208402286166
first3,logreg_fusion,S19,126,12,0.09523809523809523,0.14731318151166414,1.5467884058724737,0.6140350877192983,0.7301587301587301,0.5153508771929824,0.15,0.10714285714285714,0.25,0.7807017543859649,0.021677749238103,0.22589597709934278,0.29839425985655116,0.6269576336060632
first3,prevalence,S20,30,3,0.1,0.1,1.0,0.5,0.9,0.5,0.0,0.0,0.0,1.0,0.0,0.09526336024605923,0.07254901960784316,0.5
first3,product_propensity,S20,30,3,0.1,0.13006993006993006,1.3006993006993006,0.5246913580246914,0.8,0.4444444444444444,0.0,0.0,0.0,0.8888888888888888,-0.1111111111111111,0.10652043033975016,0.10101739195440591,0.23764105319720583
first3,visit_count,S20,30,3,0.1,0.1,1.0,0.5,0.9,0.5,0.0,0.0,0.0,1.0,0.0,0.09526336024605923,0.07254901960784316,0.5
first3,total_dwell,S20,30,3,0.1,0.2378167641325536,2.3781676413255357,0.691358024691358,0.3333333333333333,0.6296296296296297,0.23076923076923078,0.13043478260869565,1.0,0.25925925925925924,0.18389242812245682,0.12423717975410566,0.16625069865807288,0.16234379038847255
first3,logreg_behavior,S20,30,3,0.1,0.28327228327228327,2.8327228327228324,0.7901234567901234,0.6,0.7777777777777778,0.3333333333333333,0.2,1.0,0.5555555555555556,0.3333333333333333,0.3509126032522231,0.4971865838626648,0.49744179217021917
first3,logreg_dwell_propensity,S20,30,3,0.1,0.23412698412698413,2.341269841269841,0.7654320987654322,0.6666666666666666,0.8148148148148149,0.375,0.23076923076923078,1.0,0.6296296296296297,0.38118124993124375,0.32024153509455283,0.44701018180257057,0.5387212182764088
first3,logreg_eeg,S20,30,3,0.1,0.1021164021164021,1.021164021164021,0.35802469135802467,0.9,0.5,0.0,0.0,0.0,1.0,0.0,0.25274050761165107,0.37020815892824566,0.8535214470115629
first3,logreg_et,S20,30,3,0.1,0.2767857142857143,2.767857142857143,0.6790123456790125,0.43333333333333335,0.6851851851851851,0.2608695652173913,0.15,1.0,0.37037037037037035,0.23570226039551584,0.3183417323268067,0.4649966770541569,0.5010478420715175
first3,logreg_fusion,S20,30,3,0.1,0.1638888888888889,1.6388888888888888,0.6419753086419753,0.43333333333333335,0.6851851851851851,0.2608695652173913,0.15,1.0,0.37037037037037035,0.23570226039551584,0.29451778840369774,0.40107886217231437,0.3796594894158025
first3,prevalence,S21,43,13,0.3023255813953488,0.3023255813953488,1.0,0.5,0.6976744186046512,0.5,0.0,0.0,0.0,1.0,0.0,0.22849560128864413,0.13255480775638034,0.5
first3,product_propensity,S21,43,13,0.3023255813953488,0.4943986829856396,1.635318720644808,0.5987179487179488,0.5581395348837209,0.5525641025641026,0.42424242424242425,0.35,0.5384615384615384,0.5666666666666667,0.09679939375322656,0.21169700581165607,0.12097606904450484,0.15738567001596393
first3,visit_count,S21,43,13,0.3023255813953488,0.3023255813953488,1.0,0.5,0.6976744186046512,0.5,0.0,0.0,0.0,1.0,0.0,0.22849560128864413,0.13255480775638034,0.5
first3,total_dwell,S21,43,13,0.3023255813953488,0.6235973613900034,2.0626681953669346,0.7397435897435898,0.6744186046511628,0.5705128205128205,0.36363636363636365,0.4444444444444444,0.3076923076923077,0.8333333333333334,0.15920975452522132,0.2066310571074448,0.14630337675138713,0.20941416659430076
first3,logreg_behavior,S21,43,13,0.3023255813953488,0.6555818450555293,2.1684630259529047,0.7769230769230769,0.6744186046511628,0.6576923076923077,0.5333333333333333,0.47058823529411764,0.6153846153846154,0.7,0.29625226078259,0.22940351098287867,0.2554543892676997,0.5707096588259543
first3,logreg_dwell_propensity,S21,43,13,0.3023255813953488,0.6740053469834926,2.2294023015607833,0.7717948717948718,0.6976744186046512,0.717948717948718,0.6060606060606061,0.5,0.7692307692307693,0.6666666666666666,0.4013633399524028,0.21954100664382584,0.2568132874725879,0.5263232763396517
first3,logreg_eeg,S21,43,13,0.3023255813953488,0.3676266012454239,1.215995681042556,0.458974358974359,0.6744186046511628,0.48333333333333334,0.0,0.0,0.0,0.9666666666666667,-0.101574900036674,0.27488992503481835,0.2626488674844838,0.7932406472325375
first3,logreg_et,S21,43,13,0.3023255813953488,0.41862755322199696,1.3846911375804516,0.635897435897436,0.4883720930232558,0.6115384615384616,0.5217391304347826,0.36363636363636365,0.9230769230769231,0.3,0.2425101829020563,0.26012597022435546,0.22975745880432502,0.42649481782702847
first3,logreg_fusion,S21,43,13,0.3023255813953488,0.38806774032472274,1.2836086795356214,0.594871794871795,0.6744186046511628,0.5705128205128205,0.36363636363636365,0.4444444444444444,0.3076923076923077,0.8333333333333334,0.15920975452522132,0.2720777146729554,0.2322419982932351,0.7030390881060437
first3,prevalence,S22,36,9,0.25,0.25,1.0,0.5,0.75,0.5,0.0,0.0,0.0,1.0,0.0,0.19377655675271158,0.07922472311539838,0.5
first3,product_propensity,S22,36,9,0.25,0.32385100354449015,1.2954040141779606,0.5576131687242798,0.6944444444444444,0.6111111111111112,0.42105263157894735,0.4,0.4444444444444444,0.7777777777777778,0.21483446221182986,0.19746926914001675,0.1529209082744812,0.209633101664781
first3,visit_count,S22,36,9,0.25,0.25,1.0,0.5,0.75,0.5,0.0,0.0,0.0,1.0,0.0,0.19377655675271158,0.07922472311539838,0.5
first3,total_dwell,S22,36,9,0.25,0.8316544566544566,3.3266178266178263,0.890946502057613,0.8888888888888888,0.7777777777777778,0.7142857142857143,1.0,0.5555555555555556,1.0,0.6956083436402524,0.17389781835811227,0.13285826775375034,0.16234380723548575
first3,logreg_behavior,S22,36,9,0.25,0.882876382876383,3.531505531505532,0.9465020576131687,0.8611111111111112,0.8703703703703703,0.7619047619047619,0.6666666666666666,0.8888888888888888,0.8518518518518519,0.6804138174397717,0.1437250277950874,0.2330594298898436,0.5055388809159819
first3,logreg_dwell_propensity,S22,36,9,0.25,0.659232026143791,2.636928104575164,0.8230452674897119,0.7777777777777778,0.6666666666666666,0.5,0.5714285714285714,0.4444444444444444,0.8888888888888888,0.3646984043128985,0.15956149551594903,0.18291108963122837,0.5452592111741914
first3,logreg_eeg,S22,36,9,0.25,0.30851382640598324,1.234055305623933,0.6296296296296298,0.6111111111111112,0.5555555555555556,0.36363636363636365,0.3076923076923077,0.4444444444444444,0.6666666666666666,0.10016708449412666,0.28932553173605885,0.3225360660224619,0.6553276459426421
first3,logreg_et,S22,36,9,0.25,0.7332937215290156,2.9331748861160625,0.8312757201646092,0.8333333333333334,0.7407407407407407,0.625,0.7142857142857143,0.5555555555555556,0.9259259259259259,0.5267865840075201,0.1402145013632582,0.17432561961314488,0.5146111258420795
first3,logreg_fusion,S22,36,9,0.25,0.6806878306878308,2.722751322751323,0.8518518518518519,0.7222222222222222,0.7777777777777777,0.6153846153846154,0.47058823529411764,0.8888888888888888,0.6666666666666666,0.48186942465242666,0.19029974644662867,0.23648062153927618,0.5281031782979417
first3,prevalence,S23,131,19,0.1450381679389313,0.1450381679389313,1.0,0.5,0.8549618320610687,0.5,0.0,0.0,0.0,1.0,0.0,0.12478826956953792,0.02803875513799181,0.5
first3,product_propensity,S23,131,19,0.1450381679389313,0.2238545579341309,1.5434182678616395,0.6325187969924811,0.7862595419847328,0.612781954887218,0.3333333333333333,0.30434782608695654,0.3684210526315789,0.8571428571428571,0.20877554680067303,0.12342061786879771,0.026435019721161628,0.244782340681598
first3,visit_count,S23,131,19,0.1450381679389313,0.1450381679389313,1.0,0.5,0.8549618320610687,0.5,0.0,0.0,0.0,1.0,0.0,0.12478826956953792,0.02803875513799181,0.5
first3,total_dwell,S23,131,19,0.1450381679389313,0.32373649982217356,2.232077972458144,0.7041823308270677,0.5572519083969466,0.6536654135338347,0.3409090909090909,0.21739130434782608,0.7894736842105263,0.5178571428571429,0.21675620883344596,0.11581091032421899,0.060459820639372254,0.16234381644225476
first3,logreg_behavior,S23,131,19,0.1450381679389313,0.44301780142723546,3.054491157208834,0.7843045112781954,0.6335877862595419,0.7201597744360901,0.4,0.26229508196721313,0.8421052631578947,0.5982142857142857,0.3108421051826588,0.24634542794686776,0.35830894715212025,0.5182345001584138
first3,logreg_dwell_propensity,S23,131,19,0.1450381679389313,0.41650714112934273,2.871707130944416,0.7974624060150376,0.7709923664122137,0.7568139097744361,0.4827586206896552,0.358974358974359,0.7368421052631579,0.7767857142857143,0.3955561424926799,0.22891982761791857,0.3333005286072531,0.6341882353649527
first3,logreg_eeg,S23,131,19,0.1450381679389313,0.30792294162958794,2.1230476501829485,0.6696428571428572,0.4580152671755725,0.6174812030075187,0.3106796116504854,0.19047619047619047,0.8421052631578947,0.39285714285714285,0.17250259018033826,0.4329436756748061,0.554006176258642,0.6462153643331298
first3,logreg_et,S23,131,19,0.1450381679389313,0.21946210227539406,1.5131334420040328,0.6170112781954887,0.5419847328244275,0.5573308270676691,0.2682926829268293,0.1746031746031746,0.5789473684210527,0.5357142857142857,0.08081263792512879,0.2564068237421872,0.3354273314924444,0.49847057607975837
first3,logreg_fusion,S23,131,19,0.1450381679389313,0.2859718876351702,1.9717009094845945,0.6531954887218046,0.8549618320610687,0.543703007518797,0.17391304347826086,0.5,0.10526315789473684,0.9821428571428571,0.17889379463206437,0.35658967071277914,0.45389441359562777,0.9444441452649646
first3,prevalence,S24,99,9,0.09090909090909091,0.09090909090909091,1.0,0.5,0.9090909090909091,0.5,0.0,0.0,0.0,1.0,0.0,0.08966681861707254,0.08379851143009046,0.5
first3,product_propensity,S24,99,9,0.09090909090909091,0.2166859739227427,2.3835457131501694,0.6709876543209876,0.7171717171717171,0.5944444444444444,0.2222222222222222,0.14814814814814814,0.4444444444444444,0.7444444444444445,0.12192725349171497,0.08940581304992407,0.08446329567814972,0.2132481843225645
first3,visit_count,S24,99,9,0.09090909090909091,0.09090909090909091,1.0,0.5,0.9090909090909091,0.5,0.0,0.0,0.0,1.0,0.0,0.08966681861707254,0.08379851143009046,0.5
first3,total_dwell,S24,99,9,0.09090909090909091,0.2739670570244586,3.013637627269045,0.6432098765432099,0.6868686868686869,0.5777777777777777,0.20512820512820512,0.13333333333333333,0.4444444444444444,0.7111111111111111,0.09730672655996822,0.08015065067108999,0.05265941662281857,0.16234381649722054
first3,logreg_behavior,S24,99,9,0.09090909090909091,0.34628750355290683,3.809162539081975,0.7666666666666666,0.6767676767676768,0.6722222222222223,0.2727272727272727,0.17142857142857143,0.6666666666666666,0.6777777777777778,0.2071274624821289,0.2262135796144701,0.37844478693974043,0.5215366645565374
first3,logreg_dwell_propensity,S24,99,9,0.09090909090909091,0.32354025511230255,3.558942806235328,0.7740740740740741,0.7676767676767676,0.6222222222222222,0.25806451612903225,0.18181818181818182,0.4444444444444444,0.8,0.1690308509457033,0.22263249988647485,0.3674083328392409,0.6116792448958386
first3,logreg_eeg,S24,99,9,0.09090909090909091,0.2455774998731655,2.7013524986048205,0.6506172839506172,0.8282828282828283,0.5555555555555556,0.19047619047619047,0.16666666666666666,0.2222222222222222,0.8888888888888888,0.09787003658578391,0.22365724731009623,0.35321241842089235,0.6686711100874351
first3,logreg_et,S24,99,9,0.09090909090909091,0.2676959683985828,2.9446556523844105,0.7716049382716049,0.5151515151515151,0.6833333333333333,0.25,0.14545454545454545,0.8888888888888888,0.4777777777777778,0.21213203435596426,0.21871821228870755,0.3620767827734045,0.44380387943233834
first3,logreg_fusion,S24,99,9,0.09090909090909091,0.19773996335270844,2.175139596879793,0.6703703703703703,0.6262626262626263,0.5944444444444444,0.2127659574468085,0.13157894736842105,0.5555555555555556,0.6333333333333333,0.11165860701772573,0.25385844068448715,0.36094834154428745,0.5500497454443181
first3,prevalence,S25,103,3,0.02912621359223301,0.02912621359223301,1.0,0.5,0.970873786407767,0.5,0.0,0.0,0.0,1.0,0.0,0.050191757817700654,0.14803337645169085,0.5
first3,product_propensity,S25,103,3,0.02912621359223301,0.12464985994397759,4.279645191409897,0.8366666666666667,0.8252427184466019,0.7483333333333333,0.18181818181818182,0.10526315789473684,0.6666666666666666,0.83,0.21533230909848977,0.04913260296123301,0.13954381154618675,0.2281742967457253
first3,visit_count,S25,103,3,0.02912621359223301,0.02912621359223301,1.0,0.5,0.970873786407767,0.5,0.0,0.0,0.0,1.0,0.0,0.050191757817700654,0.14803337645169085,0.5
first3,total_dwell,S25,103,3,0.02912621359223301,0.16645582964368544,5.7149834844331995,0.7466666666666666,0.9514563106796117,0.49,0.0,0.0,0.0,0.98,-0.024373333911071625,0.0291911459038985,0.039814183864337056,0.16234381462838385
first3,logreg_behavior,S25,103,3,0.02912621359223301,0.48018018018018016,16.486186186186185,0.7533333333333333,0.9805825242718447,0.6666666666666666,0.5,1.0,0.3333333333333333,1.0,0.5716619504750294,0.10791408007680317,0.27516711302640406,0.5487222142850855
first3,logreg_dwell_propensity,S25,103,3,0.02912621359223301,0.2698412698412698,9.264550264550264,0.92,0.941747572815534,0.8083333333333333,0.4,0.2857142857142857,0.6666666666666666,0.95,0.4120277479483209,0.10525381663261875,0.26423339624181097,0.5491278787941932
first3,logreg_eeg,S25,103,3,0.02912621359223301,0.07282812766683734,2.500432383228082,0.6533333333333332,0.9611650485436893,0.495,0.0,0.0,0.0,0.99,-0.017149858514250882,0.27785932266522445,0.47313615556728045,0.9361925728371776
first3,logreg_et,S25,103,3,0.02912621359223301,0.07622034827917182,2.6168986242515655,0.6266666666666667,0.7864077669902912,0.7283333333333333,0.15384615384615385,0.08695652173913043,0.6666666666666666,0.79,0.18439580145492168,0.14453201251205627,0.2852749185862591,0.471148868410467
first3,logreg_fusion,S25,103,3,0.02912621359223301,0.1156084656084656,3.969223985890652,0.6766666666666666,0.8155339805825242,0.7433333333333333,0.17391304347826086,0.1,0.6666666666666666,0.82,0.20688937346177455,0.18548917922179428,0.3159972847016462,0.5915794125541846
first3,prevalence,S26,31,8,0.25806451612903225,0.25806451612903225,1.0,0.5,0.7419354838709677,0.5,0.0,0.0,0.0,1.0,0.0,0.19907753791644178,0.08723712668538042,0.5
first3,product_propensity,S26,31,8,0.25806451612903225,0.515972759847533,1.9993944444091905,0.6304347826086957,0.6451612903225806,0.5570652173913043,0.35294117647058826,0.3333333333333333,0.375,0.7391304347826086,0.110021557355838,0.18641167929841918,0.11856084587101517,0.2126099706744868
first3,visit_count,S26,31,8,0.25806451612903225,0.25806451612903225,1.0,0.5,0.7419354838709677,0.5,0.0,0.0,0.0,1.0,0.0,0.19907753791644178,0.08723712668538042,0.5
first3,total_dwell,S26,31,8,0.25806451612903225,0.443744939271255,1.7195116396761132,0.6793478260869565,0.7419354838709677,0.5407608695652174,0.2,0.5,0.125,0.9565217391304348,0.14520057987419369,0.21148771711892728,0.17353025325033206,0.1623438040199873
first3,logreg_behavior,S26,31,8,0.25806451612903225,0.4969960594960595,1.9258597305472307,0.7336956521739131,0.7096774193548387,0.5190217391304348,0.18181818181818182,0.3333333333333333,0.125,0.9130434782608695,0.05630532705768135,0.19691445214114534,0.18382121800728973,0.5340729940953265
first3,logreg_dwell_propensity,S26,31,8,0.25806451612903225,0.5270104895104895,2.042165646853147,0.7663043478260869,0.7419354838709677,0.6222826086956521,0.42857142857142855,0.5,0.375,0.8695652173913043,0.2708681694429807,0.18623335814572736,0.17804024659786866,0.5840037435362644
first3,logreg_eeg,S26,31,8,0.25806451612903225,0.2416486811075585,0.9363886392917892,0.44565217391304346,0.7419354838709677,0.5,0.0,0.0,0.0,1.0,0.0,0.22622104901048024,0.22533211340972725,0.9193649059931582
first3,logreg_et,S26,31,8,0.25806451612903225,0.5418560606060605,2.0996922348484843,0.7445652173913043,0.7096774193548387,0.6820652173913043,0.5263157894736842,0.45454545454545453,0.625,0.7391304347826086,0.3330079109791591,0.19732138332045746,0.2291929886170113,0.4944075148241122
first3,logreg_fusion,S26,31,8,0.25806451612903225,0.41397939292676134,1.6041701475912002,0.5706521739130435,0.7096774193548387,0.5190217391304348,0.18181818181818182,0.3333333333333333,0.125,0.9130434782608695,0.05630532705768135,0.1962100305560589,0.12715291436383624,0.5433373529798001
first3,prevalence,S27,33,5,0.15151515151515152,0.15151515151515152,1.0,0.5,0.8484848484848485,0.5,0.0,0.0,0.0,1.0,0.0,0.12897875860244434,0.020504834209330997,0.5
first3,product_propensity,S27,33,5,0.15151515151515152,0.35287449392712555,2.3289716599190284,0.5892857142857143,0.6060606060606061,0.4392857142857143,0.13333333333333333,0.1,0.2,0.6785714285714286,-0.09473729613780998,0.12314431185368516,0.14666408518845503,0.21338451758032176
first3,visit_count,S27,33,5,0.15151515151515152,0.15151515151515152,1.0,0.5,0.8484848484848485,0.5,0.0,0.0,0.0,1.0,0.0,0.12897875860244434,0.020504834209330997,0.5
first3,total_dwell,S27,33,5,0.15151515151515152,0.6944444444444444,4.583333333333333,0.8642857142857143,0.7878787878787878,0.7107142857142856,0.46153846153846156,0.375,0.6,0.8214285714285714,0.3525924397536461,0.09738982600145332,0.07524821063617465,0.1604226568774527
first3,logreg_behavior,S27,33,5,0.15151515151515152,0.6745421245421246,4.4519780219780225,0.9071428571428573,0.8181818181818182,0.8107142857142857,0.5714285714285714,0.4444444444444444,0.8,0.8214285714285714,0.5002975305232068,0.17734483716482113,0.30356061224076086,0.5464398008739982
first3,logreg_dwell_propensity,S27,33,5,0.15151515151515152,0.6588235294117647,4.3482352941176465,0.8642857142857143,0.7878787878787878,0.7928571428571429,0.5333333333333333,0.4,0.8,0.7857142857142857,0.45696813431178934,0.18516869892143686,0.3165411291261721,0.52478956098255
first3,logreg_eeg,S27,33,5,0.15151515151515152,0.19973856209150329,1.3182745098039217,0.5714285714285714,0.8484848484848485,0.5,0.0,0.0,0.0,1.0,0.0,0.20944452043712836,0.2526666714039214,0.8990696662579267
first3,logreg_et,S27,33,5,0.15151515151515152,0.5455203619909502,3.6004343891402715,0.7071428571428572,0.5757575757575758,0.5857142857142856,0.3,0.2,0.6,0.5714285714285714,0.12344267996967352,0.22407431103338457,0.31271534149199315,0.48256784494334476
first3,logreg_fusion,S27,33,5,0.15151515151515152,0.38545454545454544,2.544,0.6285714285714286,0.7575757575757576,0.6107142857142858,0.3333333333333333,0.2857142857142857,0.4,0.8214285714285714,0.1942057042751279,0.17560445784530043,0.267293606466344,0.5793723339935526
first3,prevalence,S28,71,14,0.19718309859154928,0.19718309859154928,1.0,0.5,0.8028169014084507,0.5,0.0,0.0,0.0,1.0,0.0,0.15898075075681067,0.026054299749291687,0.5
first3,product_propensity,S28,71,14,0.19718309859154928,0.5255604577881701,2.6653423216400056,0.8395989974937343,0.7887323943661971,0.49122807017543857,0.0,0.0,0.0,0.9824561403508771,-0.05923488777590923,0.13867704090306832,0.07892756087144798,0.5
first3,visit_count,S28,71,14,0.19718309859154928,0.19718309859154928,1.0,0.5,0.8028169014084507,0.5,0.0,0.0,0.0,1.0,0.0,0.15898075075681067,0.026054299749291687,0.5
first3,total_dwell,S28,71,14,0.19718309859154928,0.4710467634258672,2.3888800145168982,0.7625313283208021,0.8028169014084507,0.6616541353383458,0.46153846153846156,0.5,0.42857142857142855,0.8947368421052632,0.34324295441431224,0.14845280584183768,0.09538486802713551,0.16234377312921597
first3,logreg_behavior,S28,71,14,0.19718309859154928,0.49225056955186436,2.496413602727312,0.7731829573934837,0.7887323943661971,0.706766917293233,0.5161290322580645,0.47058823529411764,0.5714285714285714,0.8421052631578947,0.3855592737952415,0.20635575070861942,0.2813232228282411,0.5461287065094987
first3,logreg_dwell_propensity,S28,71,14,0.19718309859154928,0.5577371576649983,2.8285241567296344,0.8897243107769424,0.7887323943661971,0.6798245614035088,0.4827586206896552,0.4666666666666667,0.5,0.8596491228070176,0.3505426036290943,0.18577624605616222,0.2801480763631319,0.5944431190034829
first3,logreg_eeg,S28,71,14,0.19718309859154928,0.23132138918724732,1.1731299023067543,0.4661654135338346,0.7183098591549296,0.5281954887218044,0.23076923076923078,0.25,0.21428571428571427,0.8421052631578947,0.05986795716528702,0.22741095933905697,0.2417508587476891,0.5319203493631866
first3,logreg_et,S28,71,14,0.19718309859154928,0.5164230764075965,2.6190027446385256,0.7406015037593985,0.5774647887323944,0.6560150375939849,0.4230769230769231,0.2894736842105263,0.7857142857142857,0.5263157894736842,0.24891389068815656,0.21248542203464632,0.2723746462861936,0.4522978283633784
first3,logreg_fusion,S28,71,14,0.19718309859154928,0.4086797418137478,2.0725901191982925,0.6328320802005013,0.7464788732394366,0.6535087719298245,0.4375,0.3888888888888889,0.5,0.8070175438596491,0.2807956989986053,0.22025080087890972,0.28711280279947476,0.5513924517565518
first3,prevalence,S29,82,12,0.14634146341463414,0.14634146341463414,1.0,0.5,0.8536585365853658,0.5,0.0,0.0,0.0,1.0,0.0,0.12561195295469627,0.026197584896299392,0.5
first3,product_propensity,S29,82,12,0.14634146341463414,0.3422431803290523,2.338661732248524,0.6988095238095239,0.7926829268292683,0.705952380952381,0.45161290322580644,0.3684210526315789,0.5833333333333334,0.8285714285714286,0.34505583873553963,0.11841772917626295,0.07835035489348945,0.23031763417305587
first3,visit_count,S29,82,12,0.14634146341463414,0.14634146341463414,1.0,0.5,0.8536585365853658,0.5,0.0,0.0,0.0,1.0,0.0,0.12561195295469627,0.026197584896299392,0.5
first3,total_dwell,S29,82,12,0.14634146341463414,0.39918181438191086,2.727742398276391,0.7613095238095238,0.8170731707317073,0.6857142857142857,0.4444444444444444,0.4,0.5,0.8714285714285714,0.3395720371931364,0.11375299620275262,0.04260671220146607,0.15850155436713573
first3,logreg_behavior,S29,82,12,0.14634146341463414,0.4075545830980613,2.7849563178367522,0.8142857142857143,0.8170731707317073,0.5821428571428571,0.2857142857142857,0.3333333333333333,0.25,0.9142857142857143,0.1857619488237279,0.13985634369631797,0.1736638620508549,0.5737825490454436
first3,logreg_dwell_propensity,S29,82,12,0.14634146341463414,0.5370136669408214,3.6695933907622797,0.8333333333333334,0.8292682926829268,0.6583333333333333,0.4166666666666667,0.4166666666666667,0.4166666666666667,0.9,0.31666666666666665,0.1345472468043491,0.21594577315471028,0.5646088252651498
first3,logreg_eeg,S29,82,12,0.14634146341463414,0.2970689966602726,2.0299714771785293,0.6297619047619047,0.8536585365853658,0.5,0.0,0.0,0.0,1.0,0.0,0.2740275811515346,0.37633464584051307,0.9026428761510702
first3,logreg_et,S29,82,12,0.14634146341463414,0.24494572550153312,1.673795790927143,0.6690476190476191,0.7439024390243902,0.6083333333333334,0.3225806451612903,0.2631578947368421,0.4166666666666667,0.8,0.1815033602597347,0.18464407529359314,0.21508208744971102,0.5571160314352362
first3,logreg_fusion,S29,82,12,0.14634146341463414,0.2275551763419864,1.5549603716702405,0.6642857142857143,0.7926829268292683,0.5333333333333333,0.19047619047619047,0.2222222222222222,0.16666666666666666,0.9,0.07538166039223741,0.20709035152324332,0.20917191386729414,0.7837473318504785
first3,prevalence,S30,33,5,0.15151515151515152,0.15151515151515152,1.0,0.5,0.8484848484848485,0.5,0.0,0.0,0.0,1.0,0.0,0.12897875860244434,0.020504834209330997,0.5
first3,product_propensity,S30,33,5,0.15151515151515152,0.2130718954248366,1.4062745098039215,0.5535714285714286,0.7272727272727273,0.5107142857142857,0.18181818181818182,0.16666666666666666,0.2,0.8214285714285714,0.019920476822239894,0.1307284066430116,0.07567488306331768,0.23726914111529496
first3,visit_count,S30,33,5,0.15151515151515152,0.15151515151515152,1.0,0.5,0.8484848484848485,0.5,0.0,0.0,0.0,1.0,0.0,0.12897875860244434,0.020504834209330997,0.5
first3,total_dwell,S30,33,5,0.15151515151515152,0.34580896686159845,2.2823391812865497,0.6142857142857143,0.8484848484848485,0.5821428571428572,0.2857142857142857,0.5,0.2,0.9642857142857143,0.24686980467612782,0.12771385061595303,0.08034222703953191,0.16234381209995774
first3,logreg_behavior,S30,33,5,0.15151515151515152,0.45692307692307693,3.0156923076923077,0.8428571428571429,0.8787878787878788,0.6821428571428572,0.5,0.6666666666666666,0.4,0.9642857142857143,0.45434411125112145,0.1500435171402212,0.2559742924824938,0.5616140881799966
first3,logreg_dwell_propensity,S30,33,5,0.15151515151515152,0.43272727272727274,2.856,0.8142857142857143,0.7878787878787878,0.6285714285714286,0.36363636363636365,0.3333333333333333,0.4,0.8571428571428571,0.23904572186687875,0.15167036400657574,0.19065570821808117,0.5394583716356434
first3,logreg_eeg,S30,33,5,0.15151515151515152,0.197853926259499,1.3058359133126933,0.55,0.8484848484848485,0.5,0.0,0.0,0.0,1.0,0.0,0.35350980216924177,0.46554756320297364,0.8896722131253014
first3,logreg_et,S30,33,5,0.15151515151515152,0.3645021645021645,2.4057142857142857,0.7785714285714286,0.5454545454545454,0.65,0.34782608695652173,0.2222222222222222,0.8,0.5,0.21602468994692867,0.2056465784817688,0.2891116870440295,0.42772242007592826
first3,logreg_fusion,S30,33,5,0.15151515151515152,0.3683333333333333,2.4309999999999996,0.7357142857142858,0.6060606060606061,0.6857142857142857,0.38095238095238093,0.25,0.8,0.5714285714285714,0.26647402004950604,0.25936795367956916,0.33656120811780943,0.5381391281223694
first3,prevalence,S31,28,7,0.25,0.25,1.0,0.5,0.75,0.5,0.0,0.0,0.0,1.0,0.0,0.19374083113758683,0.07899893124332028,0.5
first3,product_propensity,S31,28,7,0.25,0.589900954807787,2.359603819231148,0.6428571428571429,0.75,0.6904761904761905,0.5333333333333333,0.5,0.5714285714285714,0.8095238095238095,0.36514837167011077,0.16722728480379262,0.12948446680509487,0.21374865735767992
first3,visit_count,S31,28,7,0.25,0.25,1.0,0.5,0.75,0.5,0.0,0.0,0.0,1.0,0.0,0.19374083113758683,0.07899893124332028,0.5
first3,total_dwell,S31,28,7,0.25,0.7578571428571428,3.031428571428571,0.8231292517006803,0.75,0.7857142857142857,0.631578947368421,0.5,0.8571428571428571,0.7142857142857143,0.5,0.17079732824823607,0.10820648533075233,0.16042262208411062
first3,logreg_behavior,S31,28,7,0.25,0.8216791979949873,3.2867167919799494,0.891156462585034,0.7142857142857143,0.7619047619047619,0.6,0.46153846153846156,0.8571428571428571,0.6666666666666666,0.4547940268270977,0.1988196862314928,0.3016256957697725,0.4972138156229818
first3,logreg_dwell_propensity,S31,28,7,0.25,0.746031746031746,2.984126984126984,0.7959183673469388,0.75,0.7380952380952381,0.5882352941176471,0.5,0.7142857142857143,0.7619047619047619,0.4303314829119352,0.19122030214511557,0.29949587763147484,0.5566737396700473
first3,logreg_eeg,S31,28,7,0.25,0.49699110413396125,1.987964416535845,0.5578231292517007,0.75,0.5,0.0,0.0,0.0,1.0,0.0,0.23427069012531931,0.27578540183065997,0.7633845204234383
first3,logreg_et,S31,28,7,0.25,0.5715406162464987,2.2861624649859946,0.6258503401360545,0.5,0.5238095238095237,0.36363636363636365,0.26666666666666666,0.5714285714285714,0.47619047619047616,0.041344911529736156,0.25049277078603693,0.33514278042318746,0.480449184963752
first3,logreg_fusion,S31,28,7,0.25,0.4534863945578231,1.8139455782312923,0.5510204081632654,0.5357142857142857,0.5,0.3157894736842105,0.25,0.42857142857142855,0.5714285714285714,0.0,0.30576775262542727,0.3494668241451962,0.6019823230567264
first3,prevalence,S32,94,14,0.14893617021276595,0.14893617021276595,1.0,0.5,0.851063829787234,0.5,0.0,0.0,0.0,1.0,0.0,0.12731249754700882,0.023628587175048676,0.5
first3,product_propensity,S32,94,14,0.14893617021276595,0.24647461721552202,1.6549010013042194,0.5870535714285714,0.7446808510638298,0.5553571428571429,0.25,0.2222222222222222,0.2857142857142857,0.825,0.10017736985089133,0.12557396104259413,0.0836143846803414,0.2585758575857586
first3,visit_count,S32,94,14,0.14893617021276595,0.14893617021276595,1.0,0.5,0.851063829787234,0.5,0.0,0.0,0.0,1.0,0.0,0.12731249754700882,0.023628587175048676,0.5
first3,total_dwell,S32,94,14,0.14893617021276595,0.36544326928707427,2.4536905223560703,0.7102678571428571,0.7127659574468085,0.625,0.34146341463414637,0.25925925925925924,0.5,0.75,0.1967114938933162,0.11858141685805414,0.0457825228134114,0.1597523238692352
first3,logreg_behavior,S32,94,14,0.14893617021276595,0.36077559228819733,2.422350405363611,0.6928571428571428,0.6914893617021277,0.5830357142857143,0.2926829268292683,0.2222222222222222,0.42857142857142855,0.7375,0.1306726352291315,0.26232250046516703,0.3714205910935132,0.5699895708567916
first3,logreg_dwell_propensity,S32,94,14,0.14893617021276595,0.31621909336715986,2.123185341179502,0.7017857142857142,0.648936170212766,0.6169642857142856,0.32653061224489793,0.22857142857142856,0.5714285714285714,0.6625,0.17227896420668623,0.2484131983901164,0.3505222617795387,0.5295526453308845
first3,logreg_eeg,S32,94,14,0.14893617021276595,0.12869995171851722,0.8641282472529014,0.41160714285714284,0.8297872340425532,0.4875,0.0,0.0,0.0,0.975,-0.06167939547439612,0.21110411734110562,0.21710830848426912,0.7828663131404899
first3,logreg_et,S32,94,14,0.14893617021276595,0.24623790379731114,1.6533116397819463,0.5910714285714286,0.5425531914893617,0.6133928571428571,0.31746031746031744,0.20408163265306123,0.7142857142857143,0.5125,0.16162941772798997,0.2901872982561711,0.3795490488738526,0.5447300008772468
first3,logreg_fusion,S32,94,14,0.14893617021276595,0.205147223415181,1.3774170715019296,0.60625,0.3617021276595745,0.5660714285714286,0.2857142857142857,0.17142857142857143,0.8571428571428571,0.275,0.1078941910511638,0.27648281626560817,0.3129080413562775,0.18322537067305078
first3,prevalence,S33,29,7,0.2413793103448276,0.2413793103448276,1.0,0.5,0.7586206896551724,0.5,0.0,0.0,0.0,1.0,0.0,0.18805986161307478,0.0703173003662104,0.5
first3,product_propensity,S33,29,7,0.2413793103448276,0.2554683411826269,1.0583688420423114,0.4967532467532467,0.6206896551724138,0.45779220779220775,0.15384615384615385,0.16666666666666666,0.14285714285714285,0.7727272727272727,-0.08917506789905703,0.20330044062957517,0.15871477721948407,0.21643394199785176
first3,visit_count,S33,29,7,0.2413793103448276,0.2413793103448276,1.0,0.5,0.7586206896551724,0.5,0.0,0.0,0.0,1.0,0.0,0.18805986161307478,0.0703173003662104,0.5
first3,total_dwell,S33,29,7,0.2413793103448276,0.7022005772005773,2.90911667697382,0.7987012987012987,0.7241379310344828,0.7207792207792207,0.5555555555555556,0.45454545454545453,0.7142857142857143,0.7272727272727273,0.3894179418882947,0.1599465690520307,0.09725402799420664,0.16234377763641036
first3,logreg_behavior,S33,29,7,0.2413793103448276,0.7329931972789117,3.036686103012634,0.8311688311688312,0.6206896551724138,0.7012987012987013,0.5217391304347826,0.375,0.8571428571428571,0.5454545454545454,0.3464173711074475,0.21622168047707144,0.33875765134825103,0.4970332703900555
first3,logreg_dwell_propensity,S33,29,7,0.2413793103448276,0.5497165532879817,2.277397149335924,0.7402597402597402,0.7241379310344828,0.672077922077922,0.5,0.4444444444444444,0.5714285714285714,0.7727272727272727,0.31833123681909753,0.22362499948018322,0.25761201156585684,0.5835232780689894
first3,logreg_eeg,S33,29,7,0.2413793103448276,0.32046546131214326,1.327642625436022,0.5,0.7586206896551724,0.5487012987012987,0.2222222222222222,0.5,0.14285714285714285,0.9545454545454546,0.16448792373994225,0.3516345418550094,0.3838854149909423,0.8382410377944535
first3,logreg_et,S33,29,7,0.2413793103448276,0.6153061224489795,2.5491253644314864,0.7532467532467533,0.6896551724137931,0.6493506493506493,0.47058823529411764,0.4,0.5714285714285714,0.7272727272727273,0.26891849420908714,0.19658894152321454,0.20063123016682616,0.5249546799767489
first3,logreg_fusion,S33,29,7,0.2413793103448276,0.42215522572665426,1.748928792296139,0.7272727272727273,0.7241379310344828,0.672077922077922,0.5,0.4444444444444444,0.5714285714285714,0.7727272727272727,0.31833123681909753,0.20635402408540868,0.2189068386375154,0.5215863486590251
first3,prevalence,S34,103,13,0.1262135922330097,0.1262135922330097,1.0,0.5,0.8737864077669902,0.5,0.0,0.0,0.0,1.0,0.0,0.11251965649529773,0.047285675702568614,0.5
first3,product_propensity,S34,103,13,0.1262135922330097,0.3234304491508106,2.5625643278871917,0.617948717948718,0.7864077669902912,0.5816239316239316,0.26666666666666666,0.23529411764705882,0.3076923076923077,0.8555555555555555,0.1460382937064386,0.1061628671091947,0.047757705961039426,0.2259680088251517
first3,visit_count,S34,103,13,0.1262135922330097,0.1262135922330097,1.0,0.5,0.8737864077669902,0.5,0.0,0.0,0.0,1.0,0.0,0.11251965649529773,0.047285675702568614,0.5
first3,total_dwell,S34,103,13,0.1262135922330097,0.16578560596709707,1.3135321088162306,0.4854700854700855,0.8058252427184466,0.5269230769230769,0.16666666666666666,0.18181818181818182,0.15384615384615385,0.9,0.0578971735053516,0.11429277353867476,0.06581612711333963,0.16234376082439558
first3,logreg_behavior,S34,103,13,0.1262135922330097,0.16566525176410463,1.3125785332079059,0.47264957264957264,0.6407766990291263,0.4982905982905983,0.17777777777777778,0.125,0.3076923076923077,0.6888888888888889,-0.0024533691331569216,0.23549015134599566,0.33889310703081565,0.5207478090381185
first3,logreg_dwell_propensity,S34,103,13,0.1262135922330097,0.30729230989172174,2.434700609142103,0.6239316239316239,0.7087378640776699,0.5371794871794873,0.21052631578947367,0.16,0.3076923076923077,0.7666666666666667,0.0575982138666744,0.20941451099150984,0.3078434681896631,0.5869400822617028
first3,logreg_eeg,S34,103,13,0.1262135922330097,0.10959092234620202,0.8682973078199083,0.39572649572649576,0.8640776699029126,0.49444444444444446,0.0,0.0,0.0,0.9888888888888889,-0.03763139652414322,0.27591850988446637,0.34328226904947634,0.8435180978358942
first3,logreg_et,S34,103,13,0.1262135922330097,0.2174067305624967,1.72253024984132,0.576923076923077,0.5825242718446602,0.5307692307692308,0.21818181818181817,0.14285714285714285,0.46153846153846156,0.6,0.041586273250445824,0.2401152257315196,0.3087362524871232,0.47579138884697186
first3,logreg_fusion,S34,103,13,0.1262135922330097,0.20311238865445147,1.6092750793391155,0.5957264957264957,0.7961165048543689,0.6200854700854701,0.3225806451612903,0.2777777777777778,0.38461538461538464,0.8555555555555555,0.21002339456995978,0.2454757705814887,0.30389706124832166,0.7665365873738337
first3,prevalence,S35,58,12,0.20689655172413793,0.20689655172413793,1.0,0.5,0.7931034482758621,0.5,0.0,0.0,0.0,1.0,0.0,0.16537549491171177,0.035848658313983095,0.5
first3,product_propensity,S35,58,12,0.20689655172413793,0.25390910870883476,1.227227358759368,0.5670289855072463,0.6551724137931034,0.5054347826086957,0.23076923076923078,0.21428571428571427,0.25,0.7608695652173914,0.010289430911429658,0.1655518612350015,0.08549944455474923,0.23339667028592107
first3,visit_count,S35,58,12,0.20689655172413793,0.20689655172413793,1.0,0.5,0.7931034482758621,0.5,0.0,0.0,0.0,1.0,0.0,0.16537549491171177,0.035848658313983095,0.5
first3,total_dwell,S35,58,12,0.20689655172413793,0.49728234728234727,2.403531345198012,0.7663043478260869,0.7758620689655172,0.6123188405797101,0.38095238095238093,0.4444444444444444,0.3333333333333333,0.8913043478260869,0.25132335670020195,0.14832871926839641,0.0847826756017654,0.21033546395145586
first3,logreg_behavior,S35,58,12,0.20689655172413793,0.5140296431963098,2.484476608782164,0.8043478260869564,0.7586206896551724,0.7554347826086957,0.5625,0.45,0.75,0.7608695652173914,0.4353843090506429,0.22865399366085276,0.30329827157069317,0.528600160354091
first3,logreg_dwell_propensity,S35,58,12,0.20689655172413793,0.48761274628081597,2.356794940357277,0.7264492753623188,0.7586206896551724,0.6630434782608696,0.46153846153846156,0.42857142857142855,0.5,0.8260869565217391,0.3086829273428897,0.23320512074062724,0.2946335482216207,0.6173356912039965
first3,logreg_eeg,S35,58,12,0.20689655172413793,0.2771111391532226,1.3393705059072427,0.5706521739130435,0.7931034482758621,0.5,0.0,0.0,0.0,1.0,0.0,0.19503554192921946,0.17236265033332587,0.8757084251539947
first3,logreg_et,S35,58,12,0.20689655172413793,0.37373369277781043,1.8063795150927504,0.7119565217391304,0.5344827586206896,0.644927536231884,0.425531914893617,0.2857142857142857,0.8333333333333334,0.45652173913043476,0.2400228032495145,0.2220055217575461,0.25300165160475735,0.4381050183386906
first3,logreg_fusion,S35,58,12,0.20689655172413793,0.520373101946513,2.515136659408146,0.6956521739130435,0.6896551724137931,0.6195652173913043,0.4,0.3333333333333333,0.5,0.7391304347826086,0.2093814215973923,0.1921795180035873,0.21878364870612146,0.4604577825257584
first3,prevalence,S36,63,12,0.19047619047619047,0.19047619047619047,1.0,0.5,0.8095238095238095,0.5,0.0,0.0,0.0,1.0,0.0,0.1545605769090618,0.019119769119769148,0.5
first3,product_propensity,S36,63,12,0.19047619047619047,0.2990250570744257,1.5698815496407352,0.5947712418300654,0.7142857142857143,0.5367647058823529,0.25,0.25,0.25,0.8235294117647058,0.07352941176470588,0.1533649417285683,0.09069630395448242,0.2190990086585519
first3,visit_count,S36,63,12,0.19047619047619047,0.19047619047619047,1.0,0.5,0.8095238095238095,0.5,0.0,0.0,0.0,1.0,0.0,0.1545605769090618,0.019119769119769148,0.5
first3,total_dwell,S36,63,12,0.19047619047619047,0.4190400725817392,2.199960381054131,0.7181372549019609,0.746031746031746,0.5882352941176471,0.3333333333333333,0.3333333333333333,0.3333333333333333,0.8431372549019608,0.17647058823529413,0.14948206280867185,0.09362182032380786,0.16234376345523777
first3,logreg_behavior,S36,63,12,0.19047619047619047,0.4834292013376889,2.538003307022867,0.7957516339869282,0.7777777777777778,0.7034313725490196,0.5,0.4375,0.5833333333333334,0.8235294117647058,0.3670411151700605,0.20001590159918167,0.2689667093011402,0.5294944890481454
first3,logreg_dwell_propensity,S36,63,12,0.19047619047619047,0.42638143525824684,2.238502535105796,0.7647058823529411,0.7301587301587301,0.5147058823529412,0.19047619047619047,0.2222222222222222,0.16666666666666666,0.8627450980392157,0.03300491809922248,0.18946272214302806,0.23925081136215828,0.6173604462604229
first3,logreg_eeg,S36,63,12,0.19047619047619047,0.24478150490031844,1.2851029007266719,0.5506535947712418,0.8095238095238095,0.5318627450980392,0.14285714285714285,0.5,0.08333333333333333,0.9803921568627451,0.14272793440459414,0.20354328946707448,0.19056628920576435,0.8670983821388192
first3,logreg_et,S36,63,12,0.19047619047619047,0.4600521736774357,2.415273911806538,0.7450980392156863,0.8095238095238095,0.6911764705882353,0.5,0.5,0.5,0.8823529411764706,0.38235294117647056,0.16649621761069,0.16302640862924772,0.5562257216630979
first3,logreg_fusion,S36,63,12,0.19047619047619047,0.6283386058386059,3.298777680652681,0.7810457516339869,0.7142857142857143,0.7279411764705883,0.5,0.375,0.75,0.7058823529411765,0.36862990796973294,0.12623788430219154,0.11538748600668007,0.2756907896154234
first3,prevalence,S37,94,18,0.19148936170212766,0.19148936170212766,1.0,0.5,0.8085106382978723,0.5,0.0,0.0,0.0,1.0,0.0,0.15523669048519967,0.020383925729854813,0.5
first3,product_propensity,S37,94,18,0.19148936170212766,0.36183209507155223,1.8895676075958838,0.7065058479532164,0.776595744680851,0.6074561403508771,0.36363636363636365,0.4,0.3333333333333333,0.881578947368421,0.23091125759253683,0.1436868389036776,0.04220498719439979,0.23622402890695574
first3,visit_count,S37,94,18,0.19148936170212766,0.19148936170212766,1.0,0.5,0.8085106382978723,0.5,0.0,0.0,0.0,1.0,0.0,0.15523669048519967,0.020383925729854813,0.5
first3,total_dwell,S37,94,18,0.19148936170212766,0.4228381700234338,2.2081548879001542,0.7503654970760234,0.6170212765957447,0.6571637426900585,0.41935483870967744,0.29545454545454547,0.7222222222222222,0.5921052631578947,0.2478643495520101,0.13809006003068452,0.0934554586628,0.153171712295586
first3,logreg_behavior,S37,94,18,0.19148936170212766,0.43933963793359976,2.2943292203199097,0.7902046783625731,0.7340425531914894,0.7083333333333333,0.4897959183673469,0.3870967741935484,0.6666666666666666,0.75,0.3487230748001994,0.24725602902980623,0.34243876036921783,0.587225892396038
first3,logreg_dwell_propensity,S37,94,18,0.19148936170212766,0.5111636407844776,2.6694101240967165,0.8238304093567251,0.6595744680851063,0.7046783625730995,0.4666666666666667,0.3333333333333333,0.7777777777777778,0.631578947368421,0.323980343320393,0.2223076007287294,0.31162726786748296,0.5241542101965678
first3,logreg_eeg,S37,94,18,0.19148936170212766,0.35460321122844074,1.851816769748524,0.6279239766081871,0.8085106382978723,0.5,0.0,0.0,0.0,1.0,0.0,0.19353944191269049,0.21702806896217758,0.9005814240015196
first3,logreg_et,S37,94,18,0.19148936170212766,0.41228841087033824,2.1530617012117665,0.7646198830409356,0.6170212765957447,0.6783625730994152,0.4375,0.30434782608695654,0.7777777777777778,0.5789473684210527,0.28078715647193797,0.21139782296887386,0.2713051918390634,0.5121212448282443
first3,logreg_fusion,S37,94,18,0.19148936170212766,0.5252662092336006,2.7430568704421363,0.7894736842105263,0.35106382978723405,0.577485380116959,0.35789473684210527,0.22077922077922077,0.9444444444444444,0.21052631578947367,0.1584247348598838,0.19003664387193356,0.2230663428047166,0.13954696740693567
first3,prevalence,S38,96,22,0.22916666666666666,0.22916666666666666,1.0,0.5,0.7708333333333334,0.5,0.0,0.0,0.0,1.0,0.0,0.18017727086779856,0.05939667761956924,0.5
first3,product_propensity,S38,96,22,0.22916666666666666,0.34840996987731804,1.5203344140101152,0.586916461916462,0.6979166666666666,0.5644963144963145,0.32558139534883723,0.3333333333333333,0.3181818181818182,0.8108108108108109,0.1311450235388945,0.17611504946229709,0.0735820541938532,0.23668134287286735
first3,visit_count,S38,96,22,0.22916666666666666,0.22916666666666666,1.0,0.5,0.7708333333333334,0.5,0.0,0.0,0.0,1.0,0.0,0.18017727086779856,0.05939667761956924,0.5
first3,total_dwell,S38,96,22,0.22916666666666666,0.33436280073291236,1.4590376759254358,0.5918304668304668,0.7395833333333334,0.5436117936117936,0.24242424242424243,0.36363636363636365,0.18181818181818182,0.9054054054054054,0.11509470355710438,0.19218371488652772,0.14188092886582057,0.16234374306293142
first3,logreg_behavior,S38,96,22,0.22916666666666666,0.3909881068734804,1.70612992090246,0.6941031941031941,0.7604166666666666,0.5890663390663391,0.34285714285714286,0.46153846153846156,0.2727272727272727,0.9054054054054054,0.2188064274547935,0.1892252436250236,0.1554321136109894,0.5359563089313482
first3,logreg_dwell_propensity,S38,96,22,0.22916666666666666,0.4417093945543624,1.927459176237218,0.6953316953316954,0.7708333333333334,0.6277641277641277,0.42105263157894735,0.5,0.36363636363636365,0.8918918918918919,0.2881782140389572,0.18537968313014344,0.15060408673795933,0.5631339155266478
first3,logreg_eeg,S38,96,22,0.22916666666666666,0.2944563767527416,1.2849005531028725,0.5743243243243243,0.6979166666666666,0.5325552825552825,0.2564102564102564,0.29411764705882354,0.22727272727272727,0.8378378378378378,0.07168704167902953,0.3215231047647425,0.346466014369245,0.8021608782774178
first3,logreg_et,S38,96,22,0.22916666666666666,0.3138941108700555,1.3697197565238786,0.6265356265356266,0.65625,0.5853808353808354,0.37735849056603776,0.3225806451612903,0.45454545454545453,0.7162162162162162,0.15348999445530018,0.24108847886499588,0.23931402777901395,0.5738398027984287
first3,logreg_fusion,S38,96,22,0.22916666666666666,0.3254716975550669,1.4202401347857465,0.617936117936118,0.71875,0.5939803439803439,0.37209302325581395,0.38095238095238093,0.36363636363636365,0.8243243243243243,0.191097034299532,0.2687012392259033,0.27058061830991736,0.7207638294487166
first3,prevalence,S39,39,7,0.1794871794871795,0.1794871794871795,1.0,0.5,0.8205128205128205,0.5,0.0,0.0,0.0,1.0,0.0,0.14733258047741637,0.007813359744690246,0.5
first3,product_propensity,S39,39,7,0.1794871794871795,0.2098639455782313,1.1692419825072886,0.4732142857142857,0.717948717948718,0.5491071428571428,0.26666666666666666,0.25,0.2857142857142857,0.8125,0.09334108207904297,0.1572612851496518,0.0976881584879086,0.23463611859838274
first3,visit_count,S39,39,7,0.1794871794871795,0.1794871794871795,1.0,0.5,0.8205128205128205,0.5,0.0,0.0,0.0,1.0,0.0,0.14733258047741637,0.007813359744690246,0.5
first3,total_dwell,S39,39,7,0.1794871794871795,0.3314695468830807,1.8467589040628782,0.734375,0.7692307692307693,0.6361607142857143,0.4,0.375,0.42857142857142855,0.84375,0.25880936394643733,0.1413951818755424,0.04805549238850515,0.16234377202990027
first3,logreg_behavior,S39,39,7,0.1794871794871795,0.36844465058750775,2.0527630532732575,0.78125,0.7692307692307693,0.6361607142857143,0.4,0.375,0.42857142857142855,0.84375,0.25880936394643733,0.22883093908137334,0.3069778559493807,0.5612527615974086
first3,logreg_dwell_propensity,S39,39,7,0.1794871794871795,0.3446600085255547,1.9202486189280903,0.6294642857142857,0.7692307692307693,0.5803571428571428,0.3076923076923077,0.3333333333333333,0.2857142857142857,0.875,0.17094086468945693,0.22546123503398588,0.28828602904127865,0.5925264358774028
first3,logreg_eeg,S39,39,7,0.1794871794871795,0.21687919432280334,1.2083269397984757,0.53125,0.6410256410256411,0.5580357142857143,0.3,0.23076923076923078,0.42857142857142855,0.6875,0.0944911182523068,0.2054010759937554,0.21988117636496995,0.46807717691650425
first3,logreg_et,S39,39,7,0.1794871794871795,0.18036582846161142,1.0048953300004064,0.42410714285714285,0.5128205128205128,0.42410714285714285,0.17391304347826086,0.125,0.2857142857142857,0.5625,-0.11842162017226247,0.27040913302967634,0.3223743236564021,0.4997837703791739
first3,logreg_fusion,S39,39,7,0.1794871794871795,0.1720314644076254,0.9584610159853415,0.4196428571428571,0.7435897435897436,0.453125,0.0,0.0,0.0,0.90625,-0.1350154312168304,0.2436427068147018,0.23345193790505825,0.6472650556277074
first3,prevalence,S40,55,9,0.16363636363636364,0.16363636363636364,1.0,0.5,0.8363636363636363,0.5,0.0,0.0,0.0,1.0,0.0,0.13692849513718,0.008306082406801751,0.5
first3,product_propensity,S40,55,9,0.16363636363636364,0.5900587067253734,3.605914318877282,0.858695652173913,0.8181818181818182,0.71256038647343,0.5,0.45454545454545453,0.5555555555555556,0.8695652173913043,0.3931785497463924,0.108953562270623,0.07900723239023658,0.23401084010840106
first3,visit_count,S40,55,9,0.16363636363636364,0.16363636363636364,1.0,0.5,0.8363636363636363,0.5,0.0,0.0,0.0,1.0,0.0,0.13692849513718,0.008306082406801751,0.5
first3,total_dwell,S40,55,9,0.16363636363636364,0.35493254881799774,2.169032242776653,0.6642512077294686,0.7636363636363637,0.5905797101449275,0.3157894736842105,0.3,0.3333333333333333,0.8478260869565217,0.17376201171422895,0.13434061603370495,0.09410517093516935,0.1595583834444375
first3,logreg_behavior,S40,55,9,0.16363636363636364,0.35487682303720036,2.168691696338447,0.6497584541062802,0.8,0.6123188405797101,0.35294117647058826,0.375,0.3333333333333333,0.8913043478260869,0.23571588756058348,0.2106168860859971,0.2807528184267827,0.5620675909580799
first3,logreg_dwell_propensity,S40,55,9,0.16363636363636364,0.608238851095994,3.7170152011421855,0.8091787439613526,0.8363636363636363,0.7234299516908212,0.5263157894736842,0.5,0.5555555555555556,0.8913043478260869,0.4286129622284314,0.169384459525878,0.26021825724018177,0.5372478764979213
first3,logreg_eeg,S40,55,9,0.16363636363636364,0.20858422748213148,1.2746813901685814,0.4975845410628019,0.8,0.5229468599033816,0.15384615384615385,0.25,0.1111111111111111,0.9347826086956522,0.0653790110053806,0.22353898000350717,0.2550878785376927,0.6702566823005586
first3,logreg_et,S40,55,9,0.16363636363636364,0.5493894993894994,3.357380274046941,0.6763285024154589,0.6363636363636364,0.6038647342995169,0.3333333333333333,0.23809523809523808,0.5555555555555556,0.6521739130434783,0.15817912717496327,0.1876282690064751,0.25021648742413377,0.4352614670091181
first3,logreg_fusion,S40,55,9,0.16363636363636364,0.40987985681080313,2.5048213471771303,0.717391304347826,0.8363636363636363,0.5893719806763285,0.3076923076923077,0.5,0.2222222222222222,0.9565217391304348,0.2546340428630613,0.18572951997464357,0.24003089473528452,0.7234258497466513
first3,prevalence,S41,60,9,0.15,0.15,1.0,0.5,0.85,0.5,0.0,0.0,0.0,1.0,0.0,0.12799516273029785,0.02225225225225219,0.5
first3,product_propensity,S41,60,9,0.15,0.29301623742035116,1.953441582802341,0.545751633986928,0.7166666666666667,0.5130718954248366,0.19047619047619047,0.16666666666666666,0.2222222222222222,0.803921568627451,0.023338001400466827,0.12424981706439761,0.05753078236374166,0.2222523990584827
first3,visit_count,S41,60,9,0.15,0.15,1.0,0.5,0.85,0.5,0.0,0.0,0.0,1.0,0.0,0.12799516273029785,0.02225225225225219,0.5
first3,total_dwell,S41,60,9,0.15,0.25601212496938364,1.706747499795891,0.5501089324618736,0.85,0.5,0.0,0.0,0.0,1.0,0.0,0.13335337851966841,0.08616709027079698,0.16234379423607753
first3,logreg_behavior,S41,60,9,0.15,0.35365696681486153,2.357713112099077,0.7603485838779956,0.85,0.6372549019607843,0.4,0.5,0.3333333333333333,0.9411764705882353,0.32673201960653564,0.1499448393063705,0.2021039511679129,0.49760085833788953
first3,logreg_dwell_propensity,S41,60,9,0.15,0.417789967225436,2.7852664481695735,0.7037037037037037,0.8666666666666667,0.5555555555555556,0.2,1.0,0.1111111111111111,1.0,0.3099115966531633,0.14584307562320928,0.1769159823854234,0.6236734434472928
first3,logreg_eeg,S41,60,9,0.15,0.25745010750491204,1.716334050032747,0.39651416122004357,0.85,0.5,0.0,0.0,0.0,1.0,0.0,0.19058364801298308,0.255522223428139,0.8729856934464251
first3,logreg_et,S41,60,9,0.15,0.6893538560205228,4.595692373470152,0.8671023965141612,0.8666666666666667,0.7843137254901961,0.6,0.5454545454545454,0.6666666666666666,0.9019607843137255,0.5247346970015024,0.12109496641462993,0.20377533021269764,0.498919174001352
first3,logreg_fusion,S41,60,9,0.15,0.49158993436647896,3.27726622910986,0.5773420479302833,0.8833333333333333,0.6111111111111112,0.36363636363636365,1.0,0.2222222222222222,1.0,0.4420433223684922,0.1502553340587517,0.24498599060346313,0.8004550348256896
first3,prevalence,S42,104,16,0.15384615384615385,0.15384615384615385,1.0,0.5,0.8461538461538461,0.5,0.0,0.0,0.0,1.0,0.0,0.13052415011411095,0.018618144945497572,0.5
first3,product_propensity,S42,104,16,0.15384615384615385,0.3719856013963123,2.41790640907603,0.671875,0.7307692307692307,0.6107954545454546,0.3333333333333333,0.2692307692307692,0.4375,0.7840909090909091,0.1846372364689991,0.11971376339872426,0.03187307690994548,0.20592872910753707
first3,visit_count,S42,104,16,0.15384615384615385,0.15384615384615385,1.0,0.5,0.8461538461538461,0.5,0.0,0.0,0.0,1.0,0.0,0.13052415011411095,0.018618144945497572,0.5
first3,total_dwell,S42,104,16,0.15384615384615385,0.31749616369626543,2.063725064025725,0.6896306818181819,0.6442307692307693,0.6107954545454546,0.32727272727272727,0.23076923076923078,0.5625,0.6590909090909091,0.1651445647689541,0.12142920752355159,0.04810461281796691,0.15946195174557834
first3,logreg_behavior,S42,104,16,0.15384615384615385,0.24385568815469938,1.585061973005546,0.5532670454545455,0.6538461538461539,0.5397727272727273,0.25,0.1875,0.375,0.7045454545454546,0.06218354227038638,0.24082416836682352,0.32690017603003707,0.523044845824734
first3,logreg_dwell_propensity,S42,104,16,0.15384615384615385,0.3463869193285532,2.2515149756355957,0.5887784090909092,0.7115384615384616,0.5482954545454546,0.25,0.20833333333333334,0.3125,0.7840909090909091,0.08271551281716182,0.21680103675340498,0.2624716866556554,0.5593122758529675
first3,logreg_eeg,S42,104,16,0.15384615384615385,0.20678283038823037,1.3440883975234974,0.6100852272727273,0.8365384615384616,0.4943181818181818,0.0,0.0,0.0,0.9886363636363636,-0.042014581590156766,0.19290798270746437,0.20326795923716334,0.8648325062640457
first3,logreg_et,S42,104,16,0.15384615384615385,0.2949408393109376,1.9171154555210945,0.5980113636363636,0.3173076923076923,0.5710227272727273,0.297029702970297,0.17647058823529413,0.9375,0.20454545454545456,0.1326301940161522,0.49386288147281654,0.6006933285560674,0.5936349730146784
first3,logreg_fusion,S42,104,16,0.15384615384615385,0.2494353611919258,1.6213298477475175,0.45312500000000006,0.375,0.5028409090909091,0.25287356321839083,0.15492957746478872,0.6875,0.3181818181818182,0.004404559846468266,0.32667822329600366,0.3689681311650805,0.3498799184765071
first3,prevalence,S43,34,9,0.2647058823529412,0.2647058823529412,1.0,0.5,0.7352941176470589,0.5,0.0,0.0,0.0,1.0,0.0,0.20348255928235906,0.09405254425940318,0.5
first3,product_propensity,S43,34,9,0.2647058823529412,0.37954583542818837,1.4338398227287117,0.56,0.6764705882352942,0.5311111111111111,0.26666666666666666,0.3333333333333333,0.2222222222222222,0.84,0.07200822998230956,0.19851564397179097,0.16304433013688366,0.23726914111529496
first3,visit_count,S43,34,9,0.2647058823529412,0.2647058823529412,1.0,0.5,0.7352941176470589,0.5,0.0,0.0,0.0,1.0,0.0,0.20348255928235906,0.09405254425940318,0.5
first3,total_dwell,S43,34,9,0.2647058823529412,0.5203887419165196,1.965913025017963,0.6933333333333332,0.7941176470588235,0.6822222222222223,0.5333333333333333,0.6666666666666666,0.4444444444444444,0.92,0.42176248989638454,0.20745766427612503,0.18107641347551068,0.15975040366700954
first3,logreg_behavior,S43,34,9,0.2647058823529412,0.5545269545269546,2.0948796059907173,0.7777777777777778,0.8235294117647058,0.7377777777777779,0.625,0.7142857142857143,0.5555555555555556,0.92,0.5188736501166931,0.19502592892877552,0.22276256996957042,0.5633414029533973
first3,logreg_dwell_propensity,S43,34,9,0.2647058823529412,0.5217560761678409,1.971078509967399,0.8177777777777777,0.7941176470588235,0.7177777777777778,0.5882352941176471,0.625,0.5555555555555556,0.88,0.4530051602506038,0.18280636476757486,0.20026251463597597,0.5672246507598886
first3,logreg_eeg,S43,34,9,0.2647058823529412,0.331277161600519,1.2514914993797384,0.4,0.6764705882352942,0.4955555555555555,0.15384615384615385,0.25,0.1111111111111111,0.88,-0.012171612389003692,0.3998188511513694,0.44432849769366967,0.8545756652350216
first3,logreg_et,S43,34,9,0.2647058823529412,0.507271740605074,1.9163599089525016,0.8088888888888889,0.7058823529411765,0.6577777777777778,0.5,0.45454545454545453,0.5555555555555556,0.76,0.29758211703864756,0.1799278435371578,0.15421558305175787,0.5710038277113297
first3,logreg_fusion,S43,34,9,0.2647058823529412,0.6337799627273313,2.39427985919214,0.7911111111111111,0.7058823529411765,0.6577777777777778,0.5,0.45454545454545453,0.5555555555555556,0.76,0.29758211703864756,0.1821274349107933,0.18102722157037968,0.5558345777806032
first3,prevalence,S44,69,12,0.17391304347826086,0.17391304347826086,1.0,0.5,0.8260869565217391,0.5,0.0,0.0,0.0,1.0,0.0,0.1436720706452721,0.0021849162186802773,0.5
first3,product_propensity,S44,69,12,0.17391304347826086,0.40011269857885917,2.3006480168284402,0.6345029239766081,0.6811594202898551,0.6096491228070176,0.35294117647058826,0.2727272727272727,0.5,0.7192982456140351,0.17836224859399497,0.13314778316503376,0.05092367439067964,0.1910626702997275
first3,visit_count,S44,69,12,0.17391304347826086,0.17391304347826086,1.0,0.5,0.8260869565217391,0.5,0.0,0.0,0.0,1.0,0.0,0.1436720706452721,0.0021849162186802773,0.5
first3,total_dwell,S44,69,12,0.17391304347826086,0.3833473854957003,2.2042474666002767,0.6345029239766082,0.7971014492753623,0.6140350877192983,0.36363636363636365,0.4,0.3333333333333333,0.8947368421052632,0.24556730365511298,0.14114249176059196,0.0699299558441734,0.16234375949770122
first3,logreg_behavior,S44,69,12,0.17391304347826086,0.40305387140236204,2.3175597605635816,0.6783625730994152,0.7391304347826086,0.6118421052631579,0.35714285714285715,0.3125,0.4166666666666667,0.8070175438596491,0.20089330046766235,0.21637039681410564,0.3033692530696659,0.5293193635152034
first3,logreg_dwell_propensity,S44,69,12,0.17391304347826086,0.549897529922985,3.161910797057164,0.6973684210526316,0.855072463768116,0.6820175438596491,0.5,0.625,0.4166666666666667,0.9473684210526315,0.43098423586216134,0.19991354644184764,0.28710673526843056,0.5971968892528345
first3,logreg_eeg,S44,69,12,0.17391304347826086,0.16659317783908495,0.9579107725747384,0.4751461988304093,0.8260869565217391,0.5,0.0,0.0,0.0,1.0,0.0,0.19294809284897238,0.21992720256042245,0.6927227842086524
first3,logreg_et,S44,69,12,0.17391304347826086,0.26649539268586886,1.532348507943746,0.695906432748538,0.6811594202898551,0.6425438596491229,0.3888888888888889,0.2916666666666667,0.5833333333333334,0.7017543859649122,0.22687920032466838,0.2033253242571377,0.24466772734251901,0.5244704156228018
first3,logreg_fusion,S44,69,12,0.17391304347826086,0.3193227325388451,1.8361057120983593,0.6812865497076023,0.782608695652174,0.5723684210526316,0.2857142857142857,0.3333333333333333,0.25,0.8947368421052632,0.16289594138375038,0.1851399594184026,0.15741283553480126,0.619849886978981
full,prevalence,S01,129,12,0.09302325581395349,0.09302325581395349,1.0,0.5,0.9069767441860465,0.5,0.0,0.0,0.0,1.0,0.0,0.08584269868991928,0.038376672578456145,0.5
full,product_propensity,S01,129,12,0.09302325581395349,0.20207712442301484,2.1723290875474097,0.7118945868945868,0.7054263565891473,0.6506410256410257,0.2692307692307692,0.175,0.5833333333333334,0.717948717948718,0.18920465384647675,0.08345971247263019,0.04641668173907281,0.16618677150530192
full,visit_count,S01,129,12,0.09302325581395349,0.22102173773742814,2.3759836806773524,0.7083333333333333,0.7751937984496124,0.6517094017094017,0.2926829268292683,0.20689655172413793,0.5,0.8034188034188035,0.21111886687476866,0.08046511627906976,0.0193798449612403,0.15
full,total_dwell,S01,129,12,0.09302325581395349,0.4692305997026169,5.044228946803131,0.8888888888888888,0.8604651162790697,0.7735042735042734,0.47058823529411764,0.36363636363636365,0.6666666666666666,0.8803418803418803,0.42244914636796177,0.07059261592539802,0.04993443749131887,0.10329142190917635
full,logreg_behavior,S01,129,12,0.09302325581395349,0.6485886961622256,6.972328483743925,0.9287749287749287,0.9302325581395349,0.7745726495726496,0.6086956521739131,0.6363636363636364,0.5833333333333334,0.9658119658119658,0.5711280336739283,0.06814680974378146,0.14377191152820867,0.5483348493965686
full,logreg_dwell_propensity,S01,129,12,0.09302325581395349,0.6803014387573211,7.313240466641202,0.9529914529914529,0.9302325581395349,0.7371794871794872,0.5714285714285714,0.6666666666666666,0.5,0.9743589743589743,0.5408524452393346,0.06840945361519836,0.1427753621004862,0.5983738422725197
full,logreg_eeg,S01,129,12,0.09302325581395349,0.2369271330683841,2.546966680485129,0.6339031339031338,0.8604651162790697,0.5491452991452992,0.18181818181818182,0.2,0.16666666666666666,0.9316239316239316,0.10676331540399339,0.17058773903016342,0.2667612204471862,0.6195163175265092
full,logreg_et,S01,129,12,0.09302325581395349,0.3544140397141051,3.8099509269266303,0.8226495726495726,0.8449612403100775,0.6527777777777778,0.3333333333333333,0.2777777777777778,0.4166666666666667,0.8888888888888888,0.25613916908705564,0.1392980592028251,0.19002236683890533,0.6502530181233415
full,logreg_fusion,S01,129,12,0.09302325581395349,0.47327321003238737,5.087687007848165,0.8361823361823362,0.9147286821705426,0.6164529914529915,0.35294117647058826,0.6,0.25,0.9829059829059829,0.35048412694778214,0.09956974692702951,0.1121249708815814,0.7972102863675813
full,prevalence,S02,127,15,0.11811023622047244,0.11811023622047244,1.0,0.5,0.8818897637795275,0.5,0.0,0.0,0.0,1.0,0.0,0.10432164562676229,0.012705798138869004,0.5
full,product_propensity,S02,127,15,0.11811023622047244,0.2262776075965789,1.9158170776510346,0.6517857142857143,0.7480314960629921,0.5395833333333333,0.2,0.16,0.26666666666666666,0.8125,0.0642579564514797,0.10147984906382462,0.06791662498540312,0.18572798564600704
full,visit_count,S02,127,15,0.11811023622047244,0.3250879794963865,2.7524115597360725,0.8056547619047619,0.7795275590551181,0.7017857142857142,0.391304347826087,0.2903225806451613,0.6,0.8035714285714286,0.3032205209608961,0.09255905511811023,0.03937007874015748,0.15
full,total_dwell,S02,127,15,0.11811023622047244,0.7462294521895603,6.318076028538277,0.9535714285714285,0.7795275590551181,0.875,0.5172413793103449,0.3488372093023256,1.0,0.75,0.5114957546028551,0.08222475084500563,0.1030479519659156,0.08258123807277555
full,logreg_behavior,S02,127,15,0.11811023622047244,0.8571138900086269,7.256897602073042,0.9839285714285714,0.8031496062992126,0.8883928571428572,0.5454545454545454,0.375,1.0,0.7767857142857143,0.5397171878466934,0.16454038766722745,0.3292785464835496,0.5416494158042162
full,logreg_dwell_propensity,S02,127,15,0.11811023622047244,0.7956410540755892,6.736427591173322,0.9755952380952382,0.8582677165354331,0.9196428571428572,0.625,0.45454545454545453,1.0,0.8392857142857143,0.6176516060802453,0.15981947787156114,0.3114124158768767,0.594983649055395
full,logreg_eeg,S02,127,15,0.11811023622047244,0.5494433633114162,4.65195380936999,0.8380952380952381,0.6850393700787402,0.7348214285714285,0.375,0.24489795918367346,0.8,0.6696428571428571,0.31137018233332553,0.20355699857988155,0.33323695928256386,0.5343419902879102
full,logreg_et,S02,127,15,0.11811023622047244,0.6647762408157144,5.628438838906382,0.9148809523809525,0.8582677165354331,0.8041666666666667,0.55,0.44,0.7333333333333333,0.875,0.4937716653640019,0.1626555631156192,0.2783547983322139,0.6617915440427989
full,logreg_fusion,S02,127,15,0.11811023622047244,0.6756101910106295,5.720166283889996,0.8970238095238094,0.8346456692913385,0.8485119047619047,0.5531914893617021,0.40625,0.8666666666666667,0.8303571428571429,0.5181618831556297,0.17952620315506423,0.27825759417195717,0.6514841968126026
full,prevalence,S03,143,15,0.1048951048951049,0.1048951048951049,1.0,0.5,0.8951048951048951,0.5,0.0,0.0,0.0,1.0,0.0,0.09458363133978287,0.026296567753854194,0.5
full,product_propensity,S03,143,15,0.1048951048951049,0.2392741601419771,2.2810803266868485,0.6947916666666667,0.7762237762237763,0.61015625,0.2727272727272727,0.20689655172413793,0.4,0.8203125,0.1678952186527686,0.08899578080128646,0.0322055498072056,0.17859084906393227
full,visit_count,S03,143,15,0.1048951048951049,0.2293613053613054,2.186577777777778,0.7869791666666667,0.8321678321678322,0.5236979166666667,0.14285714285714285,0.15384615384615385,0.13333333333333333,0.9140625,0.05051814855409226,0.08984265734265735,0.06328671328671327,0.15
full,total_dwell,S03,143,15,0.1048951048951049,0.5431246297562087,5.177788137009189,0.8601562500000001,0.9090909090909091,0.684375,0.48,0.6,0.4,0.96875,0.44305416427475663,0.08968691249522688,0.061362353340615294,0.0934118513919775
full,logreg_behavior,S03,143,15,0.1048951048951049,0.6905350028058361,6.583100360082304,0.8859375,0.9300699300699301,0.8138020833333333,0.6666666666666666,0.6666666666666666,0.6666666666666666,0.9609375,0.6276041666666666,0.13345672570564004,0.27486692857480344,0.6021295775819707
full,logreg_dwell_propensity,S03,143,15,0.1048951048951049,0.6506334140500035,6.202705213943367,0.8989583333333333,0.9020979020979021,0.8276041666666667,0.6111111111111112,0.5238095238095238,0.7333333333333333,0.921875,0.567205540031307,0.13370003851732154,0.2626826921507921,0.6038918931119817
full,logreg_eeg,S03,143,15,0.1048951048951049,0.1517358785229407,1.446548708585368,0.6432291666666667,0.4965034965034965,0.63046875,0.25,0.14814814814814814,0.8,0.4609375,0.16134249081655855,0.2346906072555501,0.3452549462431706,0.41899651912839525
full,logreg_et,S03,143,15,0.1048951048951049,0.36331744245278014,3.463626284716504,0.7984375,0.8881118881118881,0.5549479166666667,0.2,0.4,0.13333333333333333,0.9765625,0.18331892235851158,0.13298468050891546,0.18687298066211067,0.7596137055251142
full,logreg_fusion,S03,143,15,0.1048951048951049,0.36671862975875585,3.4960509370334725,0.7609375,0.8041958041958042,0.62578125,0.3,0.24,0.4,0.8515625,0.20294834234606834,0.1715744144409148,0.2198258553258013,0.6281400914783577
full,prevalence,S05,132,8,0.06060606060606061,0.06060606060606061,1.0,0.5,0.9393939393939394,0.5,0.0,0.0,0.0,1.0,0.0,0.062056796369902203,0.07158093563252083,0.5
full,product_propensity,S05,132,8,0.06060606060606061,0.24582709336850378,4.056147040580313,0.746975806451613,0.9318181818181818,0.4959677419354839,0.0,0.0,0.0,0.9919354838709677,-0.02219210523130669,0.060358712379285015,0.09394843194633536,0.47874265038444147
full,visit_count,S05,132,8,0.06060606060606061,0.19364171864171864,3.1950883575883573,0.8185483870967742,0.7045454545454546,0.7842741935483871,0.2641509433962264,0.15555555555555556,0.875,0.6935483870967742,0.2861919308486997,0.05585227272727273,0.05568181818181819,0.15
full,total_dwell,S05,132,8,0.06060606060606061,0.7485119047619048,12.350446428571429,0.9788306451612903,0.7272727272727273,0.8548387096774194,0.3076923076923077,0.18181818181818182,1.0,0.7096774193548387,0.35921060405354976,0.04023065396692174,0.08096082598049376,0.08122782333561392
full,logreg_behavior,S05,132,8,0.06060606060606061,0.9472222222222222,15.629166666666666,0.9959677419354839,0.9393939393939394,0.967741935483871,0.6666666666666666,0.5,1.0,0.9354838709677419,0.6839166144230384,0.08380107982648506,0.2258211500166373,0.5212743318951846
full,logreg_dwell_propensity,S05,132,8,0.06060606060606061,0.9472222222222222,15.629166666666666,0.9959677419354839,0.9393939393939394,0.967741935483871,0.6666666666666666,0.5,1.0,0.9354838709677419,0.6839166144230384,0.086397498171711,0.21874383316661497,0.5881852112145776
full,logreg_eeg,S05,132,8,0.06060606060606061,0.38416554206027886,6.338731443994601,0.9163306451612903,0.7121212121212122,0.8467741935483871,0.2962962962962963,0.17391304347826086,1.0,0.6935483870967742,0.3472997420088863,0.20576154786627704,0.3824498712615939,0.5223915735314548
full,logreg_et,S05,132,8,0.06060606060606061,0.7115896358543418,11.741228991596639,0.970766129032258,0.9621212121212122,0.8629032258064516,0.7058823529411765,0.6666666666666666,0.75,0.9758064516129032,0.6870729486898756,0.09441222894375498,0.214735692028368,0.7045215482840219
full,logreg_fusion,S05,132,8,0.06060606060606061,0.6432364612511672,10.613401610644258,0.9596774193548386,0.9166666666666666,0.7217741935483871,0.42105263157894735,0.36363636363636365,0.5,0.9435483870967742,0.3829197905337418,0.0779039095411311,0.14955343068229782,0.7777403877331234
full,prevalence,S06,144,23,0.1597222222222222,0.1597222222222222,1.0,0.5,0.8402777777777778,0.5,0.0,0.0,0.0,1.0,0.0,0.13510761770484836,0.029943008436546376,0.5
full,product_propensity,S06,144,23,0.1597222222222222,0.31359588981465114,1.963382962317816,0.6683435141933165,0.5208333333333334,0.5740208408192597,0.30303030303030304,0.19736842105263158,0.6521739130434783,0.49586776859504134,0.10863739930111473,0.12694480125241642,0.03999960119961673,0.1137898845268984
full,visit_count,S06,144,23,0.1597222222222222,0.3705282538993217,2.3198290678914057,0.793388429752066,0.3055555555555556,0.5691699604743083,0.3055555555555556,0.18181818181818182,0.9565217391304348,0.18181818181818182,0.1383399209486166,0.1260763888888889,0.07708333333333335,0.1
full,total_dwell,S06,144,23,0.1597222222222222,0.47145266613749676,2.9517036488608497,0.8760330578512396,0.6180555555555556,0.7551203736974488,0.4444444444444444,0.2894736842105263,0.9565217391304348,0.5537190082644629,0.37442987137762845,0.1098249611730137,0.07744178501995676,0.09250937508801374
full,logreg_behavior,S06,144,23,0.1597222222222222,0.6148998526706881,3.8498077732425697,0.9166367229608336,0.7638888888888888,0.859504132231405,0.575,0.40350877192982454,1.0,0.71900826446281,0.5386335877020509,0.22049927399619354,0.3446550844320449,0.5668248974953806
full,logreg_dwell_propensity,S06,144,23,0.1597222222222222,0.6290906227034228,3.938654333447517,0.9209486166007905,0.7777777777777778,0.8677685950413223,0.5897435897435898,0.41818181818181815,1.0,0.7355371900826446,0.5546064185430114,0.2083319973833311,0.3254360603163061,0.5728632649627567
full,logreg_eeg,S06,144,23,0.1597222222222222,0.173884997038027,1.0886712858032996,0.513115343154869,0.4652777777777778,0.5057491915199425,0.2524271844660194,0.1625,0.5652173913043478,0.4462809917355372,0.008477316438548307,0.2931254743190641,0.34028436416897956,0.4681401487812969
full,logreg_et,S06,144,23,0.1597222222222222,0.7155277418774028,4.479825862188957,0.8803449514911965,0.7638888888888888,0.7538627380524614,0.5,0.37777777777777777,0.7391304347826086,0.768595041322314,0.4012931112142669,0.16386417460559202,0.25611152941044424,0.5535781822507643
full,logreg_fusion,S06,144,23,0.1597222222222222,0.596538275791898,3.734848335392753,0.8523176428314768,0.8125,0.7651814588573482,0.5423728813559322,0.4444444444444444,0.6956521739130435,0.8347107438016529,0.4487109069560488,0.1544451443028187,0.18822587925240622,0.5983795641806511
full,prevalence,S07,128,12,0.09375,0.09375,1.0,0.5,0.90625,0.5,0.0,0.0,0.0,1.0,0.0,0.08637668419352515,0.03762640952210486,0.5
full,product_propensity,S07,128,12,0.09375,0.3503392447760016,3.7369519442773504,0.7733477011494254,0.7578125,0.6048850574712644,0.24390243902439024,0.1724137931034483,0.4166666666666667,0.7931034482758621,0.14606515959501085,0.0772077328757111,0.054866181267802974,0.181050511310815
full,visit_count,S07,128,12,0.09375,0.2664121359131755,2.8417294497405385,0.7406609195402298,0.8046875,0.6307471264367817,0.2857142857142857,0.21739130434782608,0.4166666666666667,0.8448275862068966,0.19852865415368456,0.07833984375,0.023046874999999994,0.15
full,total_dwell,S07,128,12,0.09375,0.529647556074881,5.649573931465397,0.8491379310344828,0.78125,0.8045977011494253,0.4166666666666667,0.2777777777777778,0.8333333333333334,0.7758620689655172,0.39493995337540805,0.07233645392605764,0.048937393507072297,0.0825814695721301
full,logreg_behavior,S07,128,12,0.09375,0.733414072699787,7.823083442131061,0.9094827586206896,0.7578125,0.7916666666666667,0.39215686274509803,0.2564102564102564,0.8333333333333334,0.75,0.36941038878250276,0.1954974084326661,0.34193400264910956,0.5376969909198996
full,logreg_dwell_propensity,S07,128,12,0.09375,0.7398314816666688,7.891535804444467,0.9418103448275862,0.7734375,0.8002873563218391,0.40816326530612246,0.2702702702702703,0.8333333333333334,0.7672413793103449,0.38615805788532986,0.18664395370564313,0.3334703840033676,0.5713009724159295
full,logreg_eeg,S07,128,12,0.09375,0.1828069532240788,1.9499408343901738,0.7507183908045977,0.6875,0.603448275862069,0.23076923076923078,0.15,0.5,0.7068965517241379,0.13010726223589664,0.24373269856329882,0.3780914961955102,0.5837351239608449
full,logreg_et,S07,128,12,0.09375,0.27676269528753766,2.952135416400402,0.7902298850574712,0.671875,0.6695402298850575,0.27586206896551724,0.17391304347826086,0.6666666666666666,0.6724137931034483,0.20598544732563065,0.30301893744331243,0.4427280532105414,0.660563227049474
full,logreg_fusion,S07,128,12,0.09375,0.3765969033426339,4.017033635654761,0.8124999999999999,0.859375,0.6609195402298851,0.35714285714285715,0.3125,0.4166666666666667,0.9051724137931034,0.2836543144655877,0.1686852413627906,0.25400507443239567,0.7348122054244028
full,prevalence,S08,143,13,0.09090909090909091,0.09090909090909091,1.0,0.5,0.9090909090909091,0.5,0.0,0.0,0.0,1.0,0.0,0.08429636118894508,0.04064151928473539,0.5
full,product_propensity,S08,143,13,0.09090909090909091,0.15850505834825862,1.7435556418308449,0.6319526627218935,0.8321678321678322,0.5961538461538461,0.25,0.21052631578947367,0.3076923076923077,0.8846153846153846,0.1628742262678259,0.08520776348374444,0.04046583391723627,0.21386588939959322
full,visit_count,S08,143,13,0.09090909090909091,0.1798865999754462,1.9787525997299082,0.7417159763313609,0.4755244755244755,0.676923076923077,0.24242424242424243,0.13953488372093023,0.9230769230769231,0.4307692307692308,0.2077644210916841,0.08905594405594405,0.09230769230769231,0.15
full,total_dwell,S08,143,13,0.09090909090909091,0.84533399606929,9.29867395676219,0.9727810650887574,0.7552447552447552,0.8653846153846154,0.4262295081967213,0.2708333333333333,1.0,0.7307692307692307,0.4448782605013047,0.05832915426465025,0.07349289690445479,0.08213036460554456
full,logreg_behavior,S08,143,13,0.09090909090909091,0.975983292725374,10.735816219979114,0.9970414201183432,0.986013986013986,0.9230769230769231,0.9166666666666666,1.0,0.8461538461538461,1.0,0.9128709291752768,0.031119108774629006,0.10893814530173816,0.5925976584696331
full,logreg_dwell_propensity,S08,143,13,0.09090909090909091,0.9567890442890439,10.524679487179482,0.995266272189349,0.9790209790209791,0.9192307692307693,0.88,0.9166666666666666,0.8461538461538461,0.9923076923076923,0.8693611470909237,0.03093401975690648,0.09434725477372796,0.5576764880369681
full,logreg_eeg,S08,143,13,0.09090909090909091,0.12826001372833454,1.4108601510116798,0.5284023668639053,0.6853146853146853,0.5153846153846153,0.1509433962264151,0.1,0.3076923076923077,0.7230769230769231,0.019706585563285865,0.16964447244190212,0.2295459876685662,0.4341267221929629
full,logreg_et,S08,143,13,0.09090909090909091,0.5792134748636297,6.371348223499927,0.9094674556213019,0.9090909090909091,0.7076923076923077,0.48,0.5,0.46153846153846156,0.9538461538461539,0.43069267837532,0.09163142723005255,0.16902004200026408,0.6847383691902229
full,logreg_fusion,S08,143,13,0.09090909090909091,0.5492951724273822,6.042246896701204,0.8301775147928995,0.8811188811188811,0.6576923076923077,0.37037037037037035,0.35714285714285715,0.38461538461538464,0.9307692307692308,0.30508790011987863,0.09220081564452959,0.12504818548332466,0.6286245371673675
full,prevalence,S09,131,19,0.1450381679389313,0.1450381679389313,1.0,0.5,0.8549618320610687,0.5,0.0,0.0,0.0,1.0,0.0,0.12422246462577147,0.01484475819681097,0.5
full,product_propensity,S09,131,19,0.1450381679389313,0.13410882679752545,0.9246450689724124,0.45535714285714285,0.6793893129770993,0.4191729323308271,0.045454545454545456,0.04,0.05263157894736842,0.7857142857142857,-0.14486040457534433,0.13332653985675794,0.09081868231643132,0.17001108688150252
full,visit_count,S09,131,19,0.1450381679389313,0.16891335450643463,1.164613128439102,0.5728383458646616,0.7175572519083969,0.5070488721804511,0.17777777777777778,0.15384615384615385,0.21052631578947367,0.8035714285714286,0.012446697059952196,0.13229007633587786,0.08931297709923668,0.15
full,total_dwell,S09,131,19,0.1450381679389313,0.5490966814354272,3.7858771193705776,0.9100093984962406,0.8320610687022901,0.8362312030075187,0.5925925925925926,0.45714285714285713,0.8421052631578947,0.8303571428571429,0.5351606631834074,0.11268111968449039,0.0813617629650956,0.08336658042860602
full,logreg_behavior,S09,131,19,0.1450381679389313,0.6661402924560818,4.592862016407722,0.9027255639097745,0.8931297709923665,0.8500939849624061,0.6818181818181818,0.6,0.7894736842105263,0.9107142857142857,0.6274476826083228,0.11879376380262878,0.19806835847357795,0.586983954884646
full,logreg_dwell_propensity,S09,131,19,0.1450381679389313,0.6444488376822395,4.443305144019652,0.9036654135338344,0.8854961832061069,0.8674812030075187,0.6808510638297872,0.5714285714285714,0.8421052631578947,0.8928571428571429,0.6313254673328356,0.11874999743480608,0.18247454955316136,0.5307725518834553
full,logreg_eeg,S09,131,19,0.1450381679389313,0.22549287875920188,1.5547140588134447,0.5535714285714286,0.6259541984732825,0.49718045112781956,0.19672131147540983,0.14285714285714285,0.3157894736842105,0.6785714285714286,-0.004254767034516993,0.24594353217875664,0.2859510677077008,0.546788952275871
full,logreg_et,S09,131,19,0.1450381679389313,0.47585184914763545,3.280873275702118,0.9017857142857143,0.8015267175572519,0.8620770676691729,0.5806451612903226,0.4186046511627907,0.9473684210526315,0.7767857142857143,0.5430518068713077,0.16625906938399293,0.25134526899480486,0.5711938461825268
full,logreg_fusion,S09,131,19,0.1450381679389313,0.4053338545599947,2.794670260387332,0.843984962406015,0.8244274809160306,0.7225093984962406,0.4888888888888889,0.4230769230769231,0.5789473684210527,0.8660714285714286,0.39290073719249097,0.16062860532505735,0.17189624642933451,0.6832042044974356
full,prevalence,S10,122,17,0.13934426229508196,0.13934426229508196,1.0,0.5,0.860655737704918,0.5,0.0,0.0,0.0,1.0,0.0,0.12000848862004646,0.009002763993633783,0.5
full,product_propensity,S10,122,17,0.13934426229508196,0.31825599865194654,2.283954813855146,0.6184873949579832,0.7868852459016393,0.6050420168067226,0.3157894736842105,0.2857142857142857,0.35294117647058826,0.8571428571428571,0.1927266725168234,0.11433492734274847,0.043678362763635306,0.1916187527642636
full,visit_count,S10,122,17,0.13934426229508196,0.16713442073123586,1.1994352546594573,0.5198879551820728,0.7049180327868853,0.5327731092436975,0.21739130434782608,0.1724137931034483,0.29411764705882354,0.7714285714285715,0.05332443693073961,0.12795081967213112,0.07377049180327869,0.15
full,total_dwell,S10,122,17,0.13934426229508196,0.25200822001276524,1.808529578915139,0.5775910364145659,0.8114754098360656,0.5207282913165266,0.14814814814814814,0.2,0.11764705882352941,0.9238095238095239,0.05233637012876707,0.12826955687350242,0.10005470769629417,0.08980174252485829
full,logreg_behavior,S10,122,17,0.13934426229508196,0.6018179450180874,4.31892878189451,0.8487394957983193,0.8852459016393442,0.5882352941176471,0.3,1.0,0.17647058823529413,1.0,0.3946002313234923,0.09088395793395078,0.08241396722578151,0.5408513507715274
full,logreg_dwell_propensity,S10,122,17,0.13934426229508196,0.6144387262883065,4.409501447480788,0.8851540616246499,0.8934426229508197,0.6176470588235294,0.38095238095238093,1.0,0.23529411764705882,1.0,0.4575717259042118,0.0869235518737698,0.07207773212720768,0.598695962114331
full,logreg_eeg,S10,122,17,0.13934426229508196,0.3130642050978069,2.246696060113673,0.6991596638655462,0.7786885245901639,0.6495798319327731,0.37209302325581395,0.3076923076923077,0.47058823529411764,0.8285714285714286,0.2529879618793156,0.1561367434721917,0.1867514690650003,0.48424041174113774
full,logreg_et,S10,122,17,0.13934426229508196,0.28129960731506387,2.0187383583786938,0.6896358543417367,0.7704918032786885,0.5708683473389355,0.2631578947368421,0.23809523809523808,0.29411764705882354,0.8476190476190476,0.1300262617246835,0.19205756864586218,0.17404063903145386,0.6276762636548794
full,logreg_fusion,S10,122,17,0.13934426229508196,0.3210267986891422,2.303839378827962,0.7142857142857142,0.860655737704918,0.5492997198879551,0.19047619047619047,0.5,0.11764705882352941,0.9809523809523809,0.1917443422836697,0.11976749941744169,0.10316899356127396,0.6921166161621769
full,prevalence,S12,133,20,0.15037593984962405,0.15037593984962405,1.0,0.5,0.849624060150376,0.5,0.0,0.0,0.0,1.0,0.0,0.1281757169989915,0.02031502978154809,0.5
full,product_propensity,S12,133,20,0.15037593984962405,0.4448121259518733,2.9580006375799575,0.7440265486725662,0.7293233082706767,0.6761061946902654,0.4,0.3,0.6,0.7522123893805309,0.2745284627637851,0.11329941675757024,0.04306233892063392,0.16593701943724803
full,visit_count,S12,133,20,0.15037593984962405,0.23380371280371282,1.5547946901446903,0.6628318584070796,0.706766917293233,0.5599557522123894,0.2641509433962264,0.21212121212121213,0.35,0.7699115044247787,0.09923345247768478,0.12627819548872182,0.056390977443609006,0.15
full,total_dwell,S12,133,20,0.15037593984962405,0.46031206131326907,3.0610752077332397,0.786504424778761,0.7894736842105263,0.711504424778761,0.46153846153846156,0.375,0.6,0.8230088495575221,0.3537268255786802,0.12475288129919088,0.0892651898230118,0.08237929224265629
full,logreg_behavior,S12,133,20,0.15037593984962405,0.5238664767636644,3.483712070478368,0.8486725663716814,0.8571428571428571,0.7719026548672566,0.5777777777777777,0.52,0.65,0.8938053097345132,0.497525999939894,0.15214440496710116,0.22902723789148985,0.6005878150483457
full,logreg_dwell_propensity,S12,133,20,0.15037593984962405,0.6095898405656093,4.0537724397613015,0.9008849557522125,0.8796992481203008,0.7851769911504425,0.6190476190476191,0.5909090909090909,0.65,0.9203539823008849,0.5486885127498896,0.13700476194351588,0.22516668296592227,0.60378658848649
full,logreg_eeg,S12,133,20,0.15037593984962405,0.25554938507916924,1.6994034107764755,0.6623893805309735,0.706766917293233,0.5805309734513274,0.2909090909090909,0.22857142857142856,0.4,0.7610619469026548,0.13073747834010996,0.18066450792599006,0.20613165884430792,0.5010710044801052
full,logreg_et,S12,133,20,0.15037593984962405,0.30649954508814314,2.038221974836152,0.7331858407079647,0.6541353383458647,0.6935840707964602,0.39473684210526316,0.26785714285714285,0.75,0.6371681415929203,0.28029442341449584,0.24576580469847614,0.31054168610746363,0.5481419099189885
full,logreg_fusion,S12,133,20,0.15037593984962405,0.4663927587630547,3.101511845774314,0.765929203539823,0.7293233082706767,0.6966814159292036,0.41935483870967744,0.30952380952380953,0.65,0.7433628318584071,0.3024838555496215,0.24828535599833454,0.3112259580990166,0.6494877215061547
full,prevalence,S13,117,29,0.24786324786324787,0.24786324786324787,1.0,0.5,0.7521367521367521,0.5,0.0,0.0,0.0,1.0,0.0,0.2007747354853981,0.11978179019979662,0.5
full,product_propensity,S13,117,29,0.24786324786324787,0.5024303762611375,2.027046690432865,0.7358934169278997,0.7350427350427351,0.67358934169279,0.5079365079365079,0.47058823529411764,0.5517241379310345,0.7954545454545454,0.33015272193550954,0.18217907323675395,0.1190709753617945,0.15501936347554465
full,visit_count,S13,117,29,0.24786324786324787,0.3697786637816623,1.4918656435329134,0.5768025078369906,0.6410256410256411,0.57641065830721,0.38235294117647056,0.3333333333333333,0.4482758620689655,0.7045454545454546,0.1399731277389636,0.20316239316239318,0.1461538461538462,0.15
full,total_dwell,S13,117,29,0.24786324786324787,0.49768174488489997,2.0078884190183897,0.699255485893417,0.4444444444444444,0.5844435736677116,0.43478260869565216,0.29069767441860467,0.8620689655172413,0.3068181818181818,0.16523683303318146,0.1748736756908645,0.08908731269951146,0.09341191899169979
full,logreg_behavior,S13,117,29,0.24786324786324787,0.5323967850715552,2.147945650116274,0.7284482758620691,0.4188034188034188,0.5905172413793103,0.4426229508196721,0.2903225806451613,0.9310344827586207,0.25,0.19357735230055448,0.4646330568235404,0.5132704177945,0.605694871455219
full,logreg_dwell_propensity,S13,117,29,0.24786324786324787,0.5792926499917429,2.3371462085873764,0.7605799373040752,0.452991452991453,0.6016849529780565,0.4482758620689655,0.2988505747126437,0.896551724137931,0.3068181818181818,0.20109754518300152,0.4402442295821234,0.4956038932319138,0.6186758355406681
full,logreg_eeg,S13,117,29,0.24786324786324787,0.220703959505534,0.8904263193843958,0.4443573667711599,0.27350427350427353,0.4592476489028213,0.3609022556390977,0.23076923076923078,0.8275862068965517,0.09090909090909091,-0.11197850219117085,0.46406069317250137,0.5027037492587441,0.46173526054449976
full,logreg_et,S13,117,29,0.24786324786324787,0.5553821901643254,2.240679870662968,0.7942789968652039,0.7692307692307693,0.7656739811912225,0.6197183098591549,0.5238095238095238,0.7586206896551724,0.7727272727272727,0.4782600199302479,0.23898873544571206,0.2841791588093703,0.666580461496689
full,logreg_fusion,S13,117,29,0.24786324786324787,0.562710104868202,2.2702442161924012,0.7664576802507838,0.7606837606837606,0.6906347962382445,0.5333333333333333,0.5161290322580645,0.5517241379310345,0.8295454545454546,0.37302885972456046,0.23895851529258824,0.2636552235807758,0.7934078700711287
full,prevalence,S14,134,9,0.06716417910447761,0.06716417910447761,1.0,0.5,0.9328358208955224,0.5,0.0,0.0,0.0,1.0,0.0,0.06686399508685902,0.06489100813795204,0.5
full,product_propensity,S14,134,9,0.06716417910447761,0.08746253837053201,1.3022200157390322,0.5768888888888888,0.7611940298507462,0.5111111111111111,0.1111111111111111,0.07407407407407407,0.2222222222222222,0.8,0.013867238230536606,0.07190477840246601,0.0673322717608221,0.18623187247173945
full,visit_count,S14,134,9,0.06716417910447761,0.2209634850426212,3.289900777301249,0.8453333333333333,0.8507462686567164,0.6622222222222223,0.2857142857142857,0.21052631578947367,0.4444444444444444,0.88,0.23280423830767075,0.05643656716417911,0.033208955223880586,0.15
full,total_dwell,S14,134,9,0.06716417910447761,0.37021839468647977,5.51214054310981,0.8951111111111111,0.7761194029850746,0.776888888888889,0.3181818181818182,0.2,0.7777777777777778,0.776,0.3155441739304642,0.05197518976051888,0.03116748415130959,0.08258146008286427
full,logreg_behavior,S14,134,9,0.06716417910447761,0.47267816410446317,7.03765266555534,0.9057777777777778,0.7910447761194029,0.784888888888889,0.3333333333333333,0.21212121212121213,0.7777777777777778,0.792,0.33102752844608796,0.1919545173045548,0.34509465996679456,0.5833451221918051
full,logreg_dwell_propensity,S14,134,9,0.06716417910447761,0.469291283764968,6.987225780500634,0.9048888888888889,0.7611940298507462,0.768888888888889,0.30434782608695654,0.1891891891891892,0.7777777777777778,0.76,0.30108726332755464,0.19299606302636405,0.33811155626264433,0.532198979791001
full,logreg_eeg,S14,134,9,0.06716417910447761,0.30794782559488443,4.585000958857168,0.8231111111111111,0.8656716417910447,0.6702222222222223,0.3076923076923077,0.23529411764705882,0.4444444444444444,0.896,0.25603840977704395,0.14950022094185375,0.2797916348723628,0.6111187144384423
full,logreg_et,S14,134,9,0.06716417910447761,0.27379766390063875,4.076542995853955,0.8702222222222222,0.8880597014925373,0.6306666666666667,0.2857142857142857,0.25,0.3333333333333333,0.928,0.2290870452839704,0.1404175352698643,0.24575821580157797,0.6794127359867674
full,logreg_fusion,S14,134,9,0.06716417910447761,0.3523687439209941,5.246379076157023,0.8257777777777778,0.8208955223880597,0.7493333333333333,0.3333333333333333,0.2222222222222222,0.6666666666666666,0.832,0.3111808258932415,0.17462197980860292,0.25518913464288584,0.6691127871497405
full,prevalence,S15,144,28,0.19444444444444445,0.19444444444444445,1.0,0.5,0.8055555555555556,0.5,0.0,0.0,0.0,1.0,0.0,0.16093427476784164,0.06556273559504577,0.5
full,product_propensity,S15,144,28,0.19444444444444445,0.35196469661046154,1.8101041539966594,0.7221366995073891,0.7083333333333334,0.6022167487684729,0.36363636363636365,0.3157894736842105,0.42857142857142855,0.7758620689655172,0.18357576139006862,0.15020631694217165,0.08863729481019174,0.16244725738396626
full,visit_count,S15,144,28,0.19444444444444445,0.3745874163397837,1.926449569747459,0.7386083743842365,0.5555555555555556,0.6699507389162561,0.42857142857142855,0.2857142857142857,0.8571428571428571,0.4827586206896552,0.27286371951943134,0.14548611111111112,0.08611111111111112,0.1
full,total_dwell,S15,144,28,0.19444444444444445,0.6314238938549476,3.2473228826825875,0.885621921182266,0.6319444444444444,0.771551724137931,0.5137614678899083,0.345679012345679,1.0,0.5431034482758621,0.433289122413121,0.11514013436127933,0.08727534512137058,0.08258133831040808
full,logreg_behavior,S15,144,28,0.19444444444444445,0.6604137484130908,3.396413563267324,0.9033251231527094,0.7430555555555556,0.8405172413793103,0.6021505376344086,0.4307692307692308,1.0,0.6810344827586207,0.5416352095878295,0.2517991156954443,0.3547735328993512,0.5902586680818168
full,logreg_dwell_propensity,S15,144,28,0.19444444444444445,0.6741565263305898,3.4670907068430328,0.912869458128079,0.75,0.8448275862068966,0.6086956521739131,0.4375,1.0,0.6896551724137931,0.5492942180025514,0.23848648461880131,0.3353656376125228,0.5772704508607928
full,logreg_eeg,S15,144,28,0.19444444444444445,0.4085754972789256,2.1012454145773316,0.7059729064039408,0.4097222222222222,0.6065270935960592,0.3795620437956204,0.23853211009174313,0.9285714285714286,0.28448275862068967,0.1965851974397117,0.33414371916226066,0.4268243466378463,0.4959585823700466
full,logreg_et,S15,144,28,0.19444444444444445,0.6442439361165285,3.3132545285992894,0.8857758620689655,0.7916666666666666,0.8165024630541872,0.6153846153846154,0.48,0.8571428571428571,0.7758620689655172,0.5262185712207625,0.19909974218923956,0.28512026582206174,0.6613546441702286
full,logreg_fusion,S15,144,28,0.19444444444444445,0.6899665731435687,3.5483995190240676,0.8716133004926108,0.7847222222222222,0.7850985221674877,0.5866666666666667,0.46808510638297873,0.7857142857142857,0.7844827586206896,0.4812804004825609,0.24768760037188503,0.31542186988987797,0.7753537665483183
full,prevalence,S16,142,18,0.1267605633802817,0.1267605633802817,1.0,0.5,0.8732394366197183,0.5,0.0,0.0,0.0,1.0,0.0,0.11070729411683035,0.0038692589775148334,0.5
full,product_propensity,S16,142,18,0.1267605633802817,0.2962457562312668,2.337049854713327,0.6176075268817204,0.795774647887324,0.5981182795698925,0.2926829268292683,0.2608695652173913,0.3333333333333333,0.8629032258064516,0.17721056762232906,0.10556938989332088,0.03299673818327237,0.19843096457913226
full,visit_count,S16,142,18,0.1267605633802817,0.3107053639918939,2.45112009371383,0.7750896057347669,0.8450704225352113,0.6263440860215054,0.35294117647058826,0.375,0.3333333333333333,0.9193548387096774,0.2658806580433345,0.10595070422535212,0.08169014084507044,0.15
full,total_dwell,S16,142,18,0.1267605633802817,0.3937473338106473,3.1062289667284397,0.8472222222222222,0.7887323943661971,0.6890681003584229,0.4,0.3125,0.5555555555555556,0.8225806451612904,0.3011091963498052,0.10274201631001581,0.06578260069990874,0.09341192162545521
full,logreg_behavior,S16,142,18,0.1267605633802817,0.3796767269659016,2.9952275127310015,0.8521505376344086,0.795774647887324,0.7880824372759856,0.49122807017543857,0.358974358974359,0.7777777777777778,0.7983870967741935,0.4294800130061686,0.17889015737817712,0.2670736501699255,0.5523159434222948
full,logreg_dwell_propensity,S16,142,18,0.1267605633802817,0.36477799203868,2.8776930483051424,0.864247311827957,0.795774647887324,0.6931003584229392,0.40816326530612246,0.3225806451612903,0.5555555555555556,0.8306451612903226,0.3110411395669295,0.1736485866352555,0.2573897130762082,0.6275205579061919
full,logreg_eeg,S16,142,18,0.1267605633802817,0.29272858943882285,2.309303316684047,0.7813620071684587,0.704225352112676,0.6644265232974911,0.34375,0.2391304347826087,0.6111111111111112,0.717741935483871,0.23379457656446917,0.16518596195575797,0.24488081228881992,0.4396095454036153
full,logreg_et,S16,142,18,0.1267605633802817,0.39372124968055205,3.106023191924355,0.8167562724014338,0.8450704225352113,0.7213261648745519,0.47619047619047616,0.4166666666666667,0.5555555555555556,0.8870967741935484,0.3929734638473393,0.14821058103526252,0.2029885767340895,0.6252225665276028
full,logreg_fusion,S16,142,18,0.1267605633802817,0.5067242013398574,3.997490921681097,0.8485663082437276,0.8450704225352113,0.7450716845878136,0.5,0.4230769230769231,0.6111111111111112,0.8790322580645161,0.4216523821727502,0.13417927002996136,0.16125945368245717,0.6242198154916799
full,prevalence,S17,133,21,0.15789473684210525,0.15789473684210525,1.0,0.5,0.8421052631578947,0.5,0.0,0.0,0.0,1.0,0.0,0.13374871563384538,0.028012974033076232,0.5
full,product_propensity,S17,133,21,0.15789473684210525,0.37250724066479046,2.35921252421034,0.6498724489795918,0.6616541353383458,0.6056547619047619,0.3283582089552239,0.2391304347826087,0.5238095238095238,0.6875,0.1619940964655456,0.12685481668866536,0.04814834763568492,0.1511645962732919
full,visit_count,S17,133,21,0.15789473684210525,0.3317354401714919,2.100991121086116,0.7429846938775511,0.8195488721804511,0.6220238095238095,0.3684210526315789,0.4117647058823529,0.3333333333333333,0.9107142857142857,0.2665261208398262,0.13103383458646617,0.09436090225563909,0.15
full,total_dwell,S17,133,21,0.15789473684210525,0.6128546063457541,3.8814125068564427,0.9183673469387754,0.8646616541353384,0.7068452380952381,0.5263157894736842,0.5882352941176471,0.47619047619047616,0.9375,0.45179427800897365,0.1292773582519963,0.11009453639730139,0.09250937257045343
full,logreg_behavior,S17,133,21,0.15789473684210525,0.7015811545444051,4.4433473121145655,0.9404761904761906,0.8721804511278195,0.7693452380952381,0.6046511627906976,0.5909090909090909,0.6190476190476191,0.9196428571428571,0.5286705597463894,0.1137431865577307,0.20524833996016176,0.5995723900125833
full,logreg_dwell_propensity,S17,133,21,0.15789473684210525,0.6973201500023283,4.416360950014746,0.9298469387755103,0.8721804511278195,0.7886904761904762,0.6222222222222222,0.5833333333333334,0.6666666666666666,0.9107142857142857,0.5474724146951987,0.11390270671536036,0.18668023275985426,0.5929317057123015
full,logreg_eeg,S17,133,21,0.15789473684210525,0.28980525453093864,1.8354332786959449,0.6785714285714285,0.5864661654135338,0.6190476190476191,0.3373493975903614,0.22580645161290322,0.6666666666666666,0.5714285714285714,0.1740381063343864,0.22954564557516155,0.30476757481068445,0.48645990049044957
full,logreg_et,S17,133,21,0.15789473684210525,0.6759261683835875,4.2808657330960544,0.8647959183673469,0.8721804511278195,0.7113095238095237,0.5405405405405406,0.625,0.47619047619047616,0.9464285714285714,0.47371245500671616,0.12587327147495794,0.16728033455771038,0.6649176357477564
full,logreg_fusion,S17,133,21,0.15789473684210525,0.5836816202886255,3.6966502618279615,0.8618197278911565,0.8571428571428571,0.7410714285714286,0.5581395348837209,0.5454545454545454,0.5714285714285714,0.9107142857142857,0.4731747551321276,0.14155004971285637,0.1813941568604011,0.6726797958565963
full,prevalence,S18,140,19,0.1357142857142857,0.1357142857142857,1.0,0.5,0.8642857142857143,0.5,0.0,0.0,0.0,1.0,0.0,0.11732412188346551,0.005310698270339476,0.5
full,product_propensity,S18,140,19,0.1357142857142857,0.4537034947473709,3.3430783823490486,0.7496737712048717,0.7285714285714285,0.6876903001304915,0.3870967741935484,0.27906976744186046,0.631578947368421,0.743801652892562,0.2786898906467548,0.10333944291887447,0.04075088890409847,0.15777338603425559
full,visit_count,S18,140,19,0.1357142857142857,0.30559492407312466,2.251752072117761,0.6685515441496303,0.5,0.6220095693779905,0.3,0.18518518518518517,0.7894736842105263,0.45454545454545453,0.16924851247535802,0.11228571428571428,0.07999999999999999,0.15
full,total_dwell,S18,140,19,0.1357142857142857,0.4136173169044223,3.047706545611533,0.8005654632448891,0.5642857142857143,0.7257503262287951,0.3711340206185567,0.23076923076923078,0.9473684210526315,0.5041322314049587,0.31130401486556236,0.09799176221717647,0.038367146367866894,0.08754558454487535
full,logreg_behavior,S18,140,19,0.1357142857142857,0.8014847810042316,5.905677333715391,0.9612875163114398,0.9,0.8755980861244019,0.6956521739130435,0.5925925925925926,0.8421052631578947,0.9090909090909091,0.6520813032501431,0.0808890372335797,0.11808860884483947,0.5712529477398111
full,logreg_dwell_propensity,S18,140,19,0.1357142857142857,0.8360722501147841,6.160532369266831,0.9638973466724663,0.8785714285714286,0.8853849499782513,0.6666666666666666,0.53125,0.8947368421052632,0.8760330578512396,0.6286477492889249,0.07792354271920066,0.11772724919048118,0.4956559707133221
full,logreg_eeg,S18,140,19,0.1357142857142857,0.2514429809853309,1.8527377546287542,0.6702914310569813,0.8142857142857143,0.49325793823401476,0.07142857142857142,0.1111111111111111,0.05263157894736842,0.9338842975206612,-0.018829349023278624,0.2707318792984165,0.3781465487970758,0.7727788125616829
full,logreg_et,S18,140,19,0.1357142857142857,0.3562134756624677,2.6247308733023935,0.7838190517616355,0.8357142857142857,0.638755980861244,0.3783783783783784,0.3888888888888889,0.3684210526315789,0.9090909090909091,0.28394552279892254,0.1862886022632038,0.2623789033076059,0.689076519459634
full,logreg_fusion,S18,140,19,0.1357142857142857,0.34147441369157294,2.516127258780011,0.8046976946498478,0.7642857142857142,0.752718573292736,0.45901639344262296,0.3333333333333333,0.7368421052631579,0.768595041322314,0.3777452042609635,0.205943459435948,0.2762283626674259,0.5854249725571288
full,prevalence,S19,141,12,0.0851063829787234,0.0851063829787234,1.0,0.5,0.9148936170212766,0.5,0.0,0.0,0.0,1.0,0.0,0.0800326503941778,0.04657643008191527,0.5
full,product_propensity,S19,141,12,0.0851063829787234,0.28289071609505045,3.323965914116843,0.8178294573643411,0.8368794326241135,0.6463178294573644,0.30303030303030304,0.23809523809523808,0.4166666666666667,0.875968992248062,0.22935723979802056,0.07186352663848772,0.05209216826444361,0.19340787392836334
full,visit_count,S19,141,12,0.0851063829787234,0.11078010683273841,1.3016662552846763,0.5820413436692506,0.2765957446808511,0.49127906976744184,0.15,0.08333333333333333,0.75,0.23255813953488372,-0.011495012246792571,0.10005319148936172,0.12021276595744682,0.15
full,total_dwell,S19,141,12,0.0851063829787234,0.4379177908583,5.145534042585025,0.8530361757105943,0.4397163120567376,0.6937984496124031,0.23300970873786409,0.13186813186813187,1.0,0.3875968992248062,0.22607892210167616,0.06776718911487219,0.06598741224536174,0.08258146937847162
full,logreg_behavior,S19,141,12,0.0851063829787234,0.4191436711436711,4.9249381359381355,0.8126614987080104,0.8865248226950354,0.7112403100775193,0.42857142857142855,0.375,0.5,0.9224806201550387,0.37168691501140805,0.09321654037657846,0.0941654310307503,0.5329073952403454
full,logreg_dwell_propensity,S19,141,12,0.0851063829787234,0.4069523639632336,4.7816902765679945,0.8320413436692506,0.8936170212765957,0.7151162790697674,0.4444444444444444,0.4,0.5,0.9302325581395349,0.38936584157126924,0.09109110384744279,0.08374684517171412,0.5445204209849551
full,logreg_eeg,S19,141,12,0.0851063829787234,0.16621826357033587,1.9530645969514464,0.6770025839793281,0.2907801418439716,0.5746124031007752,0.18032786885245902,0.1,0.9166666666666666,0.23255813953488372,0.10054241490186405,0.32445149550545244,0.4840591891226017,0.4436174923125109
full,logreg_et,S19,141,12,0.0851063829787234,0.62120328005737,7.299138540674098,0.8895348837209303,0.75177304964539,0.750968992248062,0.33962264150943394,0.21951219512195122,0.75,0.751937984496124,0.3084207665786277,0.21668235847937406,0.35307025970494554,0.6475426823650154
full,logreg_fusion,S19,141,12,0.0851063829787234,0.5952121882286605,6.993743211686761,0.9237726098191215,0.75177304964539,0.8265503875968991,0.38596491228070173,0.24444444444444444,0.9166666666666666,0.7364341085271318,0.39095232840277166,0.23825071361383518,0.3568537537307691,0.670404829149547
full,prevalence,S20,144,15,0.10416666666666667,0.10416666666666667,1.0,0.5,0.8958333333333334,0.5,0.0,0.0,0.0,1.0,0.0,0.09404759655073275,0.027048555017052597,0.5
full,product_propensity,S20,144,15,0.10416666666666667,0.19646277761143485,1.8860426650697746,0.6961240310077519,0.5138888888888888,0.6108527131782946,0.2391304347826087,0.14285714285714285,0.7333333333333333,0.4883720930232558,0.13577944950587045,0.09171283306059477,0.02669598222562039,0.11474542260509081
full,visit_count,S20,144,15,0.10416666666666667,0.1138595484117872,1.0930516647531572,0.5534883720930233,0.8194444444444444,0.48682170542635655,0.07142857142857142,0.07692307692307693,0.06666666666666667,0.9069767441860465,-0.028094568578712398,0.10022569444444446,0.08159722222222221,0.15
full,total_dwell,S20,144,15,0.10416666666666667,0.34636257745616644,3.3250807435791976,0.8705426356589147,0.7152777777777778,0.8410852713178294,0.4225352112676056,0.26785714285714285,1.0,0.6821705426356589,0.4274625743754585,0.080747661164125,0.07860434262799497,0.09250938025224005
full,logreg_behavior,S20,144,15,0.10416666666666667,0.5654075851684547,5.427912817617165,0.9193798449612404,0.6875,0.8255813953488372,0.4,0.25,1.0,0.6511627906976745,0.4034732923929645,0.3055433817504373,0.43975939493053273,0.6089235589216667
full,logreg_dwell_propensity,S20,144,15,0.10416666666666667,0.5729208297319088,5.500039965426325,0.916279069767442,0.6736111111111112,0.8178294573643411,0.38961038961038963,0.24193548387096775,1.0,0.6356589147286822,0.39215870143575543,0.2986862606004712,0.421215301153726,0.5824461387710135
full,logreg_eeg,S20,144,15,0.10416666666666667,0.14123996720629511,1.3559036851804331,0.6206718346253229,0.7291666666666666,0.6131782945736435,0.2641509433962264,0.18421052631578946,0.4666666666666667,0.7596899224806202,0.1568876995172319,0.19165369576580166,0.28114909102370417,0.5020265991804682
full,logreg_et,S20,144,15,0.10416666666666667,0.4729871314312917,4.5406764617404,0.9002583979328165,0.8055555555555556,0.8620155038759689,0.5,0.34146341463414637,0.9333333333333333,0.7906976744186046,0.49010271673216754,0.2466806602916481,0.39436842334039585,0.6614087889470809
full,logreg_fusion,S20,144,15,0.10416666666666667,0.4640355686434118,4.454741458976753,0.9152454780361757,0.8541666666666666,0.7713178294573644,0.4878048780487805,0.38461538461538464,0.6666666666666666,0.875968992248062,0.4309442960114673,0.17639143674586533,0.28887021397846724,0.7452484363573183
full,prevalence,S21,132,23,0.17424242424242425,0.17424242424242425,1.0,0.5,0.8257575757575758,0.5,0.0,0.0,0.0,1.0,0.0,0.14588386232156766,0.04474215556966765,0.5
full,product_propensity,S21,132,23,0.17424242424242425,0.34943824116990874,2.0054716449751284,0.682289589150379,0.5454545454545454,0.6218587953729557,0.3617021276595745,0.23943661971830985,0.7391304347826086,0.5045871559633027,0.18542571033572994,0.13529195326243487,0.04357881518864705,0.11281163434903048
full,visit_count,S21,132,23,0.17424242424242425,0.2600439445067705,1.492426116299726,0.6378141204627044,0.7803030303030303,0.5753889110490626,0.2926829268292683,0.3333333333333333,0.2608695652173913,0.8899082568807339,0.1666579190001007,0.15268939393939393,0.12196969696969698,0.15
full,total_dwell,S21,132,23,0.17424242424242425,0.5704290810412448,3.273766899888883,0.8777423214998006,0.8409090909090909,0.800757877941763,0.6181818181818182,0.53125,0.7391304347826086,0.8623853211009175,0.5324136549339354,0.13902333519447393,0.11105481156933725,0.08754555820732121
full,logreg_behavior,S21,132,23,0.17424242424242425,0.6923434357323063,3.9734492833332355,0.9114479457518947,0.8636363636363636,0.848823294774631,0.6785714285714286,0.5757575757575758,0.8260869565217391,0.8715596330275229,0.6111362926079045,0.1581180943030332,0.2600940283533696,0.5774118463919793
full,logreg_dwell_propensity,S21,132,23,0.17424242424242425,0.7275908284873632,4.175738667840519,0.9202233745512565,0.8484848484848485,0.8224970083765457,0.6428571428571429,0.5454545454545454,0.782608695652174,0.8623853211009175,0.5650127988261758,0.15405613302303955,0.24995294556670491,0.5958363214436506
full,logreg_eeg,S21,132,23,0.17424242424242425,0.29286474985239974,1.6807889991529028,0.6402074192261666,0.6287878787878788,0.6037096130833666,0.3466666666666667,0.25,0.5652173913043478,0.6422018348623854,0.1610198847063357,0.223058925009775,0.2596140968525339,0.48721078640940063
full,logreg_et,S21,132,23,0.17424242424242425,0.5921063790884613,3.3981757408555167,0.8639808536098923,0.7575757575757576,0.7159952134024731,0.4838709677419355,0.38461538461538464,0.6521739130434783,0.7798165137614679,0.35915135713765256,0.21827786256642487,0.3205801263324055,0.6633552381441317
full,logreg_fusion,S21,132,23,0.17424242424242425,0.6332883252836515,3.6345243016279127,0.8835261268448344,0.7575757575757576,0.836059034702832,0.5789473684210527,0.41509433962264153,0.9565217391304348,0.7155963302752294,0.5200813229726925,0.2390199308840236,0.33349988139702147,0.695312474254954
full,prevalence,S22,136,21,0.15441176470588236,0.15441176470588236,1.0,0.5,0.8455882352941176,0.5,0.0,0.0,0.0,1.0,0.0,0.13116707107679626,0.0244601604757336,0.5
full,product_propensity,S22,136,21,0.15441176470588236,0.21242251321104738,1.3756886569858306,0.5523809523809524,0.625,0.5252587991718427,0.23880597014925373,0.17391304347826086,0.38095238095238093,0.6695652173913044,0.03858345305621894,0.13349004924276026,0.0662257774450929,0.15025246640254797
full,visit_count,S22,136,21,0.15441176470588236,0.23041396045597723,1.4922046962863287,0.6542443064182194,0.8161764705882353,0.5799171842650104,0.2857142857142857,0.35714285714285715,0.23809523809523808,0.9217391304347826,0.19005740882442915,0.1362316176470588,0.10404411764705883,0.15
full,total_dwell,S22,136,21,0.15441176470588236,0.5741470164567968,3.7182854399106837,0.8881987577639752,0.8529411764705882,0.6211180124223603,0.375,0.5454545454545454,0.2857142857142857,0.9565217391304348,0.32103024443660527,0.13094659670545786,0.11155476676382216,0.09341193316750099
full,logreg_behavior,S22,136,21,0.15441176470588236,0.8421038340783356,5.453624830221601,0.9710144927536232,0.8970588235294118,0.7055900621118012,0.5625,0.8181818181818182,0.42857142857142855,0.9826086956521739,0.5449282610693146,0.07751401831726505,0.15733255485321607,0.5751550580040058
full,logreg_dwell_propensity,S22,136,21,0.15441176470588236,0.7567205643818551,4.900666512187252,0.9391304347826086,0.8970588235294118,0.7055900621118012,0.5625,0.8181818181818182,0.42857142857142855,0.9826086956521739,0.5449282610693146,0.08611561325401394,0.14088744478168724,0.6440538677956563
full,logreg_eeg,S22,136,21,0.15441176470588236,0.18463171315710436,1.195710142350771,0.5590062111801242,0.22058823529411764,0.5196687370600414,0.273972602739726,0.16,0.9523809523809523,0.08695652173913043,0.05213311661791026,0.4552701223868739,0.5521648932467791,0.3945079418397711
full,logreg_et,S22,136,21,0.15441176470588236,0.41618224595226727,2.6952754975956354,0.812008281573499,0.8308823529411765,0.6275362318840579,0.3783783783783784,0.4375,0.3333333333333333,0.9217391304347826,0.28606948245534775,0.13154265424412204,0.11945418690193244,0.6509143588669706
full,logreg_fusion,S22,136,21,0.15441176470588236,0.5132292979344363,3.3237706913849205,0.8455486542443064,0.75,0.7548654244306419,0.48484848484848486,0.35555555555555557,0.7619047619047619,0.7478260869565218,0.39144660638815854,0.26323024725452315,0.3612995297666032,0.723684135715325
full,prevalence,S23,144,21,0.14583333333333334,0.14583333333333334,1.0,0.5,0.8541666666666666,0.5,0.0,0.0,0.0,1.0,0.0,0.12481230893785715,0.01569511757314665,0.5
full,product_propensity,S23,144,21,0.14583333333333334,0.34990805213846665,2.399369500378057,0.6802168021680216,0.7708333333333334,0.648664343786295,0.37735849056603776,0.3125,0.47619047619047616,0.8211382113821138,0.2524149167425064,0.1174882538605104,0.05022580810737088,0.17435792721662582
full,visit_count,S23,144,21,0.14583333333333334,0.18636065778500013,1.277901653382858,0.5476190476190476,0.3611111111111111,0.5272938443670151,0.25806451612903225,0.1553398058252427,0.7619047619047619,0.2926829268292683,0.04269198703417239,0.1431597222222222,0.09583333333333333,0.15
full,total_dwell,S23,144,21,0.14583333333333334,0.47758531397545173,3.2748707244030975,0.8490127758420442,0.2916666666666667,0.5853658536585366,0.2916666666666667,0.17073170731707318,1.0,0.17073170731707318,0.17073170731707318,0.1035573536771959,0.07288850098986492,0.08754558583593193
full,logreg_behavior,S23,144,21,0.14583333333333334,0.8356160787918987,5.72993882600159,0.9740611691831204,0.8333333333333334,0.9024390243902439,0.6363636363636364,0.4666666666666667,1.0,0.8048780487804879,0.6128700972453796,0.1476355928544847,0.24017630711961893,0.5799617111254228
full,logreg_dwell_propensity,S23,144,21,0.14583333333333334,0.8414306309772919,5.769810040987144,0.975609756097561,0.8472222222222222,0.910569105691057,0.65625,0.4883720930232558,1.0,0.8211382113821138,0.6332621786859338,0.13815263984830206,0.22853563258471843,0.5808956680733927
full,logreg_eeg,S23,144,21,0.14583333333333334,0.25466780547391493,1.7462935232497023,0.6747967479674797,0.2013888888888889,0.532520325203252,0.267515923566879,0.15441176470588236,1.0,0.06504065040650407,0.10021497695896885,0.46271589067430163,0.5822556181268155,0.4754404092617922
full,logreg_et,S23,144,21,0.14583333333333334,0.5507220261206286,3.77637960768431,0.8768873403019743,0.8194444444444444,0.8153310104529616,0.5666666666666667,0.4358974358974359,0.8095238095238095,0.8211382113821138,0.5008779671604171,0.2092111571523217,0.3215963839699151,0.6595185726381958
full,logreg_fusion,S23,144,21,0.14583333333333334,0.6324689724063317,4.33693009650056,0.9113433991482771,0.7569444444444444,0.7984901277584204,0.5070422535211268,0.36,0.8571428571428571,0.7398373983739838,0.44256110384870084,0.2406416599413708,0.354107819345054,0.6820445748951837
full,prevalence,S24,144,18,0.125,0.125,1.0,0.5,0.875,0.5,0.0,0.0,0.0,1.0,0.0,0.10940722513544816,0.005676718721952967,0.5
full,product_propensity,S24,144,18,0.125,0.28482425859137456,2.2785940687309965,0.6741622574955908,0.7569444444444444,0.5992063492063492,0.2857142857142857,0.22580645161290322,0.3888888888888889,0.8095238095238095,0.15965073416229442,0.10506543073184257,0.035859857134351136,0.17458480805880752
full,visit_count,S24,144,18,0.125,0.10512799625702851,0.8410239700562281,0.3893298059964727,0.5277777777777778,0.4444444444444444,0.15,0.0967741935483871,0.3333333333333333,0.5555555555555556,-0.0742123603558262,0.12619791666666666,0.1079861111111111,0.15
full,total_dwell,S24,144,18,0.125,0.1910193501083295,1.528154800866636,0.5667989417989419,0.5208333333333334,0.5833333333333333,0.25806451612903225,0.16,0.6666666666666666,0.5,0.1103354568734741,0.10972504177655079,0.04441448689542826,0.08258145888218166
full,logreg_behavior,S24,144,18,0.125,0.4021961880122507,3.2175695040980057,0.8835978835978836,0.8472222222222222,0.7936507936507937,0.5416666666666666,0.43333333333333335,0.7222222222222222,0.8650793650793651,0.47826615283651347,0.1500577018714705,0.22740465912112787,0.5776925835370839
full,logreg_dwell_propensity,S24,144,18,0.125,0.49183001272063,3.93464010176504,0.9034391534391534,0.8472222222222222,0.8174603174603174,0.56,0.4375,0.7777777777777778,0.8571428571428571,0.5050762722761054,0.137743787674598,0.2163198541265794,0.5965692015902578
full,logreg_eeg,S24,144,18,0.125,0.15412020274868432,1.2329616219894746,0.5723104056437389,0.75,0.47619047619047616,0.1,0.09090909090909091,0.1111111111111111,0.8412698412698413,-0.04377346993573882,0.22192622210072507,0.30473325760341075,0.6313555579510358
full,logreg_et,S24,144,18,0.125,0.3663283964369866,2.930627171495893,0.8324514991181657,0.7361111111111112,0.753968253968254,0.42424242424242425,0.2916666666666667,0.7777777777777778,0.7301587301587301,0.3563483225498992,0.20095332108616,0.31092084153317656,0.5740831176489171
full,logreg_fusion,S24,144,18,0.125,0.34052300077660613,2.724184006212849,0.8328924162257495,0.75,0.7380952380952381,0.41935483870967744,0.29545454545454547,0.7222222222222222,0.753968253968254,0.3418817293789138,0.15672971686290335,0.21916168720444865,0.4475309862279342
full,prevalence,S25,140,7,0.05,0.05,1.0,0.5,0.95,0.5,0.0,0.0,0.0,1.0,0.0,0.05431550202095356,0.08255605381165919,0.5
full,product_propensity,S25,140,7,0.05,0.1472349889532552,2.944699779065104,0.7959183673469388,0.7071428571428572,0.6428571428571428,0.16326530612244897,0.09523809523809523,0.5714285714285714,0.7142857142857143,0.13588424731590598,0.053864556280284706,0.08201141003167517,0.15876152832674573
full,visit_count,S25,140,7,0.05,0.1265463646865264,2.530927293730528,0.44844253490870034,0.2571428571428571,0.3383458646616541,0.05454545454545454,0.02912621359223301,0.42857142857142855,0.24812030075187969,-0.15979830953641674,0.0567142857142857,0.11499999999999999,0.1
full,total_dwell,S25,140,7,0.05,0.40477736549165116,8.095547309833023,0.9113856068743288,0.8857142857142857,0.8045112781954887,0.38461538461538464,0.2631578947368421,0.7142857142857143,0.8947368421052632,0.3875598086124402,0.0410550808536204,0.048269203739418474,0.08799650077190013
full,logreg_behavior,S25,140,7,0.05,0.9379251700680271,18.758503401360542,0.9967776584317937,0.9714285714285714,0.7819548872180451,0.6666666666666666,0.8,0.5714285714285714,0.9924812030075187,0.6622661785325219,0.037120642088689156,0.14674493162891356,0.5755939982264966
full,logreg_dwell_propensity,S25,140,7,0.05,0.9379251700680271,18.758503401360542,0.9967776584317937,0.9928571428571429,0.9962406015037594,0.9333333333333333,0.875,1.0,0.9924812030075187,0.9318911162960933,0.0368046069760013,0.14639817028742244,0.5192887581499488
full,logreg_eeg,S25,140,7,0.05,0.08552161451250156,1.7104322902500313,0.6723952738990333,0.8214285714285714,0.5,0.07407407407407407,0.05,0.14285714285714285,0.8571428571428571,0.0,0.21331869358092723,0.37844545961487774,0.6326682836744426
full,logreg_et,S25,140,7,0.05,0.59124983326664,11.824996665332801,0.9720730397422127,0.9428571428571428,0.9022556390977443,0.6,0.46153846153846156,0.8571428571428571,0.9473684210526315,0.6041342261076647,0.09461347108677169,0.21531707342773906,0.647913277228611
full,logreg_fusion,S25,140,7,0.05,0.42295918367346935,8.459183673469386,0.9334049409237378,0.9,0.6766917293233082,0.3,0.23076923076923078,0.42857142857142855,0.924812030075188,0.2653673703463574,0.06494187134078835,0.11901447273022911,0.5643180280849296
full,prevalence,S26,135,33,0.24444444444444444,0.24444444444444444,1.0,0.5,0.7555555555555555,0.5,0.0,0.0,0.0,1.0,0.0,0.19830246913580246,0.11666666666666667,0.5
full,product_propensity,S26,135,33,0.24444444444444444,0.410829091158432,1.6806644638299493,0.6495840760546643,0.6444444444444445,0.5392156862745098,0.3142857142857143,0.2972972972972973,0.3333333333333333,0.7450980392156863,0.07556713746738138,0.18810000918621025,0.11891007958222727,0.1579081611663746
full,visit_count,S26,135,33,0.24444444444444444,0.2678255202799383,1.0956498556906566,0.5643196672608437,0.7111111111111111,0.4910873440285205,0.09302325581395349,0.2,0.06060606060606061,0.9215686274509803,-0.02925089696508523,0.22629629629629627,0.21481481481481482,0.15
full,total_dwell,S26,135,33,0.24444444444444444,0.3461662994517074,1.4161348613933484,0.6476530005941772,0.7111111111111111,0.48083778966131907,0.04878048780487805,0.125,0.030303030303030304,0.9313725490196079,-0.06975667966336388,0.2260943486687707,0.20995431938676806,0.08348380782341423
full,logreg_behavior,S26,135,33,0.24444444444444444,0.3701078674976336,1.5140776397630464,0.6726084373143196,0.7407407407407407,0.5106951871657754,0.10256410256410256,0.3333333333333333,0.06060606060606061,0.9607843137254902,0.04460719968121822,0.18103369451059143,0.03786036127435156,0.5715783653832648
full,logreg_dwell_propensity,S26,135,33,0.24444444444444444,0.41123570227316136,1.68232787293566,0.7346999405822935,0.7407407407407407,0.500445632798574,0.05405405405405406,0.25,0.030303030303030304,0.9705882352941176,0.0022589080619906674,0.16944583165548635,0.05649659217783359,0.6197273436188697
full,logreg_eeg,S26,135,33,0.24444444444444444,0.32537686156705037,1.3310871609561152,0.6286393345216874,0.6814814814814815,0.625222816399287,0.44155844155844154,0.38636363636363635,0.5151515151515151,0.7352941176470589,0.229627281532216,0.2304640307328263,0.19901967200789344,0.5175351028505
full,logreg_et,S26,135,33,0.24444444444444444,0.3309241869692882,1.353780764874361,0.650326797385621,0.7333333333333333,0.5057932263814616,0.1,0.2857142857142857,0.06060606060606061,0.9509803921568627,0.02245709345842552,0.20140064148991801,0.15275449140450953,0.6838627803371249
full,logreg_fusion,S26,135,33,0.24444444444444444,0.32834397421716166,1.3432253490702069,0.654486036838978,0.6962962962962963,0.5017825311942958,0.16326530612244897,0.25,0.12121212121212122,0.8823529411764706,0.004740135082502237,0.21706650576208011,0.17569834049936053,0.559321284871975
full,prevalence,S27,127,10,0.07874015748031496,0.07874015748031496,1.0,0.5,0.9212598425196851,0.5,0.0,0.0,0.0,1.0,0.0,0.07534603498959062,0.05297065139584825,0.5
full,product_propensity,S27,127,10,0.07874015748031496,0.21362350751152542,2.713018545396373,0.6555555555555556,0.7559055118110236,0.5017094017094017,0.11428571428571428,0.08,0.2,0.8034188034188035,0.002315778247639583,0.07396242123891458,0.06368567260190314,0.18572798564600704
full,visit_count,S27,127,10,0.07874015748031496,0.145744701492733,1.8509577089577092,0.6820512820512821,0.84251968503937,0.5487179487179488,0.16666666666666666,0.14285714285714285,0.2,0.8974358974358975,0.0837931816246645,0.07159448818897637,0.04212598425196851,0.15
full,total_dwell,S27,127,10,0.07874015748031496,0.46195159476526804,5.866785253518904,0.9141025641025642,0.889763779527559,0.8487179487179488,0.5333333333333333,0.4,0.8,0.8974358974358975,0.5156919370860448,0.062445775632711586,0.06093485501717495,0.08258138478844479
full,logreg_behavior,S27,127,10,0.07874015748031496,0.6538631303337186,8.304061755238227,0.9504273504273504,0.8740157480314961,0.8858974358974359,0.5294117647058824,0.375,0.9,0.8717948717948718,0.5309707363197911,0.12831781573727313,0.26982222495490477,0.5793691923371573
full,logreg_dwell_propensity,S27,127,10,0.07874015748031496,0.6515495180201062,8.27467887885535,0.9521367521367521,0.889763779527559,0.8487179487179488,0.5333333333333333,0.4,0.8,0.8974358974358975,0.5156919370860448,0.13164724880612458,0.26912073661711067,0.6221698478685412
full,logreg_eeg,S27,127,10,0.07874015748031496,0.2650336043084522,3.3659267747173427,0.7888888888888889,0.8346456692913385,0.5444444444444444,0.16,0.13333333333333333,0.2,0.8888888888888888,0.07417981870189157,0.130539367327452,0.22987414374457915,0.5559072772703957
full,logreg_et,S27,127,10,0.07874015748031496,0.2672285409282015,3.3938024697881586,0.7743589743589743,0.84251968503937,0.5944444444444444,0.23076923076923078,0.1875,0.3,0.8888888888888888,0.15331260468322477,0.1464252214729988,0.23355566133753772,0.613582067034791
full,logreg_fusion,S27,127,10,0.07874015748031496,0.3772123386506948,4.790596700863825,0.8264957264957264,0.84251968503937,0.6858974358974359,0.3333333333333333,0.25,0.5,0.8717948717948718,0.27490930469660474,0.15010755677571705,0.22388594911638557,0.65096938251818
full,prevalence,S28,129,16,0.12403100775193798,0.12403100775193798,1.0,0.5,0.875968992248062,0.5,0.0,0.0,0.0,1.0,0.0,0.10869157721106365,0.0066528447364257726,0.5
full,product_propensity,S28,129,16,0.12403100775193798,0.29849999321979614,2.4066561953346066,0.7599557522123894,0.5503875968992248,0.6628871681415929,0.30952380952380953,0.19117647058823528,0.8125,0.5132743362831859,0.21507835583614515,0.10155243731434987,0.05980275800182822,0.11633990645037462
full,visit_count,S28,129,16,0.12403100775193798,0.2748897775620613,2.216298831594119,0.7480641592920354,0.7286821705426356,0.6573561946902655,0.33962264150943394,0.24324324324324326,0.5625,0.7522123893805309,0.22936031564789425,0.10021317829457363,0.04069767441860465,0.15
full,total_dwell,S28,129,16,0.12403100775193798,0.6195516670824299,4.9951353158520915,0.8974004424778761,0.7829457364341085,0.7688053097345133,0.46153846153846156,0.3333333333333333,0.75,0.7876106194690266,0.3950702499891527,0.09607170908994944,0.061032169359224675,0.08213041542153136
full,logreg_behavior,S28,129,16,0.12403100775193798,0.5768933989986622,4.651203029426714,0.922566371681416,0.8217054263565892,0.817754424778761,0.5306122448979592,0.3939393939393939,0.8125,0.8230088495575221,0.48009615650319376,0.14644848498115928,0.26580933142116503,0.5483272948520238
full,logreg_dwell_propensity,S28,129,16,0.12403100775193798,0.7261863535570432,5.854877475553661,0.9408185840707964,0.875968992248062,0.8219026548672566,0.6,0.5,0.75,0.8938053097345132,0.5453226002156355,0.13582651203588975,0.2576875341284015,0.5944942549043232
full,logreg_eeg,S28,129,16,0.12403100775193798,0.21227295378821687,1.7114506899174986,0.6321902654867256,0.8604651162790697,0.5179756637168141,0.1,0.25,0.0625,0.9734513274336283,0.06836426381064659,0.12362423339602259,0.08486249455360524,0.6187727552628282
full,logreg_et,S28,129,16,0.12403100775193798,0.5572143281022757,4.492540520324598,0.8346238938053098,0.8449612403100775,0.7505530973451328,0.5,0.4166666666666667,0.625,0.8761061946902655,0.4244521269719637,0.14790992389690558,0.22761116837234702,0.644546079220365
full,logreg_fusion,S28,129,16,0.12403100775193798,0.5774422765376712,4.655628354584974,0.7964601769911503,0.8992248062015504,0.7010508849557522,0.5185185185185185,0.6363636363636364,0.4375,0.9646017699115044,0.474567345513882,0.11588233861097255,0.14484017404002814,0.7692468334111418
full,prevalence,S29,136,14,0.10294117647058823,0.10294117647058823,1.0,0.5,0.8970588235294118,0.5,0.0,0.0,0.0,1.0,0.0,0.09314320839551185,0.02826513290385163,0.5
full,product_propensity,S29,136,14,0.10294117647058823,0.2434382186847691,2.364828410080614,0.7148711943793912,0.7647058823529411,0.7107728337236534,0.36,0.25,0.6428571428571429,0.7786885245901639,0.29036035109749636,0.09051607445268595,0.08279315622661135,0.1675491731699541
full,visit_count,S29,136,14,0.10294117647058823,0.18472224161967515,1.7944446328768444,0.6574941451990631,0.6029411764705882,0.5889929742388759,0.22857142857142856,0.14285714285714285,0.5714285714285714,0.6065573770491803,0.10989821623856717,0.09729779411764705,0.05919117647058822,0.15
full,total_dwell,S29,136,14,0.10294117647058823,0.385218132476433,3.742119001199635,0.8627049180327868,0.6911764705882353,0.7962529274004684,0.38235294117647056,0.24074074074074073,0.9285714285714286,0.6639344262295082,0.3679872514393594,0.07893186497681658,0.07031738844392035,0.08258133296543385
full,logreg_behavior,S29,136,14,0.10294117647058823,0.6301483204161775,6.1214408269000105,0.9455503512880561,0.9264705882352942,0.8009367681498829,0.6428571428571429,0.6428571428571429,0.6428571428571429,0.9590163934426229,0.6018735362997658,0.07279380224709217,0.1186776092494522,0.5873746918145296
full,logreg_dwell_propensity,S29,136,14,0.10294117647058823,0.6139810974895008,5.964387804183723,0.9519906323185012,0.9264705882352942,0.8009367681498829,0.6428571428571429,0.6428571428571429,0.6428571428571429,0.9590163934426229,0.6018735362997658,0.06563713369745942,0.11095343556745157,0.6311701030725233
full,logreg_eeg,S29,136,14,0.10294117647058823,0.28301381466662356,2.7492770567614864,0.7505854800936769,0.49264705882352944,0.6855971896955504,0.2736842105263158,0.16049382716049382,0.9285714285714286,0.4426229508196721,0.22983780770956777,0.2940410808306775,0.43148137969863254,0.48598286641520216
full,logreg_et,S29,136,14,0.10294117647058823,0.6220252343361586,6.04253084783697,0.8817330210772834,0.8455882352941176,0.7558548009367682,0.46153846153846156,0.36,0.6428571428571429,0.8688524590163934,0.4014541998884774,0.17701954400167744,0.2973194905829605,0.6839464382137119
full,logreg_fusion,S29,136,14,0.10294117647058823,0.6106613200320294,5.9321385374540005,0.864168618266979,0.75,0.765807962529274,0.39285714285714285,0.2619047619047619,0.7857142857142857,0.7459016393442623,0.3496659499921044,0.2457331589134805,0.3475422095611264,0.6991007778136534
full,prevalence,S30,131,20,0.15267175572519084,0.15267175572519084,1.0,0.5,0.8473282442748091,0.5,0.0,0.0,0.0,1.0,0.0,0.1298764498213862,0.022657429077626384,0.5
full,product_propensity,S30,131,20,0.15267175572519084,0.192662713111638,1.2619407708812287,0.5148648648648648,0.7404580152671756,0.49842342342342344,0.15,0.15,0.15,0.8468468468468469,-0.003153153153153153,0.1333040713129489,0.0564994825493425,0.1955243360560778
full,visit_count,S30,131,20,0.15267175572519084,0.16172948679818908,1.0593281385281383,0.5344594594594595,0.7557251908396947,0.5074324324324324,0.15789473684210525,0.16666666666666666,0.15,0.8648648648648649,0.015529661101058734,0.1421946564885496,0.10877862595419849,0.15
full,total_dwell,S30,131,20,0.15267175572519084,0.3734029384836799,2.4457892470681033,0.757882882882883,0.8396946564885496,0.5364864864864866,0.16,0.4,0.1,0.972972972972973,0.13698349814659708,0.1357938570287967,0.11373885192610421,0.09341192123813824
full,logreg_behavior,S30,131,20,0.15267175572519084,0.7110131747999395,4.657136294939604,0.913963963963964,0.8931297709923665,0.7114864864864865,0.5625,0.75,0.45,0.972972972972973,0.5273816338195816,0.09223837667672351,0.16938541118350328,0.5494262461411369
full,logreg_dwell_propensity,S30,131,20,0.15267175572519084,0.629540055636454,4.123487364418773,0.8761261261261262,0.8931297709923665,0.690990990990991,0.5333333333333333,0.8,0.4,0.9819819819819819,0.5174003043831751,0.09696817775751573,0.1198252309702219,0.5421580878849286
full,logreg_eeg,S30,131,20,0.15267175572519084,0.21678944032705483,1.419970834142209,0.6202702702702703,0.7786259541984732,0.5209459459459459,0.17142857142857143,0.2,0.15,0.8918918918918919,0.04731859459263143,0.22862394810107128,0.30003399493261884,0.6662215603741553
full,logreg_et,S30,131,20,0.15267175572519084,0.42232323959180207,2.7662172193263035,0.8171171171171172,0.8549618320610687,0.7504504504504504,0.5581395348837209,0.5217391304347826,0.6,0.9009009009009009,0.4735354580524372,0.12352697603767822,0.1479336280779702,0.54984230388356
full,logreg_fusion,S30,131,20,0.15267175572519084,0.5358406267542998,3.5097561052406636,0.8594594594594595,0.8625954198473282,0.590990990990991,0.3076923076923077,0.6666666666666666,0.2,0.9819819819819819,0.31309364035001996,0.09350807343161978,0.08453780787039092,0.7489590591134115
full,prevalence,S31,141,25,0.1773049645390071,0.1773049645390071,1.0,0.5,0.8226950354609929,0.5,0.0,0.0,0.0,1.0,0.0,0.14816753937242583,0.047954408385436964,0.5
full,product_propensity,S31,141,25,0.1773049645390071,0.3108989596393461,1.7534701323659119,0.585,0.5886524822695035,0.5774137931034483,0.32558139534883723,0.22950819672131148,0.56,0.5948275862068966,0.11935412439295907,0.14355570896527914,0.055096940979351715,0.13081838796124512
full,visit_count,S31,141,25,0.1773049645390071,0.26691034733587926,1.505374358974359,0.6096551724137931,0.8014184397163121,0.5655172413793104,0.2631578947368421,0.38461538461538464,0.2,0.9310344827586207,0.17298479717319207,0.15906028368794323,0.13297872340425532,0.15
full,total_dwell,S31,141,25,0.1773049645390071,0.6022963677974881,3.396951514377833,0.8817241379310344,0.8014184397163121,0.6596551724137931,0.44,0.44,0.44,0.8793103448275862,0.3193103448275862,0.1485361382307318,0.13135910221266975,0.0823378235570947
full,logreg_behavior,S31,141,25,0.1773049645390071,0.7291455157499276,4.112380708829591,0.9386206896551725,0.8865248226950354,0.8212068965517241,0.6923076923076923,0.6666666666666666,0.72,0.9224137931034483,0.6235618662882851,0.11580207554502402,0.1936147290352363,0.5858918350523371
full,logreg_dwell_propensity,S31,141,25,0.1773049645390071,0.7144686958457125,4.029603444569818,0.9206896551724137,0.8794326241134752,0.7855172413793103,0.6530612244897959,0.6666666666666666,0.64,0.9310344827586207,0.5803136442730285,0.11569714464287563,0.17113858775402907,0.5398754468381304
full,logreg_eeg,S31,141,25,0.1773049645390071,0.27690690031755977,1.561754917791037,0.6337931034482759,0.6170212765957447,0.5789655172413793,0.325,0.23636363636363636,0.52,0.6379310344827587,0.12366189822470673,0.1980967000649213,0.22212247457017723,0.44062952967180385
full,logreg_et,S31,141,25,0.1773049645390071,0.5429556526999487,3.0622698812277105,0.8310344827586207,0.8226950354609929,0.6725862068965517,0.46808510638297873,0.5,0.44,0.9051724137931034,0.36328733480094627,0.15800204400302661,0.1934454932509608,0.7113355908749166
full,logreg_fusion,S31,141,25,0.1773049645390071,0.6367592325829401,3.591322071767782,0.8737931034482759,0.8368794326241135,0.7596551724137931,0.5818181818181818,0.5333333333333333,0.64,0.8793103448275862,0.48462281525550327,0.14512495685491247,0.17020310426700347,0.6816047880151143
full,prevalence,S32,144,17,0.11805555555555555,0.11805555555555555,1.0,0.5,0.8819444444444444,0.5,0.0,0.0,0.0,1.0,0.0,0.10428229836079929,0.012800664153652885,0.5
full,product_propensity,S32,144,17,0.11805555555555555,0.20394300424593792,1.7275172124361802,0.603056970819824,0.7430555555555556,0.5231588698471514,0.17777777777777778,0.14285714285714285,0.23529411764705882,0.8110236220472441,0.037762928695899534,0.1035439007373746,0.03761712023210982,0.17458480805880752
full,visit_count,S32,144,17,0.11805555555555555,0.20532406674651008,1.7392156242057324,0.6632700324224178,0.625,0.6090782769800833,0.2702702702702703,0.17543859649122806,0.5882352941176471,0.6299212598425197,0.14394531413502645,0.1017361111111111,0.030555555555555548,0.15
full,total_dwell,S32,144,17,0.11805555555555555,0.3476828240181258,2.945078038741771,0.8080129689671145,0.6388888888888888,0.7188513200555813,0.35,0.2222222222222222,0.8235294117647058,0.6141732283464567,0.28470343247848295,0.0922714516091993,0.03716961554711445,0.08980168912675832
full,logreg_behavior,S32,144,17,0.11805555555555555,0.41088772605431545,3.480460738342437,0.8591940713293191,0.7222222222222222,0.8170449282075034,0.4444444444444444,0.2909090909090909,0.9411764705882353,0.6929133858267716,0.4211150656959534,0.25161797282491016,0.385462593386302,0.5944539239080773
full,logreg_dwell_propensity,S32,144,17,0.11805555555555555,0.45478149211908997,3.852266756773468,0.8499305233904586,0.7569444444444444,0.8367299675775822,0.47761194029850745,0.32,0.9411764705882353,0.7322834645669292,0.456445738127091,0.2411431250531928,0.36614638243262293,0.6104704833296707
full,logreg_eeg,S32,144,17,0.11805555555555555,0.1962406593192874,1.662273820116317,0.539138490041686,0.6875,0.4916628068550255,0.1509433962264151,0.1111111111111111,0.23529411764705882,0.7480314960629921,-0.012425476475679972,0.199600008403508,0.2481828320420112,0.503241045408745
full,logreg_et,S32,144,17,0.11805555555555555,0.30570523542394246,2.5895031706498655,0.7378415933302456,0.8333333333333334,0.5998147290412228,0.29411764705882354,0.29411764705882354,0.29411764705882354,0.905511811023622,0.1996294580824456,0.18862544821955465,0.2607177757881617,0.7029496106691402
full,logreg_fusion,S32,144,17,0.11805555555555555,0.35490160503160767,3.006225360267736,0.7721167207040297,0.7986111111111112,0.6565539601667438,0.35555555555555557,0.2857142857142857,0.47058823529411764,0.84251968503937,0.25527739798428084,0.1607679260927214,0.19152405432130573,0.5917685411113767
full,prevalence,S33,124,21,0.1693548387096774,0.1693548387096774,1.0,0.5,0.8306451612903226,0.5,0.0,0.0,0.0,1.0,0.0,0.14224845038048264,0.039682150460705806,0.5
full,product_propensity,S33,124,21,0.1693548387096774,0.21091569303384577,1.2454069493427085,0.5460009246417014,0.7096774193548387,0.5409153952843273,0.25,0.2222222222222222,0.2857142857142857,0.7961165048543689,0.07436648547660937,0.14373754460491134,0.060736434111840654,0.18168080902010925
full,visit_count,S33,124,21,0.1693548387096774,0.2053386773075316,1.2124759993397105,0.5769764216366158,0.7983870967741935,0.5374479889042996,0.1935483870967742,0.3,0.14285714285714285,0.9320388349514563,0.10316546241818929,0.15429435483870968,0.12298387096774191,0.15
full,total_dwell,S33,124,21,0.1693548387096774,0.48437131377693265,2.8600972813495074,0.749422098936662,0.8225806451612904,0.5899214054553861,0.3125,0.45454545454545453,0.23809523809523808,0.941747572815534,0.23723883204619745,0.14459512666117616,0.12206658017090496,0.09521719609378697
full,logreg_behavior,S33,124,21,0.1693548387096774,0.553924336539799,3.270791320520718,0.8104484512251501,0.8467741935483871,0.7182154415164124,0.5365853658536586,0.55,0.5238095238095238,0.912621359223301,0.44505334251539796,0.14121527286720154,0.20281677589605768,0.531061653296903
full,logreg_dwell_propensity,S33,124,21,0.1693548387096774,0.5360635262640476,3.1653274884162816,0.7859454461396209,0.8709677419354839,0.7517337031900139,0.6,0.631578947368421,0.5714285714285714,0.9320388349514563,0.5242376039903269,0.14586753467840122,0.18097388254515498,0.6177449213225821
full,logreg_eeg,S33,124,21,0.1693548387096774,0.3015941673624408,1.7808417501401268,0.680998613037448,0.4596774193548387,0.5989366620434582,0.33663366336633666,0.2125,0.8095238095238095,0.3883495145631068,0.1551115642386738,0.2990765895423492,0.3925187828352335,0.48552662412855624
full,logreg_et,S33,124,21,0.1693548387096774,0.5879706112134326,3.47182646621265,0.8132223763291724,0.8548387096774194,0.7041146555709663,0.5263157894736842,0.5882352941176471,0.47619047619047616,0.9320388349514563,0.4451599595996316,0.1287891230077339,0.12675112672558708,0.6172651217862656
full,logreg_fusion,S33,124,21,0.1693548387096774,0.470592959805835,2.7787393817106447,0.8090614886731392,0.8548387096774194,0.6851595006934813,0.5,0.6,0.42857142857142855,0.941747572815534,0.4259370099666157,0.14751616661072475,0.1365058292586772,0.7394643395080803
full,prevalence,S34,138,22,0.15942028985507245,0.15942028985507245,1.0,0.5,0.8405797101449275,0.5,0.0,0.0,0.0,1.0,0.0,0.13488170337521144,0.029601390805404165,0.5
full,product_propensity,S34,138,22,0.15942028985507245,0.2833801911290434,1.7775666534458179,0.6328369905956113,0.6956521739130435,0.5795454545454546,0.3,0.23684210526315788,0.4090909090909091,0.75,0.1303748735589124,0.1297877655581745,0.04533944746127435,0.1628633523499049
full,visit_count,S34,138,22,0.15942028985507245,0.13809388965313812,0.8662253078242301,0.4053683385579937,0.45652173913043476,0.45572100313479624,0.21052631578947367,0.136986301369863,0.45454545454545453,0.45689655172413796,-0.064945639233454,0.17429347826086952,0.16702898550724637,0.15
full,total_dwell,S34,138,22,0.15942028985507245,0.14654588688476275,0.9192423813680574,0.44474921630094044,0.5579710144927537,0.442398119122257,0.1643835616438356,0.11764705882352941,0.2727272727272727,0.6120689655172413,-0.08736998899915842,0.1481448945312523,0.1007005503672955,0.09341184888732774
full,logreg_behavior,S34,138,22,0.15942028985507245,0.1803168520662955,1.131078435688581,0.557601880877743,0.6014492753623188,0.5419278996865203,0.26666666666666666,0.18867924528301888,0.45454545454545453,0.6293103448275862,0.06311404870920997,0.3010433162408249,0.3390582349311985,0.578508110849057
full,logreg_dwell_propensity,S34,138,22,0.15942028985507245,0.21374782359630984,1.3407818025586709,0.612460815047022,0.6231884057971014,0.591692789968652,0.3157894736842105,0.2222222222222222,0.5454545454545454,0.6379310344827587,0.1375526605994076,0.27263983355543353,0.31503810824014633,0.5646375143939332
full,logreg_eeg,S34,138,22,0.15942028985507245,0.16720746393841868,1.0488468192500808,0.36716300940438873,0.4420289855072464,0.39184952978056425,0.15384615384615385,0.10144927536231885,0.3181818181818182,0.46551724137931033,-0.15836151649297917,0.28173334016578755,0.3216490171238439,0.42873637719486346
full,logreg_et,S34,138,22,0.15942028985507245,0.19757149968921434,1.2393121344141627,0.5803291536050157,0.41304347826086957,0.5587774294670846,0.2956521739130435,0.1827956989247312,0.7727272727272727,0.3448275862068966,0.09179799348669979,0.4563239301562446,0.5181677279773038,0.6018790954882939
full,logreg_fusion,S34,138,22,0.15942028985507245,0.2177550489901587,1.365918034574632,0.570141065830721,0.5072463768115942,0.5411442006269592,0.2765957446808511,0.18055555555555555,0.5909090909090909,0.49137931034482757,0.060303253466503684,0.494159740089338,0.5287968778678974,0.7812257092068668
full,prevalence,S35,144,17,0.11805555555555555,0.11805555555555555,1.0,0.5,0.8819444444444444,0.5,0.0,0.0,0.0,1.0,0.0,0.10428229836079929,0.012800664153652885,0.5
full,product_propensity,S35,144,17,0.11805555555555555,0.15214622332412908,1.2887680093337994,0.6102362204724409,0.7361111111111112,0.5446966188050023,0.20833333333333334,0.16129032258064516,0.29411764705882354,0.7952755905511811,0.070179604949176,0.10687034750328472,0.03795379296231931,0.17458480805880752
full,visit_count,S35,144,17,0.11805555555555555,0.20830733570062435,1.764485667111171,0.698934691987031,0.7777777777777778,0.5428439092172302,0.2,0.17391304347826086,0.23529411764705882,0.8503937007874016,0.07547251181496811,0.10210069444444442,0.06284722222222223,0.15
full,total_dwell,S35,144,17,0.11805555555555555,0.39564139127834264,3.351315314357726,0.8943955534969894,0.8541666666666666,0.7899490504863362,0.5333333333333333,0.42857142857142855,0.7058823529411765,0.8740157480314961,0.47279186727266215,0.09519877835043525,0.053436885777368666,0.09341192123813824
full,logreg_behavior,S35,144,17,0.11805555555555555,0.5473375982293929,4.636271420296034,0.9268179712830014,0.8333333333333334,0.8545622973598888,0.5555555555555556,0.40540540540540543,0.8823529411764706,0.8267716535433071,0.5236680995472708,0.18433258250475337,0.32266042584191135,0.5944901423821995
full,logreg_dwell_propensity,S35,144,17,0.11805555555555555,0.5127204262885378,4.343043610914673,0.8990273274664196,0.7986111111111112,0.8094025011579435,0.49122807017543857,0.35,0.8235294117647058,0.7952755905511811,0.4457932329152012,0.1873735370250275,0.31216138816414435,0.5956925593257715
full,logreg_eeg,S35,144,17,0.11805555555555555,0.16308735500897983,1.3814458306642998,0.6364057433997221,0.7569444444444444,0.5055581287633163,0.14634146341463414,0.125,0.17647058823529413,0.8346456692913385,0.009624732691800112,0.14230247885031225,0.15960433425991172,0.44650350993691285
full,logreg_et,S35,144,17,0.11805555555555555,0.49676728559144695,4.207911125009904,0.8494673459935155,0.7013888888888888,0.754284390921723,0.39436619718309857,0.25925925925925924,0.8235294117647058,0.6850393700787402,0.3389673626398282,0.21711692354851928,0.3382769632193245,0.5515546209926506
full,logreg_fusion,S35,144,17,0.11805555555555555,0.4074632008201983,3.4514529951828563,0.825845298749421,0.8263888888888888,0.6723019916628068,0.3902439024390244,0.3333333333333333,0.47058823529411764,0.8740157480314961,0.2983667134458035,0.1544306090462945,0.20281943606356034,0.6471432461466043
full,prevalence,S36,139,14,0.10071942446043165,0.10071942446043165,1.0,0.5,0.8992805755395683,0.5,0.0,0.0,0.0,1.0,0.0,0.09150878136952037,0.030557476543872517,0.5
full,product_propensity,S36,139,14,0.10071942446043165,0.25309396149411256,2.5128614748344034,0.6654285714285714,0.7122302158273381,0.5228571428571429,0.16666666666666666,0.11764705882352941,0.2857142857142857,0.76,0.03200640192064023,0.08707939360438094,0.04144041960232997,0.16673600998543792
full,visit_count,S36,139,14,0.10071942446043165,0.2984504913076341,2.9631870208400817,0.7897142857142857,0.8273381294964028,0.6819999999999999,0.3684210526315789,0.2916666666666667,0.5,0.864,0.2898450360581258,0.08235611510791369,0.028417266187050354,0.15
full,total_dwell,S36,139,14,0.10071942446043165,0.4616013442474113,4.583041917885012,0.8828571428571429,0.8633093525179856,0.7337142857142858,0.45714285714285713,0.38095238095238093,0.5714285714285714,0.896,0.3928109885574301,0.08217314998978675,0.051774976941113056,0.09250951563243255
full,logreg_behavior,S36,139,14,0.10071942446043165,0.53947975986262,5.356263330064584,0.9365714285714286,0.9064748201438849,0.8211428571428572,0.6060606060606061,0.5263157894736842,0.7142857142857143,0.928,0.562703819937657,0.11563856380659639,0.23351056272749257,0.5759529665676989
full,logreg_dwell_propensity,S36,139,14,0.10071942446043165,0.6148300345779337,6.104383914738056,0.9502857142857144,0.9280575539568345,0.8965714285714286,0.7058823529411765,0.6,0.8571428571428571,0.936,0.680114389079435,0.11058081404105483,0.22271391981921485,0.5974352744456877
full,logreg_eeg,S36,139,14,0.10071942446043165,0.11015899856286451,1.0937214857312978,0.5434285714285714,0.7266187050359713,0.4357142857142857,0.05,0.038461538461538464,0.07142857142857142,0.8,-0.09922876771341849,0.161560653000984,0.20637627795473593,0.4543918543083417
full,logreg_et,S36,139,14,0.10071942446043165,0.5689473565159101,5.6488344682651075,0.8931428571428572,0.8705035971223022,0.6742857142857143,0.4,0.375,0.42857142857142855,0.92,0.3286989097743948,0.12738667324533864,0.21907908309132457,0.6717411307195582
full,logreg_fusion,S36,139,14,0.10071942446043165,0.3675737958678688,3.649482687545269,0.8251428571428572,0.9064748201438849,0.6308571428571428,0.38095238095238093,0.5714285714285714,0.2857142857142857,0.976,0.3601724317341951,0.10941738040739175,0.1249036653889128,0.7873339987819441
full,prevalence,S37,144,22,0.1527777777777778,0.1527777777777778,1.0,0.5,0.8472222222222222,0.5,0.0,0.0,0.0,1.0,0.0,0.12995743803148085,0.022819063004846513,0.5
full,product_propensity,S37,144,22,0.1527777777777778,0.2843599332769085,1.8612650178124919,0.6805141579731744,0.7777777777777778,0.533532041728763,0.2,0.2222222222222222,0.18181818181818182,0.8852459016393442,0.07295578322623138,0.1229793312562488,0.06286358496655486,0.20662807412875403
full,visit_count,S37,144,22,0.1527777777777778,0.28188419293715455,1.8450601719522841,0.6793964232488824,0.6041666666666666,0.5987332339791356,0.3132530120481928,0.21311475409836064,0.5909090909090909,0.6065573770491803,0.14377409751245593,0.1234548611111111,0.04826388888888889,0.15
full,total_dwell,S37,144,22,0.1527777777777778,0.6297063238969944,4.1217141200530545,0.9005216095380031,0.6111111111111112,0.7704918032786885,0.44,0.28205128205128205,1.0,0.5409836065573771,0.39062145332563925,0.10564417995164795,0.1036526194124747,0.08348380952760892
full,logreg_behavior,S37,144,22,0.1527777777777778,0.6218130341016405,4.070048950483464,0.9198956780923995,0.7708333333333334,0.8647540983606558,0.5714285714285714,0.4,1.0,0.7295081967213115,0.5401881882164072,0.21631856036491046,0.34995923332114837,0.5922725515083843
full,logreg_dwell_propensity,S37,144,22,0.1527777777777778,0.6829033049879923,4.4699125417395855,0.9344262295081966,0.7847222222222222,0.8729508196721312,0.5866666666666667,0.41509433962264153,1.0,0.7459016393442623,0.5564346757769975,0.2060879610957028,0.3333699971625423,0.6138881583611261
full,logreg_eeg,S37,144,22,0.1527777777777778,0.4048208429738055,2.6497364267376358,0.6874068554396423,0.6805555555555556,0.5506706408345753,0.25806451612903225,0.2,0.36363636363636365,0.7377049180327869,0.08140123294226802,0.1610933869550831,0.20469747356820783,0.4301680309887359
full,logreg_et,S37,144,22,0.1527777777777778,0.7984603051306193,5.2262856335822345,0.9280923994038749,0.8819444444444444,0.855812220566319,0.6792452830188679,0.5806451612903226,0.8181818181818182,0.8934426229508197,0.6229053240226687,0.1520284530209041,0.2597045500231879,0.6841271726561697
full,logreg_fusion,S37,144,22,0.1527777777777778,0.8541615641514221,5.590875692627489,0.9198956780923994,0.9375,0.8327123695976155,0.7692307692307693,0.8823529411764706,0.6818181818181818,0.9836065573770492,0.7419316151988854,0.08513282863236069,0.13027810125641498,0.8028698173183504
full,prevalence,S38,141,27,0.19148936170212766,0.19148936170212766,1.0,0.5,0.8085106382978723,0.5,0.0,0.0,0.0,1.0,0.0,0.15872713785066728,0.06249761430349113,0.5
full,product_propensity,S38,141,27,0.19148936170212766,0.31613037607927386,1.6509030750806524,0.5974658869395713,0.7304964539007093,0.5365497076023391,0.24,0.2608695652173913,0.2222222222222222,0.8508771929824561,0.07784725237242085,0.15400650949147437,0.08446222809367622,0.19236744999028937
full,visit_count,S38,141,27,0.19148936170212766,0.24900191356597468,1.3003433264000899,0.6177712800519817,0.5460992907801419,0.5921052631578947,0.36,0.2465753424657534,0.6666666666666666,0.5175438596491229,0.14505505388834994,0.15874113475177304,0.0925531914893617,0.15
full,total_dwell,S38,141,27,0.19148936170212766,0.36385636468341764,1.9001387933467366,0.7339181286549707,0.6524822695035462,0.6154970760233918,0.379746835443038,0.28846153846153844,0.5555555555555556,0.6754385964912281,0.1883816592648486,0.15489918429773994,0.11013042172078868,0.09341189779255082
full,logreg_behavior,S38,141,27,0.19148936170212766,0.5878977949626394,3.070132929249339,0.8807667316439246,0.8297872340425532,0.7392787524366471,0.5714285714285714,0.5517241379310345,0.5925925925925926,0.8859649122807017,0.4658653703724969,0.12079019645360384,0.13744248300570175,0.514455208011513
full,logreg_dwell_propensity,S38,141,27,0.19148936170212766,0.5974386143165336,3.119957208097453,0.8703703703703703,0.8652482269503546,0.7612085769980507,0.6274509803921569,0.6666666666666666,0.5925925925925926,0.9298245614035088,0.5469570001203691,0.12195639666051679,0.1154790810590402,0.561650065912013
full,logreg_eeg,S38,141,27,0.19148936170212766,0.2897045200031183,1.5129013822385067,0.6445743989603638,0.524822695035461,0.6637426900584795,0.41739130434782606,0.2727272727272727,0.8888888888888888,0.43859649122807015,0.26604000877470546,0.34395323887408996,0.42946913338051834,0.5609655945520159
full,logreg_et,S38,141,27,0.19148936170212766,0.43220661483206835,2.2570789885674682,0.7365172189733593,0.7730496453900709,0.661793372319688,0.4482758620689655,0.41935483870967744,0.48148148148148145,0.8421052631578947,0.3074311298604587,0.21808657137018997,0.24601963404703386,0.7134052243879466
full,logreg_fusion,S38,141,27,0.19148936170212766,0.4580730857563638,2.3921594478387886,0.7836257309941521,0.75177304964539,0.7475633528265107,0.5333333333333333,0.4166666666666667,0.7407407407407407,0.7543859649122807,0.41113889687224586,0.24771750699578068,0.29074827518199065,0.7171123262629995
full,prevalence,S39,143,13,0.09090909090909091,0.09090909090909091,1.0,0.5,0.9090909090909091,0.5,0.0,0.0,0.0,1.0,0.0,0.08429636118894507,0.04064151928473539,0.5
full,product_propensity,S39,143,13,0.09090909090909091,0.1878090205406135,2.0658992259467484,0.6334319526627219,0.7412587412587412,0.6153846153846154,0.24489795918367346,0.16666666666666666,0.46153846153846156,0.7692307692307693,0.15285446012893575,0.08388949291522642,0.04804501360317333,0.16949838485368027
full,visit_count,S39,143,13,0.09090909090909091,0.22208927949878177,2.4429820744865993,0.7538461538461538,0.8601398601398601,0.6461538461538462,0.3333333333333333,0.29411764705882354,0.38461538461538464,0.9076923076923077,0.25964135286874945,0.07727272727272727,0.034265734265734274,0.15
full,total_dwell,S39,143,13,0.09090909090909091,0.45165663081461,4.96822293896071,0.8946745562130177,0.8741258741258742,0.7230769230769231,0.4375,0.3684210526315789,0.5384615384615384,0.9076923076923077,0.37786820494135615,0.07462403312136748,0.03762507218858764,0.09341176560126806
full,logreg_behavior,S39,143,13,0.09090909090909091,0.5711253087370514,6.282378396107565,0.9414201183431953,0.916083916083916,0.8153846153846154,0.6,0.5294117647058824,0.6923076923076923,0.9384615384615385,0.5602787088220383,0.13076647455947865,0.26833837736973326,0.6043726995952168
full,logreg_dwell_propensity,S39,143,13,0.09090909090909091,0.4974737813440173,5.4722115947841905,0.9301775147928995,0.8951048951048951,0.8730769230769231,0.5945945945945946,0.4583333333333333,0.8461538461538461,0.9,0.5739745453515204,0.1305362213048749,0.25745667344296425,0.5593497390504778
full,logreg_eeg,S39,143,13,0.09090909090909091,0.18776214692344514,2.0653836161578965,0.7088757396449704,0.7202797202797203,0.6384615384615384,0.25925925925925924,0.17073170731707318,0.5384615384615384,0.7384615384615385,0.1760396459846279,0.163247972232785,0.2634384303013132,0.4496522032002101
full,logreg_et,S39,143,13,0.09090909090909091,0.428517451644964,4.713691968094604,0.8402366863905325,0.9020979020979021,0.7038461538461538,0.46153846153846156,0.46153846153846156,0.46153846153846156,0.9461538461538461,0.4076923076923077,0.1637308799940504,0.2813810367818309,0.7145568253651516
full,logreg_fusion,S39,143,13,0.09090909090909091,0.3744762313141746,4.1192385444559205,0.7763313609467456,0.8951048951048951,0.7692307692307693,0.5161290322580645,0.4444444444444444,0.6153846153846154,0.9230769230769231,0.4666666666666667,0.13640479586600393,0.20015621824488306,0.6252574135935318
full,prevalence,S40,134,17,0.12686567164179105,0.12686567164179105,1.0,0.5,0.8731343283582089,0.5,0.0,0.0,0.0,1.0,0.0,0.11078488114313614,0.0037560807323354373,0.5
full,product_propensity,S40,134,17,0.12686567164179105,0.47862138722545766,3.7726626993065486,0.8330819507290096,0.8432835820895522,0.7091503267973855,0.46153846153846156,0.4090909090909091,0.5294117647058824,0.8888888888888888,0.37582492804295753,0.0939185898065174,0.052530466157278334,0.19343040412296866
full,visit_count,S40,134,17,0.12686567164179105,0.15900058010414897,1.2532986902327037,0.5527903469079939,0.7313432835820896,0.5444947209653092,0.21739130434782608,0.1724137931034483,0.29411764705882354,0.7948717948717948,0.0719220779350065,0.11559701492537315,0.05298507462686568,0.15
full,total_dwell,S40,134,17,0.12686567164179105,0.3075366940095431,2.4241127645458103,0.7888386123680241,0.7686567164179104,0.6412770236299647,0.3404255319148936,0.26666666666666666,0.47058823529411764,0.811965811965812,0.22560131512170128,0.10740275293826967,0.06799899142778351,0.08258133552172588
full,logreg_behavior,S40,134,17,0.12686567164179105,0.465269450861504,3.6674180244377372,0.865761689291101,0.835820895522388,0.7048768225238813,0.45,0.391304347826087,0.5294117647058824,0.8803418803418803,0.361671935055929,0.14470100468707067,0.23413106060243627,0.5790846029070913
full,logreg_dwell_propensity,S40,134,17,0.12686567164179105,0.6384960834324329,5.032851481173295,0.9230769230769231,0.8582089552238806,0.7931121166415285,0.5581395348837209,0.46153846153846156,0.7058823529411765,0.8803418803418803,0.4933812115858129,0.12548468912848015,0.22235589930650868,0.5245913070206233
full,logreg_eeg,S40,134,17,0.12686567164179105,0.20819045250916635,1.6410306256604876,0.6435394670688789,0.6716417910447762,0.6611362493715436,0.3333333333333333,0.22448979591836735,0.6470588235294118,0.6752136752136753,0.22270662429042754,0.17890118147346087,0.24135109728584622,0.4277131113147204
full,logreg_et,S40,134,17,0.12686567164179105,0.43471040727687965,3.4265408573589338,0.8345902463549522,0.8134328358208955,0.7171945701357466,0.4444444444444444,0.35714285714285715,0.5882352941176471,0.8461538461538461,0.3556021700825837,0.19852903951192777,0.30006228139399,0.6618713034458547
full,logreg_fusion,S40,134,17,0.12686567164179105,0.4539303823251203,3.5780394842097714,0.8159879336349924,0.8059701492537313,0.6626445449974862,0.38095238095238093,0.32,0.47058823529411764,0.8547008547008547,0.2779096554583367,0.16727827330776832,0.2110037759410003,0.6806994724853077
full,prevalence,S41,137,12,0.08759124087591241,0.08759124087591241,1.0,0.5,0.9124087591240876,0.5,0.0,0.0,0.0,1.0,0.0,0.08185476390691752,0.0439971420570385,0.5
full,product_propensity,S41,137,12,0.08759124087591241,0.22272236339520843,2.542746982095296,0.532,0.7956204379562044,0.5489999999999999,0.17647058823529413,0.13636363636363635,0.25,0.848,0.07545906934388377,0.08203235735629866,0.06096091036092247,0.19532040530612813
full,visit_count,S41,137,12,0.08759124087591241,0.17859715662420686,2.0389842047930284,0.6626666666666666,0.781021897810219,0.7293333333333334,0.34782608695652173,0.23529411764705882,0.6666666666666666,0.792,0.30018206290986665,0.07895985401459853,0.033941605839416064,0.15
full,total_dwell,S41,137,12,0.08759124087591241,0.18542300658907301,2.1169126585585833,0.659,0.8832116788321168,0.597,0.2727272727272727,0.3,0.25,0.944,0.21083635479664556,0.08004264646802445,0.048383802483802134,0.09250938051045136
full,logreg_behavior,S41,137,12,0.08759124087591241,0.3947057961964426,4.506224506576053,0.8066666666666666,0.9051094890510949,0.5336666666666666,0.13333333333333333,0.3333333333333333,0.08333333333333333,0.984,0.1300656805631864,0.0904663957155172,0.14284205709251624,0.5655640724761737
full,logreg_dwell_propensity,S41,137,12,0.08759124087591241,0.36271154257265364,4.140956777704463,0.78,0.9197080291970803,0.617,0.35294117647058826,0.6,0.25,0.984,0.3527682731559834,0.09238697057214779,0.13832812497128918,0.5446425640139229
full,logreg_eeg,S41,137,12,0.08759124087591241,0.10326531443254991,1.1789456731049448,0.5106666666666667,0.8978102189781022,0.492,0.0,0.0,0.0,0.984,-0.03771236166328253,0.1224439608898751,0.16464932027969167,0.6393655968687154
full,logreg_et,S41,137,12,0.08759124087591241,0.29516750987234924,3.3698290710426537,0.6619999999999999,0.9051094890510949,0.5713333333333334,0.23529411764705882,0.4,0.16666666666666666,0.976,0.21507809246547138,0.10137801301780151,0.11539241485334899,0.6510381447961391
full,logreg_fusion,S41,137,12,0.08759124087591241,0.2088790401582432,2.3847023751399434,0.5473333333333332,0.9124087591240876,0.5376666666666666,0.14285714285714285,0.5,0.08333333333333333,0.992,0.17756236949795526,0.08600563152935986,0.07293385667833947,0.6182513101113779
full,prevalence,S42,142,19,0.13380281690140844,0.13380281690140844,1.0,0.5,0.8661971830985915,0.5,0.0,0.0,0.0,1.0,0.0,0.11591086188502259,0.003352431112784743,0.5
full,product_propensity,S42,142,19,0.13380281690140844,0.2960656662859023,2.2127012953999015,0.6745827984595635,0.8028169014084507,0.5969191270860077,0.3,0.2857142857142857,0.3157894736842105,0.8780487804878049,0.18589448829696503,0.10862236540044401,0.012598730917472482,0.1931397172075985
full,visit_count,S42,142,19,0.13380281690140844,0.258903308593711,1.9349615694898405,0.6604621309370988,0.5704225352112676,0.6407787762088146,0.3146067415730337,0.2,0.7368421052631579,0.5447154471544715,0.1917261137058436,0.11617957746478873,0.0595070422535211,0.15
full,total_dwell,S42,142,19,0.13380281690140844,0.43984567308039824,3.287267661969292,0.8453145057766367,0.5563380281690141,0.7439024390243902,0.37623762376237624,0.23170731707317074,1.0,0.4878048780487805,0.33619631102659076,0.09463435435615981,0.091495162346368,0.0888992807065493
full,logreg_behavior,S42,142,19,0.13380281690140844,0.4318768994613926,3.2277115643956713,0.7526743688489516,0.8028169014084507,0.730423620025674,0.46153846153846156,0.36363636363636365,0.631578947368421,0.8292682926829268,0.37146348440849786,0.16425993850718,0.19252761462239448,0.5338063975121954
full,logreg_dwell_propensity,S42,142,19,0.13380281690140844,0.47280434179374736,3.5335903439322176,0.7744972186563971,0.8309859154929577,0.7466837826273,0.5,0.41379310344827586,0.631578947368421,0.8617886178861789,0.41664073664192397,0.15871055740666762,0.19628392970093667,0.631890254504364
full,logreg_eeg,S42,142,19,0.13380281690140844,0.37363116279138425,2.7924013219145563,0.7817715019255456,0.7535211267605634,0.7242190842961062,0.4262295081967213,0.30952380952380953,0.6842105263157895,0.7642276422764228,0.33450859505102276,0.21307434183914523,0.3196808016879565,0.5584690568739314
full,logreg_et,S42,142,19,0.13380281690140844,0.31635799904635686,2.364359782346457,0.7017543859649122,0.39436619718309857,0.6281557552417629,0.29508196721311475,0.17475728155339806,0.9473684210526315,0.3089430894308943,0.1954999048351384,0.5296994382057978,0.6097057475873524,0.6442742841456064
full,logreg_fusion,S42,142,19,0.13380281690140844,0.36969557923384483,2.7629880132213667,0.7347026101839965,0.5915492957746479,0.675224646983312,0.3409090909090909,0.21739130434782608,0.7894736842105263,0.5609756097560976,0.23870887726247644,0.32822576955760674,0.4054999593058626,0.6119584984831612
full,prevalence,S43,124,16,0.12903225806451613,0.12903225806451613,1.0,0.5,0.8709677419354839,0.5,0.0,0.0,0.0,1.0,0.0,0.11238528982284364,0.0015347245861724312,0.5
full,product_propensity,S43,124,16,0.12903225806451613,0.22579063046075162,1.7498773860708252,0.5766782407407408,0.7096774193548387,0.48726851851851855,0.14285714285714285,0.11538461538461539,0.1875,0.7870370370370371,-0.02096916299828522,0.11108800440817371,0.044079537109120735,0.1845311179500263
full,visit_count,S43,124,16,0.12903225806451613,0.2723776131627176,2.1109265020110612,0.7309027777777777,0.8306451612903226,0.5300925925925926,0.16,0.2222222222222222,0.125,0.9351851851851852,0.07776627474173502,0.11193548387096772,0.07983870967741936,0.15
full,total_dwell,S43,124,16,0.12903225806451613,0.5065481537671528,3.925748191695434,0.8972800925925926,0.8709677419354839,0.6064814814814814,0.3333333333333333,0.5,0.25,0.9629629629629629,0.29060425003857965,0.11061727975286015,0.09154827740725327,0.09521718649263987
full,logreg_behavior,S43,124,16,0.12903225806451613,0.5077261606990745,3.9348777454178276,0.9224537037037037,0.8951612903225806,0.7800925925925926,0.6060606060606061,0.5882352941176471,0.625,0.9351851851851852,0.545993080352568,0.11350422090731697,0.19897129175429326,0.5478239645849713
full,logreg_dwell_propensity,S43,124,16,0.12903225806451613,0.5132450694950695,3.977649288586789,0.9184027777777777,0.8951612903225806,0.7534722222222222,0.5806451612903226,0.6,0.5625,0.9444444444444444,0.5211627398683786,0.11219790523337543,0.18918113710729942,0.6006504336322581
full,logreg_eeg,S43,124,16,0.12903225806451613,0.29118953536682296,2.256718899092878,0.7395833333333334,0.6612903225806451,0.6458333333333333,0.3225806451612903,0.21739130434782608,0.625,0.6666666666666666,0.20241022618818408,0.19939388558704454,0.29654210537164966,0.48490641055066996
full,logreg_et,S43,124,16,0.12903225806451613,0.7510475675024827,5.820618648144241,0.9207175925925924,0.8951612903225806,0.8599537037037037,0.6666666666666666,0.5652173913043478,0.8125,0.9074074074074074,0.620903211826656,0.11554694665557129,0.18900815080941755,0.6087491169486671
full,logreg_fusion,S43,124,16,0.12903225806451613,0.8040446233816493,6.231345831207782,0.9363425925925927,0.9354838709677419,0.7766203703703703,0.6923076923076923,0.9,0.5625,0.9907407407407407,0.6811356281898662,0.07508975795114593,0.11922411333364961,0.7344597241916295
full,prevalence,S44,139,16,0.11510791366906475,0.11510791366906475,1.0,0.5,0.8848920863309353,0.5,0.0,0.0,0.0,1.0,0.0,0.10210804769603996,0.01581030727785057,0.5
full,product_propensity,S44,139,16,0.11510791366906475,0.26043971654072323,2.262570037447533,0.626778455284553,0.7482014388489209,0.6130589430894309,0.2857142857142857,0.21212121212121213,0.4375,0.7886178861788617,0.1696045743763941,0.097802011134829,0.03108654637263015,0.16673600998543792
full,visit_count,S44,139,16,0.11510791366906475,0.30535777438146844,2.6527956649390068,0.6836890243902439,0.7482014388489209,0.6674288617886179,0.33962264150943394,0.24324324324324326,0.5625,0.7723577235772358,0.2418086985568836,0.09397482014388489,0.024100719424460425,0.15
full,total_dwell,S44,139,16,0.11510791366906475,0.34981085134025797,3.038981771018491,0.76880081300813,0.8057553956834532,0.6727642276422765,0.37209302325581395,0.2962962962962963,0.5,0.8455284552845529,0.27874396426989556,0.09534946402545745,0.047343586175115804,0.09510754183028157
full,logreg_behavior,S44,139,16,0.11510791366906475,0.4181158766225867,3.6323816781587217,0.8074186991869918,0.8489208633093526,0.724339430894309,0.46153846153846156,0.391304347826087,0.5625,0.8861788617886179,0.3853498940434997,0.17870264541286784,0.29421868194631773,0.5891712804424056
full,logreg_dwell_propensity,S44,139,16,0.11510791366906475,0.47147984478735755,4.095981151590168,0.7992886178861789,0.8705035971223022,0.709349593495935,0.47058823529411764,0.4444444444444444,0.5,0.9186991869918699,0.3980024330031748,0.17142693276992918,0.27877370339955426,0.6402063980693292
full,logreg_eeg,S44,139,16,0.11510791366906475,0.21259469094965844,1.8469163776251576,0.6600609756097561,0.6690647482014388,0.5139735772357723,0.17857142857142858,0.125,0.3125,0.7154471544715447,0.019701647728448977,0.1880111171233904,0.2739007814407861,0.5158969236499767
full,logreg_et,S44,139,16,0.11510791366906475,0.4694171017723937,4.07806107164767,0.8622967479674797,0.8561151079136691,0.7827743902439024,0.5238095238095238,0.4230769230769231,0.6875,0.8780487804878049,0.46286753566891836,0.1808345256907489,0.28153625539946675,0.690401617691606
full,logreg_fusion,S44,139,16,0.11510791366906475,0.4721041835460803,4.101405094556572,0.842479674796748,0.8705035971223022,0.654979674796748,0.4,0.42857142857142855,0.375,0.9349593495934959,0.3286989097743948,0.13875525688111506,0.18370776245763007,0.7482608316838439
