horizon,model,held_out_subject,label_buy,probability_buy,threshold,prediction_buy,page,roi,product_id,original_bag_index
first1,catboost_fusion,S01,0,0.3164375798106606,0.5144551582155384,0,1,1,1,0
first1,catboost_fusion,S01,0,0.38550378719080797,0.5144551582155384,0,1,2,2,1
first1,catboost_fusion,S01,0,0.7436246879828947,0.5144551582155384,1,1,3,3,2
first1,catboost_fusion,S01,1,0.6937154130208096,0.5144551582155384,1,1,4,4,3
first1,catboost_fusion,S01,0,0.16091961316424863,0.5144551582155384,0,1,5,5,4
first1,catboost_fusion,S01,0,0.2629276965383513,0.5144551582155384,0,1,6,6,5
first1,catboost_fusion,S01,0,0.25807926616368493,0.5144551582155384,0,1,7,7,6
first1,catboost_fusion,S01,1,0.1691080932941535,0.5144551582155384,0,1,8,8,7
first1,catboost_fusion,S01,0,0.2737138687611025,0.5144551582155384,0,1,9,9,8
first1,catboost_fusion,S01,0,0.4799698236095091,0.5144551582155384,0,1,10,10,9
first1,catboost_fusion,S01,0,0.34859952878796047,0.5144551582155384,0,1,11,11,10
first1,catboost_fusion,S01,0,0.2683498644809281,0.5144551582155384,0,1,12,12,11
first1,catboost_fusion,S01,0,0.4138145316589897,0.5144551582155384,0,1,13,13,12
first1,catboost_fusion,S01,0,0.247328612924759,0.5144551582155384,0,1,14,14,13
first1,catboost_fusion,S01,0,0.5167527121966493,0.5144551582155384,1,1,15,15,14
first1,catboost_fusion,S01,1,0.3011899828982214,0.5144551582155384,0,1,16,16,15
first1,catboost_fusion,S01,0,0.28020856404763217,0.5144551582155384,0,1,17,17,16
first1,catboost_fusion,S01,0,0.2929880403084024,0.5144551582155384,0,1,18,18,17
first1,catboost_fusion,S01,0,0.29149505660023123,0.5144551582155384,0,1,19,19,18
first1,catboost_fusion,S01,0,0.17861302873907497,0.5144551582155384,0,1,20,20,19
first1,catboost_fusion,S01,0,0.14085725323890358,0.5144551582155384,0,1,21,21,20
first1,catboost_fusion,S01,0,0.4347345611817759,0.5144551582155384,0,1,22,22,21
first1,catboost_fusion,S01,0,0.37378109564099693,0.5144551582155384,0,1,23,23,22
first1,catboost_fusion,S01,1,0.40901260008995,0.5144551582155384,0,1,24,24,23
first1,catboost_fusion,S01,0,0.33810573960284734,0.5144551582155384,0,2,1,25,24
first1,catboost_fusion,S01,0,0.23727481433066583,0.5144551582155384,0,2,2,26,25
first1,catboost_fusion,S01,0,0.2874571835140468,0.5144551582155384,0,2,3,27,26
first1,catboost_fusion,S01,0,0.17284006090711654,0.5144551582155384,0,2,4,28,27
first1,catboost_fusion,S01,0,0.2002829876143156,0.5144551582155384,0,2,5,29,28
first1,catboost_fusion,S01,0,0.2945029172087068,0.5144551582155384,0,2,6,30,29
first1,catboost_fusion,S01,0,0.3149171257978665,0.5144551582155384,0,2,7,31,30
first1,catboost_fusion,S01,0,0.2708779112157665,0.5144551582155384,0,2,8,32,31
first1,catboost_fusion,S01,0,0.36644140732420094,0.5144551582155384,0,2,9,33,32
first1,catboost_fusion,S01,1,0.7291530174704474,0.5144551582155384,1,2,10,34,33
first1,catboost_fusion,S01,0,0.2898897038716139,0.5144551582155384,0,2,11,35,34
first1,catboost_fusion,S01,0,0.22006223581627418,0.5144551582155384,0,2,12,36,35
first1,catboost_fusion,S01,0,0.6008462805841358,0.5144551582155384,1,2,13,37,36
first1,catboost_fusion,S01,0,0.4485432688176296,0.5144551582155384,0,2,14,38,37
first1,catboost_fusion,S01,0,0.28583889083906805,0.5144551582155384,0,2,15,39,38
first1,catboost_fusion,S01,0,0.309235561365511,0.5144551582155384,0,2,16,40,39
first1,catboost_fusion,S01,0,0.2130202752545737,0.5144551582155384,0,2,17,41,40
first1,catboost_fusion,S01,0,0.4662619749097443,0.5144551582155384,0,2,18,42,41
first1,catboost_fusion,S01,0,0.28165168524692646,0.5144551582155384,0,2,19,43,42
first1,catboost_fusion,S01,0,0.20266268595185294,0.5144551582155384,0,2,20,44,43
first1,catboost_fusion,S01,0,0.26799057247440217,0.5144551582155384,0,2,21,45,44
first1,catboost_fusion,S01,0,0.15276244878934633,0.5144551582155384,0,2,22,46,45
first1,catboost_fusion,S01,0,0.163936315691883,0.5144551582155384,0,2,23,47,46
first1,catboost_fusion,S01,0,0.28917812578035695,0.5144551582155384,0,2,24,48,47
first1,catboost_fusion,S01,1,0.6685678558975413,0.5144551582155384,1,3,1,49,48
first1,catboost_fusion,S01,0,0.42930017267390846,0.5144551582155384,0,3,2,50,49
first1,catboost_fusion,S01,0,0.08239490273887777,0.5144551582155384,0,3,3,51,50
first1,catboost_fusion,S01,0,0.502600700133891,0.5144551582155384,0,3,4,52,51
first1,catboost_fusion,S01,0,0.15396879142555261,0.5144551582155384,0,3,5,53,52
first1,catboost_fusion,S01,0,0.25502875690839083,0.5144551582155384,0,3,6,54,53
first1,catboost_fusion,S01,0,0.3708644722697044,0.5144551582155384,0,3,7,55,54
first1,catboost_fusion,S01,0,0.3480802245607947,0.5144551582155384,0,3,8,56,55
first1,catboost_fusion,S01,0,0.527780711905345,0.5144551582155384,1,3,9,57,56
first1,catboost_fusion,S01,0,0.39006431459961816,0.5144551582155384,0,3,10,58,57
first1,catboost_fusion,S01,1,0.43492992426482496,0.5144551582155384,0,3,11,59,58
first1,catboost_fusion,S01,0,0.40568607636971393,0.5144551582155384,0,3,12,60,59
first1,catboost_fusion,S01,1,0.3160825729804697,0.5144551582155384,0,3,13,61,60
first1,catboost_fusion,S01,0,0.33092685377070885,0.5144551582155384,0,3,14,62,61
first1,catboost_fusion,S01,0,0.13635551915815144,0.5144551582155384,0,3,15,63,62
first1,catboost_fusion,S01,0,0.30109287780574223,0.5144551582155384,0,3,16,64,63
first1,catboost_fusion,S01,1,0.19226466704625308,0.5144551582155384,0,3,17,65,64
first1,catboost_fusion,S01,0,0.09263931979379655,0.5144551582155384,0,3,18,66,65
first1,catboost_fusion,S01,0,0.3261129789119429,0.5144551582155384,0,3,19,67,66
first1,catboost_fusion,S01,0,0.18260035046195758,0.5144551582155384,0,3,20,68,67
first1,catboost_fusion,S01,0,0.2655410546096515,0.5144551582155384,0,3,21,69,68
first1,catboost_fusion,S01,1,0.20738249862856195,0.5144551582155384,0,3,22,70,69
first1,catboost_fusion,S01,0,0.18675511815209814,0.5144551582155384,0,3,23,71,70
first1,catboost_fusion,S01,0,0.14225381552911417,0.5144551582155384,0,3,24,72,71
first1,catboost_fusion,S01,0,0.2880893369524924,0.5144551582155384,0,4,1,73,72
first1,catboost_fusion,S01,0,0.24050761030675472,0.5144551582155384,0,4,3,75,73
first1,catboost_fusion,S01,0,0.25993133166374927,0.5144551582155384,0,4,4,76,74
first1,catboost_fusion,S01,0,0.2305422049450621,0.5144551582155384,0,4,5,77,75
first1,catboost_fusion,S01,0,0.2959365107434297,0.5144551582155384,0,4,6,78,76
first1,catboost_fusion,S01,0,0.2272052375770704,0.5144551582155384,0,4,7,79,77
first1,catboost_fusion,S01,0,0.29465406840659175,0.5144551582155384,0,4,8,80,78
first1,catboost_fusion,S01,0,0.33102340448053025,0.5144551582155384,0,4,9,81,79
first1,catboost_fusion,S01,0,0.13680187011627637,0.5144551582155384,0,4,10,82,80
first1,catboost_fusion,S01,0,0.20777489385867792,0.5144551582155384,0,4,12,84,81
first1,catboost_fusion,S01,0,0.19407351571833495,0.5144551582155384,0,4,13,85,82
first1,catboost_fusion,S01,0,0.17570147391143517,0.5144551582155384,0,4,14,86,83
first1,catboost_fusion,S01,0,0.1724680302993903,0.5144551582155384,0,4,15,87,84
first1,catboost_fusion,S01,0,0.6831413999005813,0.5144551582155384,1,4,16,88,85
first1,catboost_fusion,S01,0,0.4018641360289681,0.5144551582155384,0,4,17,89,86
first1,catboost_fusion,S01,0,0.18034502597421742,0.5144551582155384,0,4,19,91,87
first1,catboost_fusion,S01,0,0.241268571774863,0.5144551582155384,0,4,20,92,88
first1,catboost_fusion,S01,0,0.335339494000083,0.5144551582155384,0,4,22,94,89
first1,catboost_fusion,S01,0,0.19626157646253903,0.5144551582155384,0,4,23,95,90
first1,catboost_fusion,S01,0,0.09071215175439842,0.5144551582155384,0,4,24,96,91
first1,catboost_fusion,S01,0,0.15273913570151934,0.5144551582155384,0,5,3,99,92
first1,catboost_fusion,S01,0,0.4623807103789179,0.5144551582155384,0,5,5,101,93
first1,catboost_fusion,S01,0,0.3267905343493715,0.5144551582155384,0,5,6,102,94
first1,catboost_fusion,S01,0,0.16093619087001368,0.5144551582155384,0,5,7,103,95
first1,catboost_fusion,S01,0,0.2726223485003889,0.5144551582155384,0,5,9,105,96
first1,catboost_fusion,S01,0,0.21796736577741346,0.5144551582155384,0,5,10,106,97
first1,catboost_fusion,S01,0,0.1295605963127958,0.5144551582155384,0,5,11,107,98
first1,catboost_fusion,S01,0,0.2769373606619524,0.5144551582155384,0,5,14,110,99
first1,catboost_fusion,S01,0,0.2860917585235534,0.5144551582155384,0,5,15,111,100
first1,catboost_fusion,S01,0,0.3715203688796727,0.5144551582155384,0,5,16,112,101
first1,catboost_fusion,S01,0,0.24958562938486,0.5144551582155384,0,5,17,113,102
first1,catboost_fusion,S01,1,0.19579614524158465,0.5144551582155384,0,5,18,114,103
first1,catboost_fusion,S01,0,0.3028390149424753,0.5144551582155384,0,5,19,115,104
first1,catboost_fusion,S01,0,0.3955850091007315,0.5144551582155384,0,5,20,116,105
first1,catboost_fusion,S01,0,0.22214060057828336,0.5144551582155384,0,5,21,117,106
first1,catboost_fusion,S01,0,0.18347247738803593,0.5144551582155384,0,5,22,118,107
first1,catboost_fusion,S01,0,0.142810265673602,0.5144551582155384,0,5,24,120,108
first1,catboost_fusion,S01,0,0.18423601318896607,0.5144551582155384,0,6,1,121,109
first1,catboost_fusion,S01,0,0.23551045316857153,0.5144551582155384,0,6,3,123,110
first1,catboost_fusion,S01,0,0.27050578526777846,0.5144551582155384,0,6,5,125,111
first1,catboost_fusion,S01,0,0.4453275460973205,0.5144551582155384,0,6,6,126,112
first1,catboost_fusion,S01,0,0.31550414232310026,0.5144551582155384,0,6,7,127,113
first1,catboost_fusion,S01,0,0.25528135866875534,0.5144551582155384,0,6,8,128,114
first1,catboost_fusion,S01,0,0.34669074711906656,0.5144551582155384,0,6,9,129,115
first1,catboost_fusion,S01,0,0.3002145021139183,0.5144551582155384,0,6,10,130,116
first1,catboost_fusion,S01,0,0.26600990473681446,0.5144551582155384,0,6,12,132,117
first1,catboost_fusion,S01,0,0.1073485600671299,0.5144551582155384,0,6,13,133,118
first1,catboost_fusion,S01,0,0.36630982432677717,0.5144551582155384,0,6,15,135,119
first1,catboost_fusion,S01,0,0.4535681820118817,0.5144551582155384,0,6,16,136,120
first1,catboost_fusion,S01,0,0.1283886038147796,0.5144551582155384,0,6,17,137,121
first1,catboost_fusion,S01,0,0.19320963643259476,0.5144551582155384,0,6,18,138,122
first1,catboost_fusion,S01,0,0.47586273695225245,0.5144551582155384,0,6,19,139,123
first1,catboost_fusion,S01,0,0.17576238852602372,0.5144551582155384,0,6,20,140,124
first1,catboost_fusion,S01,0,0.1176779352449133,0.5144551582155384,0,6,21,141,125
first1,catboost_fusion,S01,1,0.34352742527513036,0.5144551582155384,0,6,22,142,126
first1,catboost_fusion,S01,0,0.2533765205889545,0.5144551582155384,0,6,23,143,127
first1,catboost_fusion,S01,0,0.19065283831524532,0.5144551582155384,0,6,24,144,128
first1,catboost_fusion,S02,0,0.29570888006415935,0.544478571133638,0,1,1,1,129
first1,catboost_fusion,S02,0,0.47405500265723877,0.544478571133638,0,1,2,2,130
first1,catboost_fusion,S02,0,0.32995945058509984,0.544478571133638,0,1,3,3,131
first1,catboost_fusion,S02,0,0.6343524218102021,0.544478571133638,1,1,4,4,132
first1,catboost_fusion,S02,0,0.3099386764233498,0.544478571133638,0,1,5,5,133
first1,catboost_fusion,S02,1,0.2582647576329892,0.544478571133638,0,1,6,6,134
first1,catboost_fusion,S02,0,0.4873507937790447,0.544478571133638,0,1,7,7,135
first1,catboost_fusion,S02,0,0.47499200365982647,0.544478571133638,0,1,8,8,136
first1,catboost_fusion,S02,1,0.24337287916112804,0.544478571133638,0,1,9,9,137
first1,catboost_fusion,S02,0,0.32253721623032744,0.544478571133638,0,1,10,10,138
first1,catboost_fusion,S02,0,0.6088029987802239,0.544478571133638,1,1,11,11,139
first1,catboost_fusion,S02,0,0.34425606570911776,0.544478571133638,0,1,12,12,140
first1,catboost_fusion,S02,0,0.6843837852051264,0.544478571133638,1,1,13,13,141
first1,catboost_fusion,S02,0,0.5761498423244685,0.544478571133638,1,1,14,14,142
first1,catboost_fusion,S02,0,0.37850611269532697,0.544478571133638,0,1,15,15,143
first1,catboost_fusion,S02,0,0.37740188849598094,0.544478571133638,0,1,16,16,144
first1,catboost_fusion,S02,0,0.47416951158953446,0.544478571133638,0,1,17,17,145
first1,catboost_fusion,S02,0,0.35950066385339147,0.544478571133638,0,1,18,18,146
first1,catboost_fusion,S02,0,0.5818172921087301,0.544478571133638,1,1,19,19,147
first1,catboost_fusion,S02,0,0.5371045008607143,0.544478571133638,0,1,21,21,148
first1,catboost_fusion,S02,0,0.4558420465944964,0.544478571133638,0,1,22,22,149
first1,catboost_fusion,S02,1,0.5135228830305345,0.544478571133638,0,1,23,23,150
first1,catboost_fusion,S02,0,0.6774545866826915,0.544478571133638,1,1,24,24,151
first1,catboost_fusion,S02,0,0.5798374048516554,0.544478571133638,1,2,1,25,152
first1,catboost_fusion,S02,0,0.20007692062308483,0.544478571133638,0,2,2,26,153
first1,catboost_fusion,S02,0,0.36252636992624676,0.544478571133638,0,2,3,27,154
first1,catboost_fusion,S02,0,0.1888860871434398,0.544478571133638,0,2,5,29,155
first1,catboost_fusion,S02,0,0.17171377929910758,0.544478571133638,0,2,6,30,156
first1,catboost_fusion,S02,0,0.3648948923198453,0.544478571133638,0,2,7,31,157
first1,catboost_fusion,S02,0,0.31790033786107175,0.544478571133638,0,2,8,32,158
first1,catboost_fusion,S02,0,0.4336885612307537,0.544478571133638,0,2,9,33,159
first1,catboost_fusion,S02,1,0.7083305440804792,0.544478571133638,1,2,10,34,160
first1,catboost_fusion,S02,0,0.2141509006374429,0.544478571133638,0,2,11,35,161
first1,catboost_fusion,S02,0,0.3713432052890419,0.544478571133638,0,2,13,37,162
first1,catboost_fusion,S02,0,0.5030643870611651,0.544478571133638,0,2,14,38,163
first1,catboost_fusion,S02,0,0.33599605104170593,0.544478571133638,0,2,15,39,164
first1,catboost_fusion,S02,0,0.5942508785516311,0.544478571133638,1,2,16,40,165
first1,catboost_fusion,S02,0,0.7756697989614343,0.544478571133638,1,2,17,41,166
first1,catboost_fusion,S02,0,0.3635431532734343,0.544478571133638,0,2,18,42,167
first1,catboost_fusion,S02,0,0.32438664736602135,0.544478571133638,0,2,21,45,168
first1,catboost_fusion,S02,0,0.3240568793466006,0.544478571133638,0,2,22,46,169
first1,catboost_fusion,S02,1,0.20785746444911432,0.544478571133638,0,2,23,47,170
first1,catboost_fusion,S02,0,0.35530124786681466,0.544478571133638,0,2,24,48,171
first1,catboost_fusion,S02,0,0.5191567140490426,0.544478571133638,0,3,1,49,172
first1,catboost_fusion,S02,1,0.2577876563079758,0.544478571133638,0,3,2,50,173
first1,catboost_fusion,S02,0,0.35793368596454916,0.544478571133638,0,3,3,51,174
first1,catboost_fusion,S02,0,0.20718196055404853,0.544478571133638,0,3,4,52,175
first1,catboost_fusion,S02,0,0.26298909470428194,0.544478571133638,0,3,5,53,176
first1,catboost_fusion,S02,0,0.4174621023123607,0.544478571133638,0,3,6,54,177
first1,catboost_fusion,S02,0,0.45978949848506323,0.544478571133638,0,3,7,55,178
first1,catboost_fusion,S02,0,0.34474723200758167,0.544478571133638,0,3,8,56,179
first1,catboost_fusion,S02,0,0.35881130108537274,0.544478571133638,0,3,9,57,180
first1,catboost_fusion,S02,0,0.26089328894661895,0.544478571133638,0,3,10,58,181
first1,catboost_fusion,S02,1,0.5931905610488245,0.544478571133638,1,3,11,59,182
first1,catboost_fusion,S02,0,0.3793147495765436,0.544478571133638,0,3,12,60,183
first1,catboost_fusion,S02,0,0.39691025024797055,0.544478571133638,0,3,13,61,184
first1,catboost_fusion,S02,0,0.4928155168744332,0.544478571133638,0,3,14,62,185
first1,catboost_fusion,S02,0,0.4321300160041647,0.544478571133638,0,3,15,63,186
first1,catboost_fusion,S02,0,0.4100305730419696,0.544478571133638,0,3,16,64,187
first1,catboost_fusion,S02,0,0.3300834468704764,0.544478571133638,0,3,17,65,188
first1,catboost_fusion,S02,0,0.400043035006448,0.544478571133638,0,3,19,67,189
first1,catboost_fusion,S02,0,0.49770052189623787,0.544478571133638,0,3,20,68,190
first1,catboost_fusion,S02,0,0.6727405533479746,0.544478571133638,1,3,21,69,191
first1,catboost_fusion,S02,0,0.5342799854425996,0.544478571133638,0,3,23,71,192
first1,catboost_fusion,S02,1,0.33685760116618246,0.544478571133638,0,3,24,72,193
first1,catboost_fusion,S02,0,0.3440646123379893,0.544478571133638,0,4,1,73,194
first1,catboost_fusion,S02,0,0.21747346587849328,0.544478571133638,0,4,2,74,195
first1,catboost_fusion,S02,0,0.17733034308600978,0.544478571133638,0,4,3,75,196
first1,catboost_fusion,S02,0,0.20522226762650755,0.544478571133638,0,4,4,76,197
first1,catboost_fusion,S02,0,0.3199445104169326,0.544478571133638,0,4,5,77,198
first1,catboost_fusion,S02,0,0.44470382759633414,0.544478571133638,0,4,6,78,199
first1,catboost_fusion,S02,0,0.49506198894957865,0.544478571133638,0,4,7,79,200
first1,catboost_fusion,S02,0,0.5067543760074704,0.544478571133638,0,4,10,82,201
first1,catboost_fusion,S02,0,0.20404030732966355,0.544478571133638,0,4,11,83,202
first1,catboost_fusion,S02,0,0.30630184892494805,0.544478571133638,0,4,12,84,203
first1,catboost_fusion,S02,1,0.6461678726880705,0.544478571133638,1,4,13,85,204
first1,catboost_fusion,S02,0,0.5298912989094721,0.544478571133638,0,4,14,86,205
first1,catboost_fusion,S02,0,0.2711049865899637,0.544478571133638,0,4,15,87,206
first1,catboost_fusion,S02,1,0.3965962658658682,0.544478571133638,0,4,16,88,207
first1,catboost_fusion,S02,0,0.40412398270719785,0.544478571133638,0,4,17,89,208
first1,catboost_fusion,S02,0,0.4450755303378069,0.544478571133638,0,4,18,90,209
first1,catboost_fusion,S02,0,0.35899888348075115,0.544478571133638,0,4,19,91,210
first1,catboost_fusion,S02,0,0.3151316886032243,0.544478571133638,0,4,20,92,211
first1,catboost_fusion,S02,0,0.6979066411713765,0.544478571133638,1,4,21,93,212
first1,catboost_fusion,S02,0,0.6503856552156275,0.544478571133638,1,4,22,94,213
first1,catboost_fusion,S02,0,0.13055390573919012,0.544478571133638,0,4,23,95,214
first1,catboost_fusion,S02,0,0.5617763582648048,0.544478571133638,1,4,24,96,215
first1,catboost_fusion,S02,0,0.23333835530669367,0.544478571133638,0,5,1,97,216
first1,catboost_fusion,S02,1,0.31795899028312136,0.544478571133638,0,5,2,98,217
first1,catboost_fusion,S02,0,0.43401795171521496,0.544478571133638,0,5,3,99,218
first1,catboost_fusion,S02,0,0.30519024306540454,0.544478571133638,0,5,4,100,219
first1,catboost_fusion,S02,0,0.24492726768161308,0.544478571133638,0,5,5,101,220
first1,catboost_fusion,S02,1,0.3747874319101874,0.544478571133638,0,5,7,103,221
first1,catboost_fusion,S02,0,0.24843704941786907,0.544478571133638,0,5,8,104,222
first1,catboost_fusion,S02,0,0.27508797911740274,0.544478571133638,0,5,9,105,223
first1,catboost_fusion,S02,0,0.21575155650690012,0.544478571133638,0,5,10,106,224
first1,catboost_fusion,S02,0,0.21623673498388316,0.544478571133638,0,5,11,107,225
first1,catboost_fusion,S02,0,0.41519744185638396,0.544478571133638,0,5,12,108,226
first1,catboost_fusion,S02,0,0.5921977754866458,0.544478571133638,1,5,13,109,227
first1,catboost_fusion,S02,1,0.6064838698891607,0.544478571133638,1,5,15,111,228
first1,catboost_fusion,S02,0,0.4612081658320359,0.544478571133638,0,5,16,112,229
first1,catboost_fusion,S02,0,0.34765009978382183,0.544478571133638,0,5,17,113,230
first1,catboost_fusion,S02,0,0.5170968902545529,0.544478571133638,0,5,18,114,231
first1,catboost_fusion,S02,0,0.45590760641647277,0.544478571133638,0,5,19,115,232
first1,catboost_fusion,S02,0,0.3005819362359713,0.544478571133638,0,5,20,116,233
first1,catboost_fusion,S02,0,0.33352501037971155,0.544478571133638,0,5,21,117,234
first1,catboost_fusion,S02,0,0.18212491435621048,0.544478571133638,0,5,22,118,235
first1,catboost_fusion,S02,0,0.11464581263284206,0.544478571133638,0,6,1,121,236
first1,catboost_fusion,S02,0,0.24871691371067262,0.544478571133638,0,6,4,124,237
first1,catboost_fusion,S02,0,0.379816374260126,0.544478571133638,0,6,5,125,238
first1,catboost_fusion,S02,0,0.4052443276565791,0.544478571133638,0,6,6,126,239
first1,catboost_fusion,S02,0,0.34253485820702234,0.544478571133638,0,6,8,128,240
first1,catboost_fusion,S02,0,0.18532716669533802,0.544478571133638,0,6,9,129,241
first1,catboost_fusion,S02,0,0.22534169562712142,0.544478571133638,0,6,10,130,242
first1,catboost_fusion,S02,0,0.15918336653735118,0.544478571133638,0,6,11,131,243
first1,catboost_fusion,S02,0,0.2940574904140545,0.544478571133638,0,6,12,132,244
first1,catboost_fusion,S02,0,0.6222335179605744,0.544478571133638,1,6,13,133,245
first1,catboost_fusion,S02,0,0.4834204401309919,0.544478571133638,0,6,15,135,246
first1,catboost_fusion,S02,1,0.32200609498481814,0.544478571133638,0,6,16,136,247
first1,catboost_fusion,S02,0,0.37014310076458884,0.544478571133638,0,6,17,137,248
first1,catboost_fusion,S02,0,0.2634912008934234,0.544478571133638,0,6,18,138,249
first1,catboost_fusion,S02,0,0.28318623876683763,0.544478571133638,0,6,19,139,250
first1,catboost_fusion,S02,0,0.5865576778581408,0.544478571133638,1,6,20,140,251
first1,catboost_fusion,S02,1,0.3663520046155994,0.544478571133638,0,6,21,141,252
first1,catboost_fusion,S02,0,0.5488543808427009,0.544478571133638,1,6,22,142,253
first1,catboost_fusion,S02,0,0.21982284871531033,0.544478571133638,0,6,23,143,254
first1,catboost_fusion,S02,0,0.3444893923875148,0.544478571133638,0,6,24,144,255
first1,catboost_fusion,S03,0,0.7042055752033703,0.45531348179005343,1,1,1,1,256
first1,catboost_fusion,S03,0,0.41450910382588585,0.45531348179005343,0,1,2,2,257
first1,catboost_fusion,S03,0,0.501723239278796,0.45531348179005343,1,1,3,3,258
first1,catboost_fusion,S03,0,0.14476533125487456,0.45531348179005343,0,1,4,4,259
first1,catboost_fusion,S03,0,0.17901918733250344,0.45531348179005343,0,1,5,5,260
first1,catboost_fusion,S03,0,0.2167359784191404,0.45531348179005343,0,1,6,6,261
first1,catboost_fusion,S03,0,0.28823778564233743,0.45531348179005343,0,1,7,7,262
first1,catboost_fusion,S03,1,0.6004292431450613,0.45531348179005343,1,1,8,8,263
first1,catboost_fusion,S03,0,0.14995122490551754,0.45531348179005343,0,1,9,9,264
first1,catboost_fusion,S03,0,0.3219393640311261,0.45531348179005343,0,1,10,10,265
first1,catboost_fusion,S03,0,0.28983767238809754,0.45531348179005343,0,1,11,11,266
first1,catboost_fusion,S03,0,0.3840857136779899,0.45531348179005343,0,1,12,12,267
first1,catboost_fusion,S03,0,0.5080940894711347,0.45531348179005343,1,1,13,13,268
first1,catboost_fusion,S03,0,0.3474871439064818,0.45531348179005343,0,1,14,14,269
first1,catboost_fusion,S03,0,0.35143313353125466,0.45531348179005343,0,1,15,15,270
first1,catboost_fusion,S03,1,0.6245471631536913,0.45531348179005343,1,1,16,16,271
first1,catboost_fusion,S03,0,0.23566977660954083,0.45531348179005343,0,1,17,17,272
first1,catboost_fusion,S03,0,0.3542042954411773,0.45531348179005343,0,1,18,18,273
first1,catboost_fusion,S03,0,0.22155698038298463,0.45531348179005343,0,1,19,19,274
first1,catboost_fusion,S03,0,0.27733024857797745,0.45531348179005343,0,1,20,20,275
first1,catboost_fusion,S03,0,0.30736770490462073,0.45531348179005343,0,1,21,21,276
first1,catboost_fusion,S03,0,0.32628032029823456,0.45531348179005343,0,1,22,22,277
first1,catboost_fusion,S03,1,0.4253174926503293,0.45531348179005343,0,1,23,23,278
first1,catboost_fusion,S03,0,0.449660969400593,0.45531348179005343,0,1,24,24,279
first1,catboost_fusion,S03,0,0.7099578428861684,0.45531348179005343,1,2,1,25,280
first1,catboost_fusion,S03,0,0.6433437356564287,0.45531348179005343,1,2,2,26,281
first1,catboost_fusion,S03,1,0.37514896661883285,0.45531348179005343,0,2,3,27,282
first1,catboost_fusion,S03,0,0.3346982774766763,0.45531348179005343,0,2,4,28,283
first1,catboost_fusion,S03,0,0.27679132303575704,0.45531348179005343,0,2,5,29,284
first1,catboost_fusion,S03,0,0.46648579624688136,0.45531348179005343,1,2,6,30,285
first1,catboost_fusion,S03,0,0.298995214842649,0.45531348179005343,0,2,7,31,286
first1,catboost_fusion,S03,0,0.4464145180069266,0.45531348179005343,0,2,8,32,287
first1,catboost_fusion,S03,0,0.30545079523487234,0.45531348179005343,0,2,9,33,288
first1,catboost_fusion,S03,1,0.5008146978115187,0.45531348179005343,1,2,10,34,289
first1,catboost_fusion,S03,0,0.5280541990732073,0.45531348179005343,1,2,11,35,290
first1,catboost_fusion,S03,1,0.6333664782998134,0.45531348179005343,1,2,12,36,291
first1,catboost_fusion,S03,0,0.5034620331327753,0.45531348179005343,1,2,13,37,292
first1,catboost_fusion,S03,0,0.36149211595411535,0.45531348179005343,0,2,14,38,293
first1,catboost_fusion,S03,0,0.3223679795877863,0.45531348179005343,0,2,15,39,294
first1,catboost_fusion,S03,0,0.3242495953103764,0.45531348179005343,0,2,16,40,295
first1,catboost_fusion,S03,0,0.4048089741784973,0.45531348179005343,0,2,17,41,296
first1,catboost_fusion,S03,0,0.2463447915667932,0.45531348179005343,0,2,18,42,297
first1,catboost_fusion,S03,0,0.23210807921629656,0.45531348179005343,0,2,19,43,298
first1,catboost_fusion,S03,0,0.6378976380647361,0.45531348179005343,1,2,20,44,299
first1,catboost_fusion,S03,0,0.2510742439091597,0.45531348179005343,0,2,21,45,300
first1,catboost_fusion,S03,0,0.3272716762247848,0.45531348179005343,0,2,22,46,301
first1,catboost_fusion,S03,0,0.3986972816998397,0.45531348179005343,0,2,23,47,302
first1,catboost_fusion,S03,0,0.2119671109309139,0.45531348179005343,0,2,24,48,303
first1,catboost_fusion,S03,0,0.3726508383455351,0.45531348179005343,0,3,1,49,304
first1,catboost_fusion,S03,0,0.450626320934804,0.45531348179005343,0,3,2,50,305
first1,catboost_fusion,S03,1,0.7623149334323718,0.45531348179005343,1,3,3,51,306
first1,catboost_fusion,S03,1,0.4309761748755096,0.45531348179005343,0,3,4,52,307
first1,catboost_fusion,S03,0,0.30969630004828147,0.45531348179005343,0,3,5,53,308
first1,catboost_fusion,S03,0,0.5251000444393444,0.45531348179005343,1,3,6,54,309
first1,catboost_fusion,S03,0,0.4015605777862946,0.45531348179005343,0,3,7,55,310
first1,catboost_fusion,S03,0,0.4551713795339007,0.45531348179005343,0,3,8,56,311
first1,catboost_fusion,S03,0,0.3607839294257466,0.45531348179005343,0,3,9,57,312
first1,catboost_fusion,S03,0,0.23504409521383007,0.45531348179005343,0,3,10,58,313
first1,catboost_fusion,S03,1,0.4994894700581202,0.45531348179005343,1,3,11,59,314
first1,catboost_fusion,S03,0,0.6065182509653598,0.45531348179005343,1,3,12,60,315
first1,catboost_fusion,S03,0,0.39432550454342163,0.45531348179005343,0,3,13,61,316
first1,catboost_fusion,S03,0,0.5225352975449858,0.45531348179005343,1,3,14,62,317
first1,catboost_fusion,S03,0,0.4444429025903348,0.45531348179005343,0,3,15,63,318
first1,catboost_fusion,S03,0,0.5950701970085148,0.45531348179005343,1,3,16,64,319
first1,catboost_fusion,S03,0,0.31914714933638844,0.45531348179005343,0,3,17,65,320
first1,catboost_fusion,S03,0,0.328088785041205,0.45531348179005343,0,3,18,66,321
first1,catboost_fusion,S03,0,0.4418221754432856,0.45531348179005343,0,3,19,67,322
first1,catboost_fusion,S03,0,0.4256349073136499,0.45531348179005343,0,3,20,68,323
first1,catboost_fusion,S03,0,0.38720648972713717,0.45531348179005343,0,3,21,69,324
first1,catboost_fusion,S03,0,0.38899879603954673,0.45531348179005343,0,3,22,70,325
first1,catboost_fusion,S03,0,0.455658679749948,0.45531348179005343,1,3,23,71,326
first1,catboost_fusion,S03,1,0.36895716554529134,0.45531348179005343,0,3,24,72,327
first1,catboost_fusion,S03,0,0.21157050231541547,0.45531348179005343,0,4,1,73,328
first1,catboost_fusion,S03,0,0.17981285788993337,0.45531348179005343,0,4,2,74,329
first1,catboost_fusion,S03,0,0.4840891345082371,0.45531348179005343,1,4,3,75,330
first1,catboost_fusion,S03,0,0.366691917069366,0.45531348179005343,0,4,4,76,331
first1,catboost_fusion,S03,0,0.12618933417205988,0.45531348179005343,0,4,5,77,332
first1,catboost_fusion,S03,0,0.20378849316050754,0.45531348179005343,0,4,6,78,333
first1,catboost_fusion,S03,0,0.22903799867611332,0.45531348179005343,0,4,7,79,334
first1,catboost_fusion,S03,0,0.1749744399598787,0.45531348179005343,0,4,8,80,335
first1,catboost_fusion,S03,0,0.3931972716673695,0.45531348179005343,0,4,9,81,336
first1,catboost_fusion,S03,0,0.27053737137709166,0.45531348179005343,0,4,10,82,337
first1,catboost_fusion,S03,0,0.32621241629395126,0.45531348179005343,0,4,11,83,338
first1,catboost_fusion,S03,0,0.24923081505535086,0.45531348179005343,0,4,12,84,339
first1,catboost_fusion,S03,0,0.5499709548751102,0.45531348179005343,1,4,14,86,340
first1,catboost_fusion,S03,1,0.4460759932273014,0.45531348179005343,0,4,15,87,341
first1,catboost_fusion,S03,0,0.2668467401965493,0.45531348179005343,0,4,16,88,342
first1,catboost_fusion,S03,1,0.4380264652758741,0.45531348179005343,0,4,17,89,343
first1,catboost_fusion,S03,0,0.31211844378988424,0.45531348179005343,0,4,18,90,344
first1,catboost_fusion,S03,0,0.26257540992781764,0.45531348179005343,0,4,19,91,345
first1,catboost_fusion,S03,0,0.3482041028010039,0.45531348179005343,0,4,20,92,346
first1,catboost_fusion,S03,0,0.2777119738145844,0.45531348179005343,0,4,21,93,347
first1,catboost_fusion,S03,0,0.3910897914927063,0.45531348179005343,0,4,22,94,348
first1,catboost_fusion,S03,0,0.423329343098582,0.45531348179005343,0,4,23,95,349
first1,catboost_fusion,S03,0,0.2518530848800829,0.45531348179005343,0,4,24,96,350
first1,catboost_fusion,S03,0,0.6773630398170828,0.45531348179005343,1,5,1,97,351
first1,catboost_fusion,S03,0,0.09415006607760366,0.45531348179005343,0,5,2,98,352
first1,catboost_fusion,S03,0,0.6735191729132877,0.45531348179005343,1,5,3,99,353
first1,catboost_fusion,S03,0,0.29886533755380745,0.45531348179005343,0,5,4,100,354
first1,catboost_fusion,S03,0,0.33484290204193057,0.45531348179005343,0,5,5,101,355
first1,catboost_fusion,S03,0,0.3176638500379814,0.45531348179005343,0,5,6,102,356
first1,catboost_fusion,S03,1,0.48372080180101146,0.45531348179005343,1,5,7,103,357
first1,catboost_fusion,S03,0,0.26793846819630646,0.45531348179005343,0,5,8,104,358
first1,catboost_fusion,S03,0,0.23172996628522663,0.45531348179005343,0,5,9,105,359
first1,catboost_fusion,S03,0,0.49331056789082606,0.45531348179005343,1,5,10,106,360
first1,catboost_fusion,S03,0,0.25975295649201646,0.45531348179005343,0,5,11,107,361
first1,catboost_fusion,S03,0,0.17801513272436462,0.45531348179005343,0,5,12,108,362
first1,catboost_fusion,S03,0,0.22013967810721632,0.45531348179005343,0,5,13,109,363
first1,catboost_fusion,S03,0,0.17591819373946124,0.45531348179005343,0,5,14,110,364
first1,catboost_fusion,S03,1,0.12413513215952462,0.45531348179005343,0,5,15,111,365
first1,catboost_fusion,S03,0,0.30510635438222633,0.45531348179005343,0,5,16,112,366
first1,catboost_fusion,S03,0,0.34504248361109463,0.45531348179005343,0,5,17,113,367
first1,catboost_fusion,S03,0,0.4484609223744302,0.45531348179005343,0,5,18,114,368
first1,catboost_fusion,S03,0,0.3287864822518654,0.45531348179005343,0,5,19,115,369
first1,catboost_fusion,S03,0,0.23259741376288975,0.45531348179005343,0,5,20,116,370
first1,catboost_fusion,S03,0,0.24069272493209487,0.45531348179005343,0,5,21,117,371
first1,catboost_fusion,S03,0,0.35139239578272385,0.45531348179005343,0,5,22,118,372
first1,catboost_fusion,S03,0,0.35583121705735243,0.45531348179005343,0,5,23,119,373
first1,catboost_fusion,S03,0,0.35262221146806694,0.45531348179005343,0,5,24,120,374
first1,catboost_fusion,S03,0,0.34846134585681143,0.45531348179005343,0,6,1,121,375
first1,catboost_fusion,S03,0,0.23768558940446313,0.45531348179005343,0,6,2,122,376
first1,catboost_fusion,S03,0,0.5651491405326937,0.45531348179005343,1,6,3,123,377
first1,catboost_fusion,S03,0,0.36526705582577407,0.45531348179005343,0,6,4,124,378
first1,catboost_fusion,S03,0,0.41091245901856105,0.45531348179005343,0,6,5,125,379
first1,catboost_fusion,S03,0,0.3723534723261141,0.45531348179005343,0,6,6,126,380
first1,catboost_fusion,S03,0,0.3555411283326243,0.45531348179005343,0,6,7,127,381
first1,catboost_fusion,S03,0,0.307424162454769,0.45531348179005343,0,6,8,128,382
first1,catboost_fusion,S03,0,0.4690006738303592,0.45531348179005343,1,6,9,129,383
first1,catboost_fusion,S03,0,0.22499045259266534,0.45531348179005343,0,6,10,130,384
first1,catboost_fusion,S03,0,0.37531481703370595,0.45531348179005343,0,6,11,131,385
first1,catboost_fusion,S03,0,0.28226759318941036,0.45531348179005343,0,6,12,132,386
first1,catboost_fusion,S03,1,0.22793697391505083,0.45531348179005343,0,6,13,133,387
first1,catboost_fusion,S03,0,0.2204292132241516,0.45531348179005343,0,6,14,134,388
first1,catboost_fusion,S03,0,0.24424461407607476,0.45531348179005343,0,6,15,135,389
first1,catboost_fusion,S03,0,0.442927493498084,0.45531348179005343,0,6,16,136,390
first1,catboost_fusion,S03,0,0.34800660884148066,0.45531348179005343,0,6,17,137,391
first1,catboost_fusion,S03,0,0.2963179183658378,0.45531348179005343,0,6,18,138,392
first1,catboost_fusion,S03,0,0.11925456587612458,0.45531348179005343,0,6,19,139,393
first1,catboost_fusion,S03,0,0.4676688463703886,0.45531348179005343,1,6,20,140,394
first1,catboost_fusion,S03,0,0.5117910542744327,0.45531348179005343,1,6,21,141,395
first1,catboost_fusion,S03,0,0.2142760832634335,0.45531348179005343,0,6,22,142,396
first1,catboost_fusion,S03,0,0.29059619806378206,0.45531348179005343,0,6,23,143,397
first1,catboost_fusion,S03,0,0.19966171533485727,0.45531348179005343,0,6,24,144,398
first1,catboost_fusion,S05,0,0.7862295426306941,0.5577793866705425,1,1,1,1,399
first1,catboost_fusion,S05,0,0.12512563637062912,0.5577793866705425,0,1,2,2,400
first1,catboost_fusion,S05,0,0.271234610292332,0.5577793866705425,0,1,3,3,401
first1,catboost_fusion,S05,0,0.4253946109539124,0.5577793866705425,0,1,4,4,402
first1,catboost_fusion,S05,0,0.42335130975339136,0.5577793866705425,0,1,5,5,403
first1,catboost_fusion,S05,0,0.3558393107680201,0.5577793866705425,0,1,6,6,404
first1,catboost_fusion,S05,0,0.3908322536898892,0.5577793866705425,0,1,7,7,405
first1,catboost_fusion,S05,0,0.3526079375504109,0.5577793866705425,0,1,8,8,406
first1,catboost_fusion,S05,0,0.39185707199601666,0.5577793866705425,0,1,9,9,407
first1,catboost_fusion,S05,0,0.43419323404299026,0.5577793866705425,0,1,10,10,408
first1,catboost_fusion,S05,0,0.2911258314831637,0.5577793866705425,0,1,11,11,409
first1,catboost_fusion,S05,0,0.22191105070821412,0.5577793866705425,0,1,12,12,410
first1,catboost_fusion,S05,0,0.2748654133956682,0.5577793866705425,0,1,13,13,411
first1,catboost_fusion,S05,1,0.7159314456668182,0.5577793866705425,1,1,14,14,412
first1,catboost_fusion,S05,0,0.2911457649178814,0.5577793866705425,0,1,15,15,413
first1,catboost_fusion,S05,0,0.42912953797438985,0.5577793866705425,0,1,16,16,414
first1,catboost_fusion,S05,0,0.4485964909034747,0.5577793866705425,0,1,17,17,415
first1,catboost_fusion,S05,0,0.7176643076401298,0.5577793866705425,1,1,18,18,416
first1,catboost_fusion,S05,0,0.16270748538700794,0.5577793866705425,0,1,19,19,417
first1,catboost_fusion,S05,0,0.3624123914069644,0.5577793866705425,0,1,20,20,418
first1,catboost_fusion,S05,0,0.27808093265510525,0.5577793866705425,0,1,21,21,419
first1,catboost_fusion,S05,0,0.21037075675450767,0.5577793866705425,0,1,22,22,420
first1,catboost_fusion,S05,0,0.24718977422317046,0.5577793866705425,0,1,23,23,421
first1,catboost_fusion,S05,1,0.5580225362750073,0.5577793866705425,1,1,24,24,422
first1,catboost_fusion,S05,0,0.7392559358581761,0.5577793866705425,1,2,1,25,423
first1,catboost_fusion,S05,0,0.34470649399991066,0.5577793866705425,0,2,2,26,424
first1,catboost_fusion,S05,0,0.4315074698423417,0.5577793866705425,0,2,3,27,425
first1,catboost_fusion,S05,0,0.3078088995633162,0.5577793866705425,0,2,4,28,426
first1,catboost_fusion,S05,0,0.2278771367006008,0.5577793866705425,0,2,5,29,427
first1,catboost_fusion,S05,0,0.7141222260223389,0.5577793866705425,1,2,6,30,428
first1,catboost_fusion,S05,0,0.38634362079731704,0.5577793866705425,0,2,7,31,429
first1,catboost_fusion,S05,0,0.29359700831481766,0.5577793866705425,0,2,8,32,430
first1,catboost_fusion,S05,0,0.3955899015394475,0.5577793866705425,0,2,9,33,431
first1,catboost_fusion,S05,0,0.3712875682735375,0.5577793866705425,0,2,10,34,432
first1,catboost_fusion,S05,0,0.40493170983209104,0.5577793866705425,0,2,11,35,433
first1,catboost_fusion,S05,0,0.27234275466443175,0.5577793866705425,0,2,12,36,434
first1,catboost_fusion,S05,0,0.2765770499881477,0.5577793866705425,0,2,13,37,435
first1,catboost_fusion,S05,0,0.27188218950485327,0.5577793866705425,0,2,14,38,436
first1,catboost_fusion,S05,0,0.1623378333400462,0.5577793866705425,0,2,15,39,437
first1,catboost_fusion,S05,0,0.2624905118197151,0.5577793866705425,0,2,16,40,438
first1,catboost_fusion,S05,0,0.19286963535731383,0.5577793866705425,0,2,17,41,439
first1,catboost_fusion,S05,0,0.3815716454195101,0.5577793866705425,0,2,18,42,440
first1,catboost_fusion,S05,0,0.17815086143396824,0.5577793866705425,0,2,19,43,441
first1,catboost_fusion,S05,0,0.2321866370068376,0.5577793866705425,0,2,20,44,442
first1,catboost_fusion,S05,0,0.24974638260866522,0.5577793866705425,0,2,22,46,443
first1,catboost_fusion,S05,0,0.28058772859296494,0.5577793866705425,0,2,23,47,444
first1,catboost_fusion,S05,0,0.2669640461988266,0.5577793866705425,0,2,24,48,445
first1,catboost_fusion,S05,0,0.18124966602783507,0.5577793866705425,0,3,1,49,446
first1,catboost_fusion,S05,1,0.5071273923632155,0.5577793866705425,0,3,2,50,447
first1,catboost_fusion,S05,0,0.232352413448345,0.5577793866705425,0,3,3,51,448
first1,catboost_fusion,S05,0,0.21228592871848417,0.5577793866705425,0,3,4,52,449
first1,catboost_fusion,S05,0,0.2930014437833492,0.5577793866705425,0,3,5,53,450
first1,catboost_fusion,S05,0,0.30334540792717507,0.5577793866705425,0,3,6,54,451
first1,catboost_fusion,S05,0,0.28488354186955817,0.5577793866705425,0,3,7,55,452
first1,catboost_fusion,S05,1,0.5337343554252912,0.5577793866705425,0,3,8,56,453
first1,catboost_fusion,S05,0,0.2758143735477866,0.5577793866705425,0,3,9,57,454
first1,catboost_fusion,S05,0,0.24147896210103814,0.5577793866705425,0,3,10,58,455
first1,catboost_fusion,S05,0,0.28001292320231796,0.5577793866705425,0,3,11,59,456
first1,catboost_fusion,S05,0,0.42439747092810576,0.5577793866705425,0,3,12,60,457
first1,catboost_fusion,S05,0,0.2147561300684788,0.5577793866705425,0,3,13,61,458
first1,catboost_fusion,S05,0,0.1290307653557805,0.5577793866705425,0,3,14,62,459
first1,catboost_fusion,S05,0,0.2814740727903465,0.5577793866705425,0,3,15,63,460
first1,catboost_fusion,S05,0,0.4915298641856048,0.5577793866705425,0,3,16,64,461
first1,catboost_fusion,S05,0,0.187497967222777,0.5577793866705425,0,3,18,66,462
first1,catboost_fusion,S05,0,0.33455558530963897,0.5577793866705425,0,3,19,67,463
first1,catboost_fusion,S05,1,0.1997449412039056,0.5577793866705425,0,3,20,68,464
first1,catboost_fusion,S05,0,0.20936650217908342,0.5577793866705425,0,3,21,69,465
first1,catboost_fusion,S05,0,0.36532432740207366,0.5577793866705425,0,3,22,70,466
first1,catboost_fusion,S05,0,0.13959941752780708,0.5577793866705425,0,3,23,71,467
first1,catboost_fusion,S05,0,0.2342564410212476,0.5577793866705425,0,3,24,72,468
first1,catboost_fusion,S05,0,0.44404854469652355,0.5577793866705425,0,4,1,73,469
first1,catboost_fusion,S05,0,0.2451151935452742,0.5577793866705425,0,4,2,74,470
first1,catboost_fusion,S05,0,0.3273864418642547,0.5577793866705425,0,4,3,75,471
first1,catboost_fusion,S05,0,0.34334620228096846,0.5577793866705425,0,4,4,76,472
first1,catboost_fusion,S05,0,0.3847070493546,0.5577793866705425,0,4,6,78,473
first1,catboost_fusion,S05,0,0.22207217325647055,0.5577793866705425,0,4,7,79,474
first1,catboost_fusion,S05,0,0.25952900533340545,0.5577793866705425,0,4,9,81,475
first1,catboost_fusion,S05,0,0.15696923472690796,0.5577793866705425,0,4,10,82,476
first1,catboost_fusion,S05,0,0.36948655323320273,0.5577793866705425,0,4,11,83,477
first1,catboost_fusion,S05,0,0.20730398131687885,0.5577793866705425,0,4,12,84,478
first1,catboost_fusion,S05,0,0.27104533291739835,0.5577793866705425,0,4,13,85,479
first1,catboost_fusion,S05,0,0.3017664070777407,0.5577793866705425,0,4,14,86,480
first1,catboost_fusion,S05,0,0.35094367921185415,0.5577793866705425,0,4,15,87,481
first1,catboost_fusion,S05,0,0.3834482144865403,0.5577793866705425,0,4,16,88,482
first1,catboost_fusion,S05,0,0.2034159749853654,0.5577793866705425,0,4,17,89,483
first1,catboost_fusion,S05,0,0.14845010128006825,0.5577793866705425,0,4,18,90,484
first1,catboost_fusion,S05,0,0.26451098965558106,0.5577793866705425,0,4,19,91,485
first1,catboost_fusion,S05,0,0.2225006964245513,0.5577793866705425,0,4,21,93,486
first1,catboost_fusion,S05,0,0.2791197877230819,0.5577793866705425,0,4,22,94,487
first1,catboost_fusion,S05,0,0.25633975076963667,0.5577793866705425,0,4,23,95,488
first1,catboost_fusion,S05,0,0.27470302877309993,0.5577793866705425,0,5,1,97,489
first1,catboost_fusion,S05,0,0.33952656127454206,0.5577793866705425,0,5,2,98,490
first1,catboost_fusion,S05,1,0.2425571456025625,0.5577793866705425,0,5,3,99,491
first1,catboost_fusion,S05,0,0.2465287366094398,0.5577793866705425,0,5,4,100,492
first1,catboost_fusion,S05,0,0.46292251944737367,0.5577793866705425,0,5,6,102,493
first1,catboost_fusion,S05,0,0.31759517439562246,0.5577793866705425,0,5,7,103,494
first1,catboost_fusion,S05,0,0.37170575724395905,0.5577793866705425,0,5,8,104,495
first1,catboost_fusion,S05,0,0.23675362573982006,0.5577793866705425,0,5,9,105,496
first1,catboost_fusion,S05,0,0.31033444502160173,0.5577793866705425,0,5,10,106,497
first1,catboost_fusion,S05,0,0.3164695825033564,0.5577793866705425,0,5,11,107,498
first1,catboost_fusion,S05,0,0.21870591001381193,0.5577793866705425,0,5,12,108,499
first1,catboost_fusion,S05,0,0.5177297077919183,0.5577793866705425,0,5,13,109,500
first1,catboost_fusion,S05,0,0.3995101607743842,0.5577793866705425,0,5,14,110,501
first1,catboost_fusion,S05,0,0.2283042301395457,0.5577793866705425,0,5,15,111,502
first1,catboost_fusion,S05,0,0.23904353402528516,0.5577793866705425,0,5,19,115,503
first1,catboost_fusion,S05,0,0.1875209500669314,0.5577793866705425,0,5,20,116,504
first1,catboost_fusion,S05,0,0.14242007830046316,0.5577793866705425,0,5,21,117,505
first1,catboost_fusion,S05,0,0.23091196637990327,0.5577793866705425,0,5,22,118,506
first1,catboost_fusion,S05,0,0.2724818640817544,0.5577793866705425,0,5,23,119,507
first1,catboost_fusion,S05,0,0.12136563298817184,0.5577793866705425,0,5,24,120,508
first1,catboost_fusion,S05,0,0.34512877409726683,0.5577793866705425,0,6,1,121,509
first1,catboost_fusion,S05,0,0.34647481631074495,0.5577793866705425,0,6,3,123,510
first1,catboost_fusion,S05,0,0.4474358335180571,0.5577793866705425,0,6,4,124,511
first1,catboost_fusion,S05,0,0.2701602088101453,0.5577793866705425,0,6,5,125,512
first1,catboost_fusion,S05,0,0.21707272925046753,0.5577793866705425,0,6,6,126,513
first1,catboost_fusion,S05,0,0.53507721544396,0.5577793866705425,0,6,7,127,514
first1,catboost_fusion,S05,0,0.3466000675437882,0.5577793866705425,0,6,8,128,515
first1,catboost_fusion,S05,0,0.5071114762744875,0.5577793866705425,0,6,9,129,516
first1,catboost_fusion,S05,1,0.2727250501455427,0.5577793866705425,0,6,10,130,517
first1,catboost_fusion,S05,0,0.6333141328602001,0.5577793866705425,1,6,11,131,518
first1,catboost_fusion,S05,0,0.22822945162636665,0.5577793866705425,0,6,12,132,519
first1,catboost_fusion,S05,0,0.2737333839145693,0.5577793866705425,0,6,13,133,520
first1,catboost_fusion,S05,0,0.23519953525606097,0.5577793866705425,0,6,14,134,521
first1,catboost_fusion,S05,0,0.1975635688690114,0.5577793866705425,0,6,15,135,522
first1,catboost_fusion,S05,0,0.2518279581301185,0.5577793866705425,0,6,17,137,523
first1,catboost_fusion,S05,0,0.19888769715522273,0.5577793866705425,0,6,18,138,524
first1,catboost_fusion,S05,0,0.36134766540273805,0.5577793866705425,0,6,19,139,525
first1,catboost_fusion,S05,0,0.3297685037036543,0.5577793866705425,0,6,20,140,526
first1,catboost_fusion,S05,0,0.1690588392836995,0.5577793866705425,0,6,21,141,527
first1,catboost_fusion,S05,0,0.661524990540673,0.5577793866705425,1,6,22,142,528
first1,catboost_fusion,S05,1,0.46241687357057376,0.5577793866705425,0,6,23,143,529
first1,catboost_fusion,S05,0,0.3087995011249544,0.5577793866705425,0,6,24,144,530
first1,catboost_fusion,S06,0,0.1295037143288331,0.5382629216205396,0,1,1,1,531
first1,catboost_fusion,S06,0,0.24777544521273376,0.5382629216205396,0,1,2,2,532
first1,catboost_fusion,S06,0,0.2017623378671154,0.5382629216205396,0,1,3,3,533
first1,catboost_fusion,S06,1,0.31471245312547586,0.5382629216205396,0,1,4,4,534
first1,catboost_fusion,S06,0,0.20024505749268595,0.5382629216205396,0,1,5,5,535
first1,catboost_fusion,S06,0,0.6419722730228408,0.5382629216205396,1,1,6,6,536
first1,catboost_fusion,S06,0,0.6284980871573125,0.5382629216205396,1,1,7,7,537
first1,catboost_fusion,S06,0,0.31628628108356627,0.5382629216205396,0,1,8,8,538
first1,catboost_fusion,S06,1,0.30810949695852174,0.5382629216205396,0,1,9,9,539
first1,catboost_fusion,S06,0,0.28984654390625936,0.5382629216205396,0,1,10,10,540
first1,catboost_fusion,S06,0,0.6914936848777178,0.5382629216205396,1,1,11,11,541
first1,catboost_fusion,S06,0,0.3394718628150174,0.5382629216205396,0,1,12,12,542
first1,catboost_fusion,S06,0,0.3152954690215753,0.5382629216205396,0,1,13,13,543
first1,catboost_fusion,S06,0,0.35333369727161945,0.5382629216205396,0,1,14,14,544
first1,catboost_fusion,S06,0,0.32185890450958005,0.5382629216205396,0,1,15,15,545
first1,catboost_fusion,S06,1,0.7920021191883777,0.5382629216205396,1,1,16,16,546
first1,catboost_fusion,S06,0,0.305136499722866,0.5382629216205396,0,1,17,17,547
first1,catboost_fusion,S06,0,0.24655245946611615,0.5382629216205396,0,1,18,18,548
first1,catboost_fusion,S06,0,0.38329581521830375,0.5382629216205396,0,1,19,19,549
first1,catboost_fusion,S06,1,0.2080623391201314,0.5382629216205396,0,1,20,20,550
first1,catboost_fusion,S06,0,0.1594983941638399,0.5382629216205396,0,1,21,21,551
first1,catboost_fusion,S06,0,0.2954565757579143,0.5382629216205396,0,1,22,22,552
first1,catboost_fusion,S06,1,0.4492391709921761,0.5382629216205396,0,1,23,23,553
first1,catboost_fusion,S06,0,0.16540898829830333,0.5382629216205396,0,1,24,24,554
first1,catboost_fusion,S06,0,0.239283438883583,0.5382629216205396,0,2,1,25,555
first1,catboost_fusion,S06,0,0.1483559038206799,0.5382629216205396,0,2,2,26,556
first1,catboost_fusion,S06,1,0.14418845035607256,0.5382629216205396,0,2,3,27,557
first1,catboost_fusion,S06,0,0.3328103906497901,0.5382629216205396,0,2,4,28,558
first1,catboost_fusion,S06,0,0.15650355424882256,0.5382629216205396,0,2,5,29,559
first1,catboost_fusion,S06,0,0.3999464080162583,0.5382629216205396,0,2,6,30,560
first1,catboost_fusion,S06,0,0.26571935347002446,0.5382629216205396,0,2,7,31,561
first1,catboost_fusion,S06,0,0.21685426168982422,0.5382629216205396,0,2,8,32,562
first1,catboost_fusion,S06,0,0.23665732305559065,0.5382629216205396,0,2,9,33,563
first1,catboost_fusion,S06,0,0.26949266218470214,0.5382629216205396,0,2,10,34,564
first1,catboost_fusion,S06,0,0.39806511701110453,0.5382629216205396,0,2,11,35,565
first1,catboost_fusion,S06,0,0.2527069883931031,0.5382629216205396,0,2,12,36,566
first1,catboost_fusion,S06,0,0.2163079351246824,0.5382629216205396,0,2,13,37,567
first1,catboost_fusion,S06,0,0.27992458051405633,0.5382629216205396,0,2,14,38,568
first1,catboost_fusion,S06,0,0.4062493451122359,0.5382629216205396,0,2,15,39,569
first1,catboost_fusion,S06,0,0.25869296475676556,0.5382629216205396,0,2,16,40,570
first1,catboost_fusion,S06,0,0.41069638158335686,0.5382629216205396,0,2,17,41,571
first1,catboost_fusion,S06,1,0.20663227645858245,0.5382629216205396,0,2,18,42,572
first1,catboost_fusion,S06,0,0.39180165407839584,0.5382629216205396,0,2,19,43,573
first1,catboost_fusion,S06,0,0.2842637823840094,0.5382629216205396,0,2,20,44,574
first1,catboost_fusion,S06,0,0.5723895139084139,0.5382629216205396,1,2,21,45,575
first1,catboost_fusion,S06,0,0.2697301604045999,0.5382629216205396,0,2,22,46,576
first1,catboost_fusion,S06,0,0.23658946244815837,0.5382629216205396,0,2,23,47,577
first1,catboost_fusion,S06,0,0.3125303131656676,0.5382629216205396,0,2,24,48,578
first1,catboost_fusion,S06,1,0.3815761995846236,0.5382629216205396,0,3,1,49,579
first1,catboost_fusion,S06,1,0.14664422778263694,0.5382629216205396,0,3,2,50,580
first1,catboost_fusion,S06,0,0.19819889194027804,0.5382629216205396,0,3,3,51,581
first1,catboost_fusion,S06,0,0.13908725396767224,0.5382629216205396,0,3,4,52,582
first1,catboost_fusion,S06,0,0.1463437933802811,0.5382629216205396,0,3,5,53,583
first1,catboost_fusion,S06,0,0.2642027215140404,0.5382629216205396,0,3,6,54,584
first1,catboost_fusion,S06,0,0.2852563562984877,0.5382629216205396,0,3,7,55,585
first1,catboost_fusion,S06,0,0.49247611738500685,0.5382629216205396,0,3,8,56,586
first1,catboost_fusion,S06,0,0.26573924531432613,0.5382629216205396,0,3,9,57,587
first1,catboost_fusion,S06,1,0.44349691190468,0.5382629216205396,0,3,10,58,588
first1,catboost_fusion,S06,0,0.32492408926015687,0.5382629216205396,0,3,11,59,589
first1,catboost_fusion,S06,0,0.3296498662381003,0.5382629216205396,0,3,12,60,590
first1,catboost_fusion,S06,0,0.1093652311981439,0.5382629216205396,0,3,13,61,591
first1,catboost_fusion,S06,0,0.09282385668701686,0.5382629216205396,0,3,14,62,592
first1,catboost_fusion,S06,0,0.2064119180127648,0.5382629216205396,0,3,15,63,593
first1,catboost_fusion,S06,1,0.29333558408445887,0.5382629216205396,0,3,16,64,594
first1,catboost_fusion,S06,0,0.32928923748262356,0.5382629216205396,0,3,17,65,595
first1,catboost_fusion,S06,0,0.2545434604581775,0.5382629216205396,0,3,18,66,596
first1,catboost_fusion,S06,0,0.4857463041324596,0.5382629216205396,0,3,19,67,597
first1,catboost_fusion,S06,0,0.19730653991129712,0.5382629216205396,0,3,20,68,598
first1,catboost_fusion,S06,0,0.1793730959308539,0.5382629216205396,0,3,21,69,599
first1,catboost_fusion,S06,0,0.40681030994884115,0.5382629216205396,0,3,22,70,600
first1,catboost_fusion,S06,0,0.21425453969047956,0.5382629216205396,0,3,23,71,601
first1,catboost_fusion,S06,0,0.16816035224131515,0.5382629216205396,0,3,24,72,602
first1,catboost_fusion,S06,1,0.23877617787812283,0.5382629216205396,0,4,1,73,603
first1,catboost_fusion,S06,0,0.23192117265718168,0.5382629216205396,0,4,2,74,604
first1,catboost_fusion,S06,0,0.3240805073793156,0.5382629216205396,0,4,3,75,605
first1,catboost_fusion,S06,0,0.15142608451009798,0.5382629216205396,0,4,4,76,606
first1,catboost_fusion,S06,0,0.1543724798913526,0.5382629216205396,0,4,5,77,607
first1,catboost_fusion,S06,0,0.30537419217269723,0.5382629216205396,0,4,6,78,608
first1,catboost_fusion,S06,0,0.17840629070003625,0.5382629216205396,0,4,7,79,609
first1,catboost_fusion,S06,0,0.14389886165830107,0.5382629216205396,0,4,8,80,610
first1,catboost_fusion,S06,0,0.22731720982965042,0.5382629216205396,0,4,9,81,611
first1,catboost_fusion,S06,1,0.5712963240495321,0.5382629216205396,1,4,10,82,612
first1,catboost_fusion,S06,0,0.11102260663003073,0.5382629216205396,0,4,11,83,613
first1,catboost_fusion,S06,0,0.1650954116946688,0.5382629216205396,0,4,12,84,614
first1,catboost_fusion,S06,0,0.24171617008640933,0.5382629216205396,0,4,13,85,615
first1,catboost_fusion,S06,0,0.18463717818048472,0.5382629216205396,0,4,14,86,616
first1,catboost_fusion,S06,0,0.21931430940843255,0.5382629216205396,0,4,15,87,617
first1,catboost_fusion,S06,0,0.5840041377909093,0.5382629216205396,1,4,16,88,618
first1,catboost_fusion,S06,0,0.3099460633885281,0.5382629216205396,0,4,17,89,619
first1,catboost_fusion,S06,0,0.24744857351043736,0.5382629216205396,0,4,18,90,620
first1,catboost_fusion,S06,0,0.29803463024974436,0.5382629216205396,0,4,19,91,621
first1,catboost_fusion,S06,0,0.17232455451790368,0.5382629216205396,0,4,20,92,622
first1,catboost_fusion,S06,0,0.11212473056206212,0.5382629216205396,0,4,21,93,623
first1,catboost_fusion,S06,0,0.33812773988729283,0.5382629216205396,0,4,22,94,624
first1,catboost_fusion,S06,1,0.37209089041555315,0.5382629216205396,0,4,23,95,625
first1,catboost_fusion,S06,0,0.2853577762773597,0.5382629216205396,0,4,24,96,626
first1,catboost_fusion,S06,1,0.10595742669586405,0.5382629216205396,0,5,1,97,627
first1,catboost_fusion,S06,0,0.2677985912715844,0.5382629216205396,0,5,2,98,628
first1,catboost_fusion,S06,0,0.1663336415110406,0.5382629216205396,0,5,3,99,629
first1,catboost_fusion,S06,0,0.29501865647058567,0.5382629216205396,0,5,4,100,630
first1,catboost_fusion,S06,1,0.26600289858919307,0.5382629216205396,0,5,5,101,631
first1,catboost_fusion,S06,1,0.5750567194724103,0.5382629216205396,1,5,6,102,632
first1,catboost_fusion,S06,1,0.5959898559072333,0.5382629216205396,1,5,7,103,633
first1,catboost_fusion,S06,0,0.3141869846885633,0.5382629216205396,0,5,8,104,634
first1,catboost_fusion,S06,0,0.14629371893860643,0.5382629216205396,0,5,9,105,635
first1,catboost_fusion,S06,0,0.18450204165894715,0.5382629216205396,0,5,10,106,636
first1,catboost_fusion,S06,0,0.21321578811513356,0.5382629216205396,0,5,11,107,637
first1,catboost_fusion,S06,0,0.18445220765024486,0.5382629216205396,0,5,12,108,638
first1,catboost_fusion,S06,0,0.2774250104751965,0.5382629216205396,0,5,13,109,639
first1,catboost_fusion,S06,0,0.4513057149148563,0.5382629216205396,0,5,14,110,640
first1,catboost_fusion,S06,0,0.22638063468720382,0.5382629216205396,0,5,15,111,641
first1,catboost_fusion,S06,0,0.24291625376531456,0.5382629216205396,0,5,16,112,642
first1,catboost_fusion,S06,0,0.22440096978401375,0.5382629216205396,0,5,17,113,643
first1,catboost_fusion,S06,1,0.3096682563417748,0.5382629216205396,0,5,18,114,644
first1,catboost_fusion,S06,1,0.20155723581048066,0.5382629216205396,0,5,19,115,645
first1,catboost_fusion,S06,0,0.354231947902369,0.5382629216205396,0,5,20,116,646
first1,catboost_fusion,S06,1,0.3180363845634931,0.5382629216205396,0,5,21,117,647
first1,catboost_fusion,S06,0,0.36281004404885897,0.5382629216205396,0,5,22,118,648
first1,catboost_fusion,S06,0,0.14412188026407544,0.5382629216205396,0,5,23,119,649
first1,catboost_fusion,S06,0,0.48324297110918807,0.5382629216205396,0,5,24,120,650
first1,catboost_fusion,S06,0,0.3379279697811815,0.5382629216205396,0,6,1,121,651
first1,catboost_fusion,S06,0,0.39232116110195514,0.5382629216205396,0,6,2,122,652
first1,catboost_fusion,S06,0,0.2931416342720697,0.5382629216205396,0,6,3,123,653
first1,catboost_fusion,S06,0,0.22816607868991728,0.5382629216205396,0,6,4,124,654
first1,catboost_fusion,S06,1,0.24369841498394215,0.5382629216205396,0,6,5,125,655
first1,catboost_fusion,S06,0,0.31918748801704716,0.5382629216205396,0,6,6,126,656
first1,catboost_fusion,S06,0,0.24648136024621056,0.5382629216205396,0,6,7,127,657
first1,catboost_fusion,S06,0,0.3452322139914234,0.5382629216205396,0,6,8,128,658
first1,catboost_fusion,S06,0,0.37305854246811815,0.5382629216205396,0,6,9,129,659
first1,catboost_fusion,S06,0,0.1898817420957006,0.5382629216205396,0,6,10,130,660
first1,catboost_fusion,S06,0,0.15331783184971282,0.5382629216205396,0,6,11,131,661
first1,catboost_fusion,S06,0,0.2012633615312969,0.5382629216205396,0,6,12,132,662
first1,catboost_fusion,S06,0,0.2677308089923517,0.5382629216205396,0,6,13,133,663
first1,catboost_fusion,S06,0,0.10123684271607225,0.5382629216205396,0,6,14,134,664
first1,catboost_fusion,S06,0,0.3670083376734737,0.5382629216205396,0,6,15,135,665
first1,catboost_fusion,S06,1,0.32932555676750486,0.5382629216205396,0,6,16,136,666
first1,catboost_fusion,S06,0,0.4625742671266982,0.5382629216205396,0,6,17,137,667
first1,catboost_fusion,S06,0,0.3630934227890278,0.5382629216205396,0,6,18,138,668
first1,catboost_fusion,S06,0,0.38658785885461694,0.5382629216205396,0,6,19,139,669
first1,catboost_fusion,S06,0,0.36695962757705447,0.5382629216205396,0,6,20,140,670
first1,catboost_fusion,S06,0,0.19055143582331058,0.5382629216205396,0,6,21,141,671
first1,catboost_fusion,S06,0,0.24253935210920502,0.5382629216205396,0,6,22,142,672
first1,catboost_fusion,S06,0,0.2882525523331424,0.5382629216205396,0,6,23,143,673
first1,catboost_fusion,S06,0,0.49379956371517925,0.5382629216205396,0,6,24,144,674
first1,catboost_fusion,S07,0,0.4480625007122639,0.5446233664826832,0,1,1,1,675
first1,catboost_fusion,S07,0,0.2336565219165762,0.5446233664826832,0,1,2,2,676
first1,catboost_fusion,S07,0,0.25082188317676435,0.5446233664826832,0,1,4,4,677
first1,catboost_fusion,S07,0,0.20028110265257223,0.5446233664826832,0,1,5,5,678
first1,catboost_fusion,S07,0,0.11514085322119008,0.5446233664826832,0,1,6,6,679
first1,catboost_fusion,S07,0,0.4706431442474148,0.5446233664826832,0,1,7,7,680
first1,catboost_fusion,S07,0,0.4830572538197628,0.5446233664826832,0,1,8,8,681
first1,catboost_fusion,S07,0,0.1996031698875666,0.5446233664826832,0,1,9,9,682
first1,catboost_fusion,S07,0,0.3704970463894836,0.5446233664826832,0,1,10,10,683
first1,catboost_fusion,S07,0,0.46768904550521634,0.5446233664826832,0,1,11,11,684
first1,catboost_fusion,S07,0,0.4454642093395961,0.5446233664826832,0,1,12,12,685
first1,catboost_fusion,S07,0,0.4602382616416277,0.5446233664826832,0,1,13,13,686
first1,catboost_fusion,S07,0,0.3128168366370139,0.5446233664826832,0,1,14,14,687
first1,catboost_fusion,S07,0,0.27825848300164846,0.5446233664826832,0,1,15,15,688
first1,catboost_fusion,S07,0,0.2271082397804226,0.5446233664826832,0,1,16,16,689
first1,catboost_fusion,S07,0,0.5105877246376884,0.5446233664826832,0,1,17,17,690
first1,catboost_fusion,S07,0,0.44004869309465106,0.5446233664826832,0,1,18,18,691
first1,catboost_fusion,S07,0,0.3427955217899466,0.5446233664826832,0,1,19,19,692
first1,catboost_fusion,S07,0,0.5983080887376682,0.5446233664826832,1,1,20,20,693
first1,catboost_fusion,S07,0,0.40978883512383213,0.5446233664826832,0,1,22,22,694
first1,catboost_fusion,S07,0,0.2066152295554213,0.5446233664826832,0,1,23,23,695
first1,catboost_fusion,S07,0,0.2859907124560591,0.5446233664826832,0,1,24,24,696
first1,catboost_fusion,S07,0,0.4516628802175839,0.5446233664826832,0,2,1,25,697
first1,catboost_fusion,S07,0,0.34533291602641375,0.5446233664826832,0,2,2,26,698
first1,catboost_fusion,S07,0,0.3400394639253893,0.5446233664826832,0,2,3,27,699
first1,catboost_fusion,S07,1,0.5644121011977062,0.5446233664826832,1,2,4,28,700
first1,catboost_fusion,S07,0,0.20523707062126023,0.5446233664826832,0,2,5,29,701
first1,catboost_fusion,S07,0,0.5226840829247533,0.5446233664826832,0,2,6,30,702
first1,catboost_fusion,S07,0,0.2500294406614484,0.5446233664826832,0,2,7,31,703
first1,catboost_fusion,S07,0,0.377063592227656,0.5446233664826832,0,2,8,32,704
first1,catboost_fusion,S07,0,0.16335181144444538,0.5446233664826832,0,2,9,33,705
first1,catboost_fusion,S07,0,0.5175292546861566,0.5446233664826832,0,2,10,34,706
first1,catboost_fusion,S07,0,0.41106759560275596,0.5446233664826832,0,2,12,36,707
first1,catboost_fusion,S07,0,0.41775641582331147,0.5446233664826832,0,2,14,38,708
first1,catboost_fusion,S07,1,0.6534218797366727,0.5446233664826832,1,2,15,39,709
first1,catboost_fusion,S07,0,0.2730990037381026,0.5446233664826832,0,2,16,40,710
first1,catboost_fusion,S07,0,0.4518116056413848,0.5446233664826832,0,2,17,41,711
first1,catboost_fusion,S07,0,0.41275661728186347,0.5446233664826832,0,2,18,42,712
first1,catboost_fusion,S07,0,0.14709067265227738,0.5446233664826832,0,2,19,43,713
first1,catboost_fusion,S07,0,0.34190188750423617,0.5446233664826832,0,2,20,44,714
first1,catboost_fusion,S07,0,0.2751973804956131,0.5446233664826832,0,2,21,45,715
first1,catboost_fusion,S07,1,0.20168377333403617,0.5446233664826832,0,2,22,46,716
first1,catboost_fusion,S07,0,0.3037416098807184,0.5446233664826832,0,2,23,47,717
first1,catboost_fusion,S07,0,0.27568816639694604,0.5446233664826832,0,2,24,48,718
first1,catboost_fusion,S07,0,0.5475968892801922,0.5446233664826832,1,3,1,49,719
first1,catboost_fusion,S07,0,0.3756056459730385,0.5446233664826832,0,3,2,50,720
first1,catboost_fusion,S07,0,0.20438566763669877,0.5446233664826832,0,3,3,51,721
first1,catboost_fusion,S07,0,0.4052390000371209,0.5446233664826832,0,3,4,52,722
first1,catboost_fusion,S07,0,0.46984627316168504,0.5446233664826832,0,3,5,53,723
first1,catboost_fusion,S07,0,0.2915196655568657,0.5446233664826832,0,3,6,54,724
first1,catboost_fusion,S07,0,0.6501247322623898,0.5446233664826832,1,3,7,55,725
first1,catboost_fusion,S07,0,0.4342646332094636,0.5446233664826832,0,3,8,56,726
first1,catboost_fusion,S07,1,0.3694617495569951,0.5446233664826832,0,3,9,57,727
first1,catboost_fusion,S07,0,0.4569982775427766,0.5446233664826832,0,3,10,58,728
first1,catboost_fusion,S07,0,0.3200831876113399,0.5446233664826832,0,3,11,59,729
first1,catboost_fusion,S07,0,0.45316430522567835,0.5446233664826832,0,3,12,60,730
first1,catboost_fusion,S07,1,0.35905080692190183,0.5446233664826832,0,3,13,61,731
first1,catboost_fusion,S07,0,0.3973220621487399,0.5446233664826832,0,3,14,62,732
first1,catboost_fusion,S07,0,0.20001902026716253,0.5446233664826832,0,3,15,63,733
first1,catboost_fusion,S07,0,0.5369464918580321,0.5446233664826832,0,3,16,64,734
first1,catboost_fusion,S07,0,0.22347297392312668,0.5446233664826832,0,3,17,65,735
first1,catboost_fusion,S07,0,0.3534625106191225,0.5446233664826832,0,3,19,67,736
first1,catboost_fusion,S07,0,0.26038358516935306,0.5446233664826832,0,3,20,68,737
first1,catboost_fusion,S07,1,0.19336758743771257,0.5446233664826832,0,3,21,69,738
first1,catboost_fusion,S07,0,0.3601644938020368,0.5446233664826832,0,3,22,70,739
first1,catboost_fusion,S07,0,0.3356432426739729,0.5446233664826832,0,3,23,71,740
first1,catboost_fusion,S07,0,0.3032662788867399,0.5446233664826832,0,3,24,72,741
first1,catboost_fusion,S07,0,0.24836512672325942,0.5446233664826832,0,4,1,73,742
first1,catboost_fusion,S07,0,0.27936143748035736,0.5446233664826832,0,4,2,74,743
first1,catboost_fusion,S07,0,0.2644212184467975,0.5446233664826832,0,4,3,75,744
first1,catboost_fusion,S07,0,0.4620878307677751,0.5446233664826832,0,4,4,76,745
first1,catboost_fusion,S07,0,0.20959043992713025,0.5446233664826832,0,4,5,77,746
first1,catboost_fusion,S07,0,0.321219084274256,0.5446233664826832,0,4,6,78,747
first1,catboost_fusion,S07,0,0.25238392549456234,0.5446233664826832,0,4,7,79,748
first1,catboost_fusion,S07,0,0.36205236578487726,0.5446233664826832,0,4,8,80,749
first1,catboost_fusion,S07,0,0.33135180277179016,0.5446233664826832,0,4,9,81,750
first1,catboost_fusion,S07,0,0.5018870906661385,0.5446233664826832,0,4,10,82,751
first1,catboost_fusion,S07,0,0.1944601676668139,0.5446233664826832,0,4,12,84,752
first1,catboost_fusion,S07,0,0.21247026955054152,0.5446233664826832,0,4,13,85,753
first1,catboost_fusion,S07,0,0.2530209135441143,0.5446233664826832,0,4,14,86,754
first1,catboost_fusion,S07,0,0.31255658047306545,0.5446233664826832,0,4,15,87,755
first1,catboost_fusion,S07,0,0.2489017213166979,0.5446233664826832,0,4,16,88,756
first1,catboost_fusion,S07,0,0.38828691951538313,0.5446233664826832,0,4,17,89,757
first1,catboost_fusion,S07,0,0.19374019208052176,0.5446233664826832,0,4,19,91,758
first1,catboost_fusion,S07,0,0.31780342623956065,0.5446233664826832,0,4,24,96,759
first1,catboost_fusion,S07,0,0.6757198082812442,0.5446233664826832,1,5,1,97,760
first1,catboost_fusion,S07,0,0.42215988908782504,0.5446233664826832,0,5,2,98,761
first1,catboost_fusion,S07,1,0.5210008142856926,0.5446233664826832,0,5,3,99,762
first1,catboost_fusion,S07,1,0.25011014525681285,0.5446233664826832,0,5,4,100,763
first1,catboost_fusion,S07,0,0.26467467909060205,0.5446233664826832,0,5,5,101,764
first1,catboost_fusion,S07,0,0.26454659727279917,0.5446233664826832,0,5,6,102,765
first1,catboost_fusion,S07,1,0.2155855519580203,0.5446233664826832,0,5,7,103,766
first1,catboost_fusion,S07,0,0.5742145412692358,0.5446233664826832,1,5,8,104,767
first1,catboost_fusion,S07,0,0.6519593682545998,0.5446233664826832,1,5,9,105,768
first1,catboost_fusion,S07,0,0.3281371581750698,0.5446233664826832,0,5,10,106,769
first1,catboost_fusion,S07,0,0.30200775500771554,0.5446233664826832,0,5,11,107,770
first1,catboost_fusion,S07,0,0.4003499894820518,0.5446233664826832,0,5,12,108,771
first1,catboost_fusion,S07,0,0.2924751517353318,0.5446233664826832,0,5,13,109,772
first1,catboost_fusion,S07,0,0.561580632616965,0.5446233664826832,1,5,14,110,773
first1,catboost_fusion,S07,0,0.3457499809635792,0.5446233664826832,0,5,15,111,774
first1,catboost_fusion,S07,0,0.1914605854760595,0.5446233664826832,0,5,16,112,775
first1,catboost_fusion,S07,0,0.19327250421702083,0.5446233664826832,0,5,17,113,776
first1,catboost_fusion,S07,1,0.32597150314771905,0.5446233664826832,0,5,18,114,777
first1,catboost_fusion,S07,0,0.6211723559463369,0.5446233664826832,1,5,19,115,778
first1,catboost_fusion,S07,0,0.32068523566652346,0.5446233664826832,0,5,20,116,779
first1,catboost_fusion,S07,0,0.4633984139715814,0.5446233664826832,0,5,21,117,780
first1,catboost_fusion,S07,0,0.2032908478775982,0.5446233664826832,0,5,22,118,781
first1,catboost_fusion,S07,0,0.2826545863981613,0.5446233664826832,0,5,23,119,782
first1,catboost_fusion,S07,0,0.33541434804416725,0.5446233664826832,0,5,24,120,783
first1,catboost_fusion,S07,0,0.3314650688470516,0.5446233664826832,0,6,1,121,784
first1,catboost_fusion,S07,0,0.3877400380348655,0.5446233664826832,0,6,2,122,785
first1,catboost_fusion,S07,0,0.3258239755285961,0.5446233664826832,0,6,3,123,786
first1,catboost_fusion,S07,1,0.3148127389092892,0.5446233664826832,0,6,4,124,787
first1,catboost_fusion,S07,0,0.4519250723219455,0.5446233664826832,0,6,5,125,788
first1,catboost_fusion,S07,0,0.3457092955906909,0.5446233664826832,0,6,6,126,789
first1,catboost_fusion,S07,0,0.3027114471038218,0.5446233664826832,0,6,7,127,790
first1,catboost_fusion,S07,0,0.18848796834135326,0.5446233664826832,0,6,8,128,791
first1,catboost_fusion,S07,0,0.5683586679020395,0.5446233664826832,1,6,9,129,792
first1,catboost_fusion,S07,0,0.515559195604371,0.5446233664826832,0,6,10,130,793
first1,catboost_fusion,S07,1,0.4750254461767017,0.5446233664826832,0,6,11,131,794
first1,catboost_fusion,S07,0,0.42331565544572924,0.5446233664826832,0,6,12,132,795
first1,catboost_fusion,S07,0,0.47407634871392756,0.5446233664826832,0,6,13,133,796
first1,catboost_fusion,S07,0,0.33867018001639193,0.5446233664826832,0,6,14,134,797
first1,catboost_fusion,S07,0,0.5586739824895612,0.5446233664826832,1,6,15,135,798
first1,catboost_fusion,S07,0,0.5312457080071704,0.5446233664826832,0,6,19,139,799
first1,catboost_fusion,S07,0,0.3742011253576913,0.5446233664826832,0,6,22,142,800
first1,catboost_fusion,S07,0,0.26218092433673834,0.5446233664826832,0,6,23,143,801
first1,catboost_fusion,S07,0,0.48724386254174845,0.5446233664826832,0,6,24,144,802
first1,catboost_fusion,S08,0,0.14777595203680274,0.5439906502415159,0,1,1,1,803
first1,catboost_fusion,S08,0,0.26448242535106775,0.5439906502415159,0,1,2,2,804
first1,catboost_fusion,S08,0,0.35428292681646717,0.5439906502415159,0,1,3,3,805
first1,catboost_fusion,S08,0,0.1285946974385307,0.5439906502415159,0,1,4,4,806
first1,catboost_fusion,S08,1,0.18880104427426364,0.5439906502415159,0,1,5,5,807
first1,catboost_fusion,S08,0,0.16677933064805303,0.5439906502415159,0,1,6,6,808
first1,catboost_fusion,S08,0,0.11070274949419563,0.5439906502415159,0,1,7,7,809
first1,catboost_fusion,S08,0,0.24042948152260663,0.5439906502415159,0,1,8,8,810
first1,catboost_fusion,S08,0,0.16493498712710133,0.5439906502415159,0,1,9,9,811
first1,catboost_fusion,S08,0,0.11230211056302145,0.5439906502415159,0,1,10,10,812
first1,catboost_fusion,S08,0,0.06574784744885029,0.5439906502415159,0,1,11,11,813
first1,catboost_fusion,S08,0,0.2942687158823782,0.5439906502415159,0,1,12,12,814
first1,catboost_fusion,S08,0,0.0827883791572011,0.5439906502415159,0,1,13,13,815
first1,catboost_fusion,S08,1,0.08433945946715436,0.5439906502415159,0,1,14,14,816
first1,catboost_fusion,S08,0,0.21295063351773522,0.5439906502415159,0,1,15,15,817
first1,catboost_fusion,S08,0,0.30226610173726354,0.5439906502415159,0,1,16,16,818
first1,catboost_fusion,S08,0,0.13566590939509413,0.5439906502415159,0,1,17,17,819
first1,catboost_fusion,S08,0,0.1176718810683098,0.5439906502415159,0,1,18,18,820
first1,catboost_fusion,S08,0,0.27455128705518633,0.5439906502415159,0,1,19,19,821
first1,catboost_fusion,S08,1,0.4482920109151047,0.5439906502415159,0,1,20,20,822
first1,catboost_fusion,S08,0,0.201666577501017,0.5439906502415159,0,1,21,21,823
first1,catboost_fusion,S08,0,0.12333261989032912,0.5439906502415159,0,1,22,22,824
first1,catboost_fusion,S08,1,0.11937844318444256,0.5439906502415159,0,1,23,23,825
first1,catboost_fusion,S08,0,0.07261099958935317,0.5439906502415159,0,1,24,24,826
first1,catboost_fusion,S08,0,0.3767009109040232,0.5439906502415159,0,2,1,25,827
first1,catboost_fusion,S08,0,0.4294051371334802,0.5439906502415159,0,2,2,26,828
first1,catboost_fusion,S08,0,0.29824581800207084,0.5439906502415159,0,2,3,27,829
first1,catboost_fusion,S08,0,0.5616125468767449,0.5439906502415159,1,2,4,28,830
first1,catboost_fusion,S08,0,0.35814385957219674,0.5439906502415159,0,2,5,29,831
first1,catboost_fusion,S08,0,0.26955660083138483,0.5439906502415159,0,2,6,30,832
first1,catboost_fusion,S08,0,0.3222032073910941,0.5439906502415159,0,2,7,31,833
first1,catboost_fusion,S08,0,0.5035446068374008,0.5439906502415159,0,2,8,32,834
first1,catboost_fusion,S08,0,0.44546577575109264,0.5439906502415159,0,2,9,33,835
first1,catboost_fusion,S08,1,0.40395182948939495,0.5439906502415159,0,2,10,34,836
first1,catboost_fusion,S08,0,0.20677851022646263,0.5439906502415159,0,2,11,35,837
first1,catboost_fusion,S08,0,0.32752429771682046,0.5439906502415159,0,2,12,36,838
first1,catboost_fusion,S08,0,0.4208887000124184,0.5439906502415159,0,2,13,37,839
first1,catboost_fusion,S08,0,0.30002567355265064,0.5439906502415159,0,2,14,38,840
first1,catboost_fusion,S08,0,0.25263450793415326,0.5439906502415159,0,2,15,39,841
first1,catboost_fusion,S08,0,0.20157152160884464,0.5439906502415159,0,2,16,40,842
first1,catboost_fusion,S08,0,0.4757010798485407,0.5439906502415159,0,2,17,41,843
first1,catboost_fusion,S08,0,0.31539582305201325,0.5439906502415159,0,2,18,42,844
first1,catboost_fusion,S08,0,0.24314607619065695,0.5439906502415159,0,2,19,43,845
first1,catboost_fusion,S08,0,0.37552668974574127,0.5439906502415159,0,2,20,44,846
first1,catboost_fusion,S08,0,0.34666874469417824,0.5439906502415159,0,2,21,45,847
first1,catboost_fusion,S08,0,0.5221550681726718,0.5439906502415159,0,2,22,46,848
first1,catboost_fusion,S08,0,0.41947297277446655,0.5439906502415159,0,2,23,47,849
first1,catboost_fusion,S08,0,0.298594113369595,0.5439906502415159,0,2,24,48,850
first1,catboost_fusion,S08,1,0.2682869950228025,0.5439906502415159,0,3,1,49,851
first1,catboost_fusion,S08,0,0.34187907792125116,0.5439906502415159,0,3,2,50,852
first1,catboost_fusion,S08,0,0.34631714848286355,0.5439906502415159,0,3,3,51,853
first1,catboost_fusion,S08,0,0.2171702390686199,0.5439906502415159,0,3,4,52,854
first1,catboost_fusion,S08,0,0.09853943802795384,0.5439906502415159,0,3,5,53,855
first1,catboost_fusion,S08,0,0.17141544661206176,0.5439906502415159,0,3,6,54,856
first1,catboost_fusion,S08,0,0.13432958166599826,0.5439906502415159,0,3,7,55,857
first1,catboost_fusion,S08,0,0.1008690705122779,0.5439906502415159,0,3,8,56,858
first1,catboost_fusion,S08,0,0.2535426413416967,0.5439906502415159,0,3,9,57,859
first1,catboost_fusion,S08,0,0.41008440144027375,0.5439906502415159,0,3,10,58,860
first1,catboost_fusion,S08,0,0.5596088984482622,0.5439906502415159,1,3,11,59,861
first1,catboost_fusion,S08,1,0.493068937592022,0.5439906502415159,0,3,12,60,862
first1,catboost_fusion,S08,1,0.2625357440746617,0.5439906502415159,0,3,13,61,863
first1,catboost_fusion,S08,0,0.3309483897067463,0.5439906502415159,0,3,14,62,864
first1,catboost_fusion,S08,0,0.2749301794162154,0.5439906502415159,0,3,15,63,865
first1,catboost_fusion,S08,0,0.18584810988873154,0.5439906502415159,0,3,16,64,866
first1,catboost_fusion,S08,0,0.26191848851088323,0.5439906502415159,0,3,17,65,867
first1,catboost_fusion,S08,0,0.2929987411154436,0.5439906502415159,0,3,18,66,868
first1,catboost_fusion,S08,0,0.37389424395456317,0.5439906502415159,0,3,19,67,869
first1,catboost_fusion,S08,0,0.3985446075580173,0.5439906502415159,0,3,20,68,870
first1,catboost_fusion,S08,0,0.23817886258333093,0.5439906502415159,0,3,21,69,871
first1,catboost_fusion,S08,0,0.2741296263219692,0.5439906502415159,0,3,22,70,872
first1,catboost_fusion,S08,0,0.36701922314596336,0.5439906502415159,0,3,23,71,873
first1,catboost_fusion,S08,0,0.17882116764832845,0.5439906502415159,0,3,24,72,874
first1,catboost_fusion,S08,0,0.3382225728010787,0.5439906502415159,0,4,1,73,875
first1,catboost_fusion,S08,0,0.40287767243399036,0.5439906502415159,0,4,2,74,876
first1,catboost_fusion,S08,0,0.36181092744052606,0.5439906502415159,0,4,3,75,877
first1,catboost_fusion,S08,1,0.4176969888225068,0.5439906502415159,0,4,4,76,878
first1,catboost_fusion,S08,0,0.2501432758838798,0.5439906502415159,0,4,5,77,879
first1,catboost_fusion,S08,0,0.35297107267640265,0.5439906502415159,0,4,6,78,880
first1,catboost_fusion,S08,0,0.3638136056472946,0.5439906502415159,0,4,7,79,881
first1,catboost_fusion,S08,0,0.28555351803924106,0.5439906502415159,0,4,8,80,882
first1,catboost_fusion,S08,1,0.22448402666798942,0.5439906502415159,0,4,9,81,883
first1,catboost_fusion,S08,0,0.37216599507181,0.5439906502415159,0,4,10,82,884
first1,catboost_fusion,S08,0,0.3558209024762892,0.5439906502415159,0,4,11,83,885
first1,catboost_fusion,S08,0,0.44146284753164855,0.5439906502415159,0,4,12,84,886
first1,catboost_fusion,S08,0,0.298178191595541,0.5439906502415159,0,4,13,85,887
first1,catboost_fusion,S08,0,0.15814096452564416,0.5439906502415159,0,4,14,86,888
first1,catboost_fusion,S08,0,0.23428927526563,0.5439906502415159,0,4,15,87,889
first1,catboost_fusion,S08,0,0.3204462392741368,0.5439906502415159,0,4,16,88,890
first1,catboost_fusion,S08,0,0.3213851901595401,0.5439906502415159,0,4,17,89,891
first1,catboost_fusion,S08,0,0.24425575395583218,0.5439906502415159,0,4,18,90,892
first1,catboost_fusion,S08,0,0.25036864030984984,0.5439906502415159,0,4,19,91,893
first1,catboost_fusion,S08,0,0.24381828373827735,0.5439906502415159,0,4,20,92,894
first1,catboost_fusion,S08,0,0.2388877025368323,0.5439906502415159,0,4,21,93,895
first1,catboost_fusion,S08,0,0.33163707574307555,0.5439906502415159,0,4,23,95,896
first1,catboost_fusion,S08,0,0.3764666720339212,0.5439906502415159,0,4,24,96,897
first1,catboost_fusion,S08,0,0.3681813078668706,0.5439906502415159,0,5,1,97,898
first1,catboost_fusion,S08,0,0.5601816248451982,0.5439906502415159,1,5,2,98,899
first1,catboost_fusion,S08,0,0.45973102841898444,0.5439906502415159,0,5,3,99,900
first1,catboost_fusion,S08,1,0.2789227118441544,0.5439906502415159,0,5,4,100,901
first1,catboost_fusion,S08,0,0.2793341560794886,0.5439906502415159,0,5,5,101,902
first1,catboost_fusion,S08,0,0.3146206653850748,0.5439906502415159,0,5,6,102,903
first1,catboost_fusion,S08,0,0.21369197343595653,0.5439906502415159,0,5,7,103,904
first1,catboost_fusion,S08,0,0.189916520765732,0.5439906502415159,0,5,8,104,905
first1,catboost_fusion,S08,0,0.20634652063236295,0.5439906502415159,0,5,9,105,906
first1,catboost_fusion,S08,0,0.30695297723922993,0.5439906502415159,0,5,10,106,907
first1,catboost_fusion,S08,0,0.19758256786167727,0.5439906502415159,0,5,11,107,908
first1,catboost_fusion,S08,0,0.48381125804623576,0.5439906502415159,0,5,12,108,909
first1,catboost_fusion,S08,1,0.47392148120853567,0.5439906502415159,0,5,13,109,910
first1,catboost_fusion,S08,0,0.3650583431117698,0.5439906502415159,0,5,14,110,911
first1,catboost_fusion,S08,0,0.3394519834157902,0.5439906502415159,0,5,15,111,912
first1,catboost_fusion,S08,0,0.27544040546549176,0.5439906502415159,0,5,16,112,913
first1,catboost_fusion,S08,0,0.2822741273125999,0.5439906502415159,0,5,17,113,914
first1,catboost_fusion,S08,0,0.3789145166442385,0.5439906502415159,0,5,18,114,915
first1,catboost_fusion,S08,0,0.3448418371867646,0.5439906502415159,0,5,19,115,916
first1,catboost_fusion,S08,0,0.31646115358809523,0.5439906502415159,0,5,20,116,917
first1,catboost_fusion,S08,0,0.3644154816316149,0.5439906502415159,0,5,21,117,918
first1,catboost_fusion,S08,0,0.23659192427579626,0.5439906502415159,0,5,22,118,919
first1,catboost_fusion,S08,0,0.45134276922608035,0.5439906502415159,0,5,23,119,920
first1,catboost_fusion,S08,0,0.4154096319185766,0.5439906502415159,0,5,24,120,921
first1,catboost_fusion,S08,0,0.4853048368986416,0.5439906502415159,0,6,1,121,922
first1,catboost_fusion,S08,0,0.32168780354247206,0.5439906502415159,0,6,2,122,923
first1,catboost_fusion,S08,0,0.27712341242234906,0.5439906502415159,0,6,3,123,924
first1,catboost_fusion,S08,0,0.2545929347309871,0.5439906502415159,0,6,4,124,925
first1,catboost_fusion,S08,0,0.2519889440399537,0.5439906502415159,0,6,5,125,926
first1,catboost_fusion,S08,0,0.2767984448560853,0.5439906502415159,0,6,6,126,927
first1,catboost_fusion,S08,0,0.49720002548518133,0.5439906502415159,0,6,7,127,928
first1,catboost_fusion,S08,0,0.33659030469175544,0.5439906502415159,0,6,8,128,929
first1,catboost_fusion,S08,0,0.2281700773013109,0.5439906502415159,0,6,9,129,930
first1,catboost_fusion,S08,0,0.36579581159986563,0.5439906502415159,0,6,10,130,931
first1,catboost_fusion,S08,0,0.2724758400864557,0.5439906502415159,0,6,11,131,932
first1,catboost_fusion,S08,0,0.07451548690060818,0.5439906502415159,0,6,12,132,933
first1,catboost_fusion,S08,0,0.22707986216357284,0.5439906502415159,0,6,13,133,934
first1,catboost_fusion,S08,0,0.14928823968198957,0.5439906502415159,0,6,14,134,935
first1,catboost_fusion,S08,0,0.3525547339993444,0.5439906502415159,0,6,15,135,936
first1,catboost_fusion,S08,0,0.3191448264877139,0.5439906502415159,0,6,16,136,937
first1,catboost_fusion,S08,0,0.5202525248603067,0.5439906502415159,0,6,17,137,938
first1,catboost_fusion,S08,0,0.4467674211134811,0.5439906502415159,0,6,18,138,939
first1,catboost_fusion,S08,0,0.22131851255222498,0.5439906502415159,0,6,19,139,940
first1,catboost_fusion,S08,0,0.06587938090751413,0.5439906502415159,0,6,20,140,941
first1,catboost_fusion,S08,0,0.15657845521528754,0.5439906502415159,0,6,21,141,942
first1,catboost_fusion,S08,0,0.36543037960567976,0.5439906502415159,0,6,22,142,943
first1,catboost_fusion,S08,1,0.27706697688710474,0.5439906502415159,0,6,23,143,944
first1,catboost_fusion,S08,0,0.19159621806169658,0.5439906502415159,0,6,24,144,945
first1,catboost_fusion,S09,0,0.4475868266092146,0.5831988162447614,0,1,1,1,946
first1,catboost_fusion,S09,0,0.6461103716605152,0.5831988162447614,1,1,2,2,947
first1,catboost_fusion,S09,1,0.2548134871980403,0.5831988162447614,0,1,3,3,948
first1,catboost_fusion,S09,0,0.29614798144924814,0.5831988162447614,0,1,4,4,949
first1,catboost_fusion,S09,0,0.4031228406581393,0.5831988162447614,0,1,5,5,950
first1,catboost_fusion,S09,0,0.27354291601017994,0.5831988162447614,0,1,6,6,951
first1,catboost_fusion,S09,0,0.40498330784815073,0.5831988162447614,0,1,8,8,952
first1,catboost_fusion,S09,1,0.3478461531893778,0.5831988162447614,0,1,9,9,953
first1,catboost_fusion,S09,0,0.2454150858924495,0.5831988162447614,0,1,10,10,954
first1,catboost_fusion,S09,0,0.2311176134946947,0.5831988162447614,0,1,11,11,955
first1,catboost_fusion,S09,0,0.2739271063894316,0.5831988162447614,0,1,12,12,956
first1,catboost_fusion,S09,0,0.34093881047887953,0.5831988162447614,0,1,13,13,957
first1,catboost_fusion,S09,0,0.49659008669789073,0.5831988162447614,0,1,14,14,958
first1,catboost_fusion,S09,1,0.526176137325001,0.5831988162447614,0,1,15,15,959
first1,catboost_fusion,S09,0,0.2753234585442792,0.5831988162447614,0,1,16,16,960
first1,catboost_fusion,S09,0,0.26522198716339385,0.5831988162447614,0,1,17,17,961
first1,catboost_fusion,S09,0,0.5267357477633333,0.5831988162447614,0,1,18,18,962
first1,catboost_fusion,S09,0,0.30558439878805177,0.5831988162447614,0,1,19,19,963
first1,catboost_fusion,S09,0,0.35907521556728705,0.5831988162447614,0,1,20,20,964
first1,catboost_fusion,S09,0,0.48659171472572715,0.5831988162447614,0,1,21,21,965
first1,catboost_fusion,S09,0,0.33244130468503785,0.5831988162447614,0,1,22,22,966
first1,catboost_fusion,S09,0,0.3258706062061915,0.5831988162447614,0,1,23,23,967
first1,catboost_fusion,S09,1,0.3358513604999115,0.5831988162447614,0,1,24,24,968
first1,catboost_fusion,S09,0,0.2692868456686974,0.5831988162447614,0,2,2,26,969
first1,catboost_fusion,S09,1,0.8205695510974792,0.5831988162447614,1,2,3,27,970
first1,catboost_fusion,S09,0,0.34340018390259064,0.5831988162447614,0,2,4,28,971
first1,catboost_fusion,S09,0,0.2956742608710046,0.5831988162447614,0,2,5,29,972
first1,catboost_fusion,S09,0,0.39309853360074876,0.5831988162447614,0,2,6,30,973
first1,catboost_fusion,S09,0,0.23038136820143054,0.5831988162447614,0,2,7,31,974
first1,catboost_fusion,S09,0,0.442658520329377,0.5831988162447614,0,2,8,32,975
first1,catboost_fusion,S09,0,0.3451127860876352,0.5831988162447614,0,2,9,33,976
first1,catboost_fusion,S09,0,0.3417356512985903,0.5831988162447614,0,2,10,34,977
first1,catboost_fusion,S09,0,0.360896283682567,0.5831988162447614,0,2,11,35,978
first1,catboost_fusion,S09,0,0.5127789015124257,0.5831988162447614,0,2,12,36,979
first1,catboost_fusion,S09,0,0.27740380420067295,0.5831988162447614,0,2,13,37,980
first1,catboost_fusion,S09,1,0.6715363935260569,0.5831988162447614,1,2,14,38,981
first1,catboost_fusion,S09,0,0.418923759532135,0.5831988162447614,0,2,15,39,982
first1,catboost_fusion,S09,0,0.367456019853604,0.5831988162447614,0,2,16,40,983
first1,catboost_fusion,S09,0,0.3096274610062231,0.5831988162447614,0,2,17,41,984
first1,catboost_fusion,S09,0,0.6629936120809514,0.5831988162447614,1,2,18,42,985
first1,catboost_fusion,S09,1,0.20703686687662753,0.5831988162447614,0,2,19,43,986
first1,catboost_fusion,S09,0,0.5758569251197999,0.5831988162447614,0,2,20,44,987
first1,catboost_fusion,S09,0,0.2385597789035359,0.5831988162447614,0,2,21,45,988
first1,catboost_fusion,S09,0,0.2519666744113413,0.5831988162447614,0,2,23,47,989
first1,catboost_fusion,S09,0,0.446831447551822,0.5831988162447614,0,2,24,48,990
first1,catboost_fusion,S09,0,0.17298544859045337,0.5831988162447614,0,3,2,50,991
first1,catboost_fusion,S09,0,0.3164264773923843,0.5831988162447614,0,3,3,51,992
first1,catboost_fusion,S09,0,0.18388623227551862,0.5831988162447614,0,3,4,52,993
first1,catboost_fusion,S09,0,0.38049846186731023,0.5831988162447614,0,3,5,53,994
first1,catboost_fusion,S09,0,0.39267651488047456,0.5831988162447614,0,3,6,54,995
first1,catboost_fusion,S09,0,0.38896617328598854,0.5831988162447614,0,3,7,55,996
first1,catboost_fusion,S09,0,0.3696277912514678,0.5831988162447614,0,3,9,57,997
first1,catboost_fusion,S09,0,0.38136516689140426,0.5831988162447614,0,3,10,58,998
first1,catboost_fusion,S09,0,0.37903302037215336,0.5831988162447614,0,3,11,59,999
first1,catboost_fusion,S09,1,0.26269248175905235,0.5831988162447614,0,3,12,60,1000
first1,catboost_fusion,S09,0,0.39693836922318826,0.5831988162447614,0,3,14,62,1001
first1,catboost_fusion,S09,0,0.2838910605946926,0.5831988162447614,0,3,15,63,1002
first1,catboost_fusion,S09,0,0.407635124921849,0.5831988162447614,0,3,16,64,1003
first1,catboost_fusion,S09,1,0.29018370822676265,0.5831988162447614,0,3,17,65,1004
first1,catboost_fusion,S09,0,0.3516737673360128,0.5831988162447614,0,3,18,66,1005
first1,catboost_fusion,S09,0,0.273519648706151,0.5831988162447614,0,3,19,67,1006
first1,catboost_fusion,S09,0,0.26014473078320965,0.5831988162447614,0,3,21,69,1007
first1,catboost_fusion,S09,0,0.29533510316253536,0.5831988162447614,0,3,22,70,1008
first1,catboost_fusion,S09,0,0.30458803623602676,0.5831988162447614,0,3,24,72,1009
first1,catboost_fusion,S09,0,0.39558819454057703,0.5831988162447614,0,4,1,73,1010
first1,catboost_fusion,S09,1,0.25413677941755863,0.5831988162447614,0,4,2,74,1011
first1,catboost_fusion,S09,0,0.17934859363313138,0.5831988162447614,0,4,3,75,1012
first1,catboost_fusion,S09,1,0.7694034436197599,0.5831988162447614,1,4,4,76,1013
first1,catboost_fusion,S09,0,0.35472494286909717,0.5831988162447614,0,4,5,77,1014
first1,catboost_fusion,S09,0,0.16754015615829454,0.5831988162447614,0,4,6,78,1015
first1,catboost_fusion,S09,0,0.4390421847592654,0.5831988162447614,0,4,8,80,1016
first1,catboost_fusion,S09,0,0.37181632233533257,0.5831988162447614,0,4,9,81,1017
first1,catboost_fusion,S09,1,0.5854359531860982,0.5831988162447614,1,4,10,82,1018
first1,catboost_fusion,S09,0,0.24650898384947903,0.5831988162447614,0,4,11,83,1019
first1,catboost_fusion,S09,0,0.3316647150357257,0.5831988162447614,0,4,12,84,1020
first1,catboost_fusion,S09,0,0.40132925066767006,0.5831988162447614,0,4,13,85,1021
first1,catboost_fusion,S09,0,0.3251930563605326,0.5831988162447614,0,4,14,86,1022
first1,catboost_fusion,S09,0,0.3395620757281457,0.5831988162447614,0,4,15,87,1023
first1,catboost_fusion,S09,0,0.2668407804085811,0.5831988162447614,0,4,16,88,1024
first1,catboost_fusion,S09,0,0.14594774720708195,0.5831988162447614,0,4,17,89,1025
first1,catboost_fusion,S09,0,0.37061916673891127,0.5831988162447614,0,4,18,90,1026
first1,catboost_fusion,S09,0,0.35733133118803156,0.5831988162447614,0,4,19,91,1027
first1,catboost_fusion,S09,0,0.26738855171178727,0.5831988162447614,0,4,20,92,1028
first1,catboost_fusion,S09,0,0.3371091077751573,0.5831988162447614,0,4,21,93,1029
first1,catboost_fusion,S09,1,0.6872288995739929,0.5831988162447614,1,4,22,94,1030
first1,catboost_fusion,S09,0,0.25675174263077966,0.5831988162447614,0,4,23,95,1031
first1,catboost_fusion,S09,0,0.348895469857975,0.5831988162447614,0,4,24,96,1032
first1,catboost_fusion,S09,0,0.5660505439741076,0.5831988162447614,0,5,1,97,1033
first1,catboost_fusion,S09,0,0.2898285417020797,0.5831988162447614,0,5,3,99,1034
first1,catboost_fusion,S09,0,0.34912545092051595,0.5831988162447614,0,5,4,100,1035
first1,catboost_fusion,S09,0,0.33338053235673654,0.5831988162447614,0,5,5,101,1036
first1,catboost_fusion,S09,0,0.39333463531241314,0.5831988162447614,0,5,6,102,1037
first1,catboost_fusion,S09,0,0.5150163131939873,0.5831988162447614,0,5,8,104,1038
first1,catboost_fusion,S09,0,0.22344988333623822,0.5831988162447614,0,5,9,105,1039
first1,catboost_fusion,S09,0,0.2918948091729052,0.5831988162447614,0,5,10,106,1040
first1,catboost_fusion,S09,0,0.18185712438567178,0.5831988162447614,0,5,11,107,1041
first1,catboost_fusion,S09,0,0.16279709689571908,0.5831988162447614,0,5,12,108,1042
first1,catboost_fusion,S09,0,0.6614026927050253,0.5831988162447614,1,5,13,109,1043
first1,catboost_fusion,S09,0,0.7269257757086536,0.5831988162447614,1,5,14,110,1044
first1,catboost_fusion,S09,1,0.7378359720973872,0.5831988162447614,1,5,15,111,1045
first1,catboost_fusion,S09,0,0.09192608937271284,0.5831988162447614,0,5,16,112,1046
first1,catboost_fusion,S09,0,0.6717186229070294,0.5831988162447614,1,5,17,113,1047
first1,catboost_fusion,S09,0,0.7661838904129279,0.5831988162447614,1,5,18,114,1048
first1,catboost_fusion,S09,0,0.3576771286912221,0.5831988162447614,0,5,19,115,1049
first1,catboost_fusion,S09,1,0.6604073374599879,0.5831988162447614,1,5,20,116,1050
first1,catboost_fusion,S09,0,0.4502941869609694,0.5831988162447614,0,5,21,117,1051
first1,catboost_fusion,S09,0,0.41970345508812096,0.5831988162447614,0,5,22,118,1052
first1,catboost_fusion,S09,0,0.3998088965553246,0.5831988162447614,0,5,23,119,1053
first1,catboost_fusion,S09,0,0.6223408225960299,0.5831988162447614,1,5,24,120,1054
first1,catboost_fusion,S09,0,0.1904196511966534,0.5831988162447614,0,6,1,121,1055
first1,catboost_fusion,S09,1,0.2691230915914135,0.5831988162447614,0,6,2,122,1056
first1,catboost_fusion,S09,0,0.28303573194391385,0.5831988162447614,0,6,3,123,1057
first1,catboost_fusion,S09,0,0.3277180704784791,0.5831988162447614,0,6,4,124,1058
first1,catboost_fusion,S09,0,0.3497082688924323,0.5831988162447614,0,6,5,125,1059
first1,catboost_fusion,S09,0,0.219419310501312,0.5831988162447614,0,6,6,126,1060
first1,catboost_fusion,S09,0,0.257865619061371,0.5831988162447614,0,6,8,128,1061
first1,catboost_fusion,S09,0,0.2359609735345083,0.5831988162447614,0,6,9,129,1062
first1,catboost_fusion,S09,0,0.39919277557523486,0.5831988162447614,0,6,10,130,1063
first1,catboost_fusion,S09,1,0.6189850580140791,0.5831988162447614,1,6,11,131,1064
first1,catboost_fusion,S09,0,0.43884631909833377,0.5831988162447614,0,6,12,132,1065
first1,catboost_fusion,S09,0,0.292360933420497,0.5831988162447614,0,6,13,133,1066
first1,catboost_fusion,S09,0,0.4261748981877943,0.5831988162447614,0,6,15,135,1067
first1,catboost_fusion,S09,0,0.28665997474170424,0.5831988162447614,0,6,16,136,1068
first1,catboost_fusion,S09,0,0.5568682299645096,0.5831988162447614,0,6,17,137,1069
first1,catboost_fusion,S09,1,0.5923391996157124,0.5831988162447614,1,6,18,138,1070
first1,catboost_fusion,S09,0,0.6894351051337713,0.5831988162447614,1,6,19,139,1071
first1,catboost_fusion,S09,0,0.2842173618255125,0.5831988162447614,0,6,20,140,1072
first1,catboost_fusion,S09,0,0.2654761381740764,0.5831988162447614,0,6,21,141,1073
first1,catboost_fusion,S09,1,0.688832350998879,0.5831988162447614,1,6,22,142,1074
first1,catboost_fusion,S09,0,0.21936841895364867,0.5831988162447614,0,6,23,143,1075
first1,catboost_fusion,S09,0,0.21128382291407147,0.5831988162447614,0,6,24,144,1076
first1,catboost_fusion,S10,0,0.28596158312537706,0.5,0,1,1,1,1077
first1,catboost_fusion,S10,0,0.18641381584750039,0.5,0,1,2,2,1078
first1,catboost_fusion,S10,0,0.4077369955090255,0.5,0,1,3,3,1079
first1,catboost_fusion,S10,0,0.2630454996661366,0.5,0,1,5,5,1080
first1,catboost_fusion,S10,0,0.45920255755758577,0.5,0,1,6,6,1081
first1,catboost_fusion,S10,0,0.37878858648720737,0.5,0,1,7,7,1082
first1,catboost_fusion,S10,0,0.2761434055515976,0.5,0,1,8,8,1083
first1,catboost_fusion,S10,0,0.43332422833174783,0.5,0,1,9,9,1084
first1,catboost_fusion,S10,0,0.5129667935420354,0.5,1,1,10,10,1085
first1,catboost_fusion,S10,0,0.39060731951696587,0.5,0,1,11,11,1086
first1,catboost_fusion,S10,0,0.2492445884437781,0.5,0,1,12,12,1087
first1,catboost_fusion,S10,0,0.32218025731009814,0.5,0,1,14,14,1088
first1,catboost_fusion,S10,1,0.41425410037157684,0.5,0,1,16,16,1089
first1,catboost_fusion,S10,0,0.35321368131006675,0.5,0,1,17,17,1090
first1,catboost_fusion,S10,0,0.4101775519585711,0.5,0,1,19,19,1091
first1,catboost_fusion,S10,0,0.20667055440134607,0.5,0,1,20,20,1092
first1,catboost_fusion,S10,0,0.3521414206744889,0.5,0,1,21,21,1093
first1,catboost_fusion,S10,0,0.29213420577876137,0.5,0,1,22,22,1094
first1,catboost_fusion,S10,0,0.30580394742352734,0.5,0,1,23,23,1095
first1,catboost_fusion,S10,1,0.2544767169554037,0.5,0,1,24,24,1096
first1,catboost_fusion,S10,0,0.12688182194706069,0.5,0,2,1,25,1097
first1,catboost_fusion,S10,1,0.14548996467728798,0.5,0,2,4,28,1098
first1,catboost_fusion,S10,0,0.3355360133968993,0.5,0,2,5,29,1099
first1,catboost_fusion,S10,0,0.5271554205627922,0.5,1,2,6,30,1100
first1,catboost_fusion,S10,1,0.34560088899515173,0.5,0,2,7,31,1101
first1,catboost_fusion,S10,0,0.23924608433586966,0.5,0,2,8,32,1102
first1,catboost_fusion,S10,0,0.266224801484847,0.5,0,2,9,33,1103
first1,catboost_fusion,S10,0,0.6162609627923904,0.5,1,2,10,34,1104
first1,catboost_fusion,S10,1,0.5045910003628988,0.5,1,2,11,35,1105
first1,catboost_fusion,S10,0,0.44830050408298877,0.5,0,2,12,36,1106
first1,catboost_fusion,S10,0,0.0891751221975751,0.5,0,2,13,37,1107
first1,catboost_fusion,S10,0,0.05179034986140875,0.5,0,2,15,39,1108
first1,catboost_fusion,S10,0,0.16647346774772823,0.5,0,2,16,40,1109
first1,catboost_fusion,S10,0,0.22670204465847985,0.5,0,2,17,41,1110
first1,catboost_fusion,S10,0,0.23138774263487424,0.5,0,2,18,42,1111
first1,catboost_fusion,S10,0,0.17358682022595065,0.5,0,2,19,43,1112
first1,catboost_fusion,S10,0,0.27586785398053915,0.5,0,2,20,44,1113
first1,catboost_fusion,S10,0,0.3185773120781439,0.5,0,2,21,45,1114
first1,catboost_fusion,S10,1,0.25130975973926906,0.5,0,2,22,46,1115
first1,catboost_fusion,S10,1,0.12658499896090974,0.5,0,2,23,47,1116
first1,catboost_fusion,S10,0,0.3864085637975947,0.5,0,2,24,48,1117
first1,catboost_fusion,S10,1,0.21842415241012383,0.5,0,3,1,49,1118
first1,catboost_fusion,S10,0,0.25343558949392425,0.5,0,3,3,51,1119
first1,catboost_fusion,S10,0,0.31595443726874295,0.5,0,3,4,52,1120
first1,catboost_fusion,S10,0,0.2673080416595807,0.5,0,3,5,53,1121
first1,catboost_fusion,S10,1,0.3466434602388476,0.5,0,3,6,54,1122
first1,catboost_fusion,S10,0,0.3715938366543558,0.5,0,3,7,55,1123
first1,catboost_fusion,S10,0,0.3420028263453876,0.5,0,3,8,56,1124
first1,catboost_fusion,S10,0,0.35195774530819235,0.5,0,3,9,57,1125
first1,catboost_fusion,S10,0,0.33625542429226196,0.5,0,3,10,58,1126
first1,catboost_fusion,S10,0,0.30634663083869146,0.5,0,3,11,59,1127
first1,catboost_fusion,S10,0,0.284388699036169,0.5,0,3,12,60,1128
first1,catboost_fusion,S10,0,0.3634396049302666,0.5,0,3,13,61,1129
first1,catboost_fusion,S10,0,0.3567739247344124,0.5,0,3,16,64,1130
first1,catboost_fusion,S10,0,0.30570248203237116,0.5,0,3,17,65,1131
first1,catboost_fusion,S10,0,0.23803888623774735,0.5,0,3,18,66,1132
first1,catboost_fusion,S10,0,0.24243148131726677,0.5,0,3,19,67,1133
first1,catboost_fusion,S10,0,0.40289418922521697,0.5,0,3,20,68,1134
first1,catboost_fusion,S10,1,0.5336277610145884,0.5,1,3,21,69,1135
first1,catboost_fusion,S10,0,0.1363701673987131,0.5,0,3,22,70,1136
first1,catboost_fusion,S10,0,0.31192440995634607,0.5,0,3,23,71,1137
first1,catboost_fusion,S10,0,0.3018644015713883,0.5,0,3,24,72,1138
first1,catboost_fusion,S10,0,0.21258752136644635,0.5,0,4,1,73,1139
first1,catboost_fusion,S10,0,0.1897281489801199,0.5,0,4,3,75,1140
first1,catboost_fusion,S10,0,0.18320685403244064,0.5,0,4,4,76,1141
first1,catboost_fusion,S10,0,0.5374932409290538,0.5,1,4,5,77,1142
first1,catboost_fusion,S10,0,0.3191120110422619,0.5,0,4,6,78,1143
first1,catboost_fusion,S10,0,0.34688199256047925,0.5,0,4,8,80,1144
first1,catboost_fusion,S10,0,0.4450230668458997,0.5,0,4,9,81,1145
first1,catboost_fusion,S10,0,0.14154733308327525,0.5,0,4,10,82,1146
first1,catboost_fusion,S10,0,0.2633475088893926,0.5,0,4,11,83,1147
first1,catboost_fusion,S10,0,0.37899533302323984,0.5,0,4,12,84,1148
first1,catboost_fusion,S10,0,0.2356713227585875,0.5,0,4,13,85,1149
first1,catboost_fusion,S10,0,0.2939875809903044,0.5,0,4,14,86,1150
first1,catboost_fusion,S10,0,0.30003757564639266,0.5,0,4,15,87,1151
first1,catboost_fusion,S10,0,0.24071482037576206,0.5,0,4,16,88,1152
first1,catboost_fusion,S10,0,0.3048264042600783,0.5,0,4,18,90,1153
first1,catboost_fusion,S10,0,0.23546829418115864,0.5,0,4,19,91,1154
first1,catboost_fusion,S10,0,0.32710071000167557,0.5,0,4,21,93,1155
first1,catboost_fusion,S10,0,0.2072807105768022,0.5,0,4,22,94,1156
first1,catboost_fusion,S10,0,0.11586402633181385,0.5,0,4,23,95,1157
first1,catboost_fusion,S10,0,0.1612724255902734,0.5,0,4,24,96,1158
first1,catboost_fusion,S10,0,0.22604931232541353,0.5,0,5,1,97,1159
first1,catboost_fusion,S10,0,0.33330040331085203,0.5,0,5,2,98,1160
first1,catboost_fusion,S10,0,0.30122701103515465,0.5,0,5,4,100,1161
first1,catboost_fusion,S10,1,0.3367677711347962,0.5,0,5,5,101,1162
first1,catboost_fusion,S10,0,0.43444195277909514,0.5,0,5,6,102,1163
first1,catboost_fusion,S10,1,0.2925194228427819,0.5,0,5,7,103,1164
first1,catboost_fusion,S10,0,0.22434150925588883,0.5,0,5,8,104,1165
first1,catboost_fusion,S10,0,0.2618560825443575,0.5,0,5,9,105,1166
first1,catboost_fusion,S10,0,0.227682701537261,0.5,0,5,10,106,1167
first1,catboost_fusion,S10,0,0.2651099245746447,0.5,0,5,11,107,1168
first1,catboost_fusion,S10,1,0.3824134303410768,0.5,0,5,12,108,1169
first1,catboost_fusion,S10,0,0.3743872875120103,0.5,0,5,16,112,1170
first1,catboost_fusion,S10,0,0.23045777711275323,0.5,0,5,17,113,1171
first1,catboost_fusion,S10,0,0.3671769655237214,0.5,0,5,18,114,1172
first1,catboost_fusion,S10,0,0.4270315914638615,0.5,0,5,19,115,1173
first1,catboost_fusion,S10,0,0.47591443872309364,0.5,0,5,20,116,1174
first1,catboost_fusion,S10,0,0.27476571114572035,0.5,0,5,21,117,1175
first1,catboost_fusion,S10,1,0.3660258657648898,0.5,0,5,22,118,1176
first1,catboost_fusion,S10,0,0.30363210684973496,0.5,0,5,23,119,1177
first1,catboost_fusion,S10,0,0.17339060375246332,0.5,0,5,24,120,1178
first1,catboost_fusion,S10,0,0.11256686105310443,0.5,0,6,1,121,1179
first1,catboost_fusion,S10,0,0.35614025742542316,0.5,0,6,3,123,1180
first1,catboost_fusion,S10,0,0.512691361756182,0.5,1,6,4,124,1181
first1,catboost_fusion,S10,0,0.2937588464063383,0.5,0,6,5,125,1182
first1,catboost_fusion,S10,0,0.1888584937855704,0.5,0,6,6,126,1183
first1,catboost_fusion,S10,1,0.5081237861840433,0.5,1,6,7,127,1184
first1,catboost_fusion,S10,0,0.3368809147828841,0.5,0,6,8,128,1185
first1,catboost_fusion,S10,0,0.2836188550504442,0.5,0,6,9,129,1186
first1,catboost_fusion,S10,0,0.2522039171241226,0.5,0,6,10,130,1187
first1,catboost_fusion,S10,0,0.24885745099467926,0.5,0,6,11,131,1188
first1,catboost_fusion,S10,0,0.17753962985831545,0.5,0,6,12,132,1189
first1,catboost_fusion,S10,0,0.22242704978932643,0.5,0,6,16,136,1190
first1,catboost_fusion,S10,0,0.26439825555738616,0.5,0,6,17,137,1191
first1,catboost_fusion,S10,1,0.35387610071919146,0.5,0,6,18,138,1192
first1,catboost_fusion,S10,0,0.2578918614519652,0.5,0,6,19,139,1193
first1,catboost_fusion,S10,0,0.2402469371819015,0.5,0,6,20,140,1194
first1,catboost_fusion,S10,0,0.4177559808709726,0.5,0,6,21,141,1195
first1,catboost_fusion,S10,1,0.442407463567065,0.5,0,6,22,142,1196
first1,catboost_fusion,S10,0,0.40769169191315313,0.5,0,6,23,143,1197
first1,catboost_fusion,S10,0,0.3993815123734891,0.5,0,6,24,144,1198
first1,catboost_fusion,S12,0,0.6364340878624545,0.5751832053320413,1,1,1,1,1199
first1,catboost_fusion,S12,0,0.17262803450589218,0.5751832053320413,0,1,2,2,1200
first1,catboost_fusion,S12,0,0.28753157193001316,0.5751832053320413,0,1,3,3,1201
first1,catboost_fusion,S12,0,0.31213746694971073,0.5751832053320413,0,1,4,4,1202
first1,catboost_fusion,S12,0,0.2940608637831592,0.5751832053320413,0,1,5,5,1203
first1,catboost_fusion,S12,0,0.2731702574294208,0.5751832053320413,0,1,6,6,1204
first1,catboost_fusion,S12,0,0.5090454341768172,0.5751832053320413,0,1,7,7,1205
first1,catboost_fusion,S12,0,0.26517214129230127,0.5751832053320413,0,1,8,8,1206
first1,catboost_fusion,S12,0,0.31055756022996717,0.5751832053320413,0,1,9,9,1207
first1,catboost_fusion,S12,0,0.24377019898208255,0.5751832053320413,0,1,10,10,1208
first1,catboost_fusion,S12,0,0.25545592399802003,0.5751832053320413,0,1,11,11,1209
first1,catboost_fusion,S12,0,0.18334597426667487,0.5751832053320413,0,1,12,12,1210
first1,catboost_fusion,S12,0,0.3172612059770105,0.5751832053320413,0,1,13,13,1211
first1,catboost_fusion,S12,1,0.38470739301979395,0.5751832053320413,0,1,14,14,1212
first1,catboost_fusion,S12,0,0.19617964784903247,0.5751832053320413,0,1,15,15,1213
first1,catboost_fusion,S12,0,0.37839922358690214,0.5751832053320413,0,1,16,16,1214
first1,catboost_fusion,S12,0,0.3343206109931162,0.5751832053320413,0,1,17,17,1215
first1,catboost_fusion,S12,0,0.2503745783682219,0.5751832053320413,0,1,19,19,1216
first1,catboost_fusion,S12,1,0.2589068185311664,0.5751832053320413,0,1,20,20,1217
first1,catboost_fusion,S12,0,0.43800460498205757,0.5751832053320413,0,1,21,21,1218
first1,catboost_fusion,S12,0,0.1980995112625153,0.5751832053320413,0,1,22,22,1219
first1,catboost_fusion,S12,0,0.21066077708275013,0.5751832053320413,0,1,23,23,1220
first1,catboost_fusion,S12,0,0.26068615216045893,0.5751832053320413,0,1,24,24,1221
first1,catboost_fusion,S12,1,0.3780023795127935,0.5751832053320413,0,2,1,25,1222
first1,catboost_fusion,S12,0,0.26633937215408054,0.5751832053320413,0,2,2,26,1223
first1,catboost_fusion,S12,0,0.21663105864782944,0.5751832053320413,0,2,3,27,1224
first1,catboost_fusion,S12,0,0.3447453456967805,0.5751832053320413,0,2,4,28,1225
first1,catboost_fusion,S12,0,0.438658335108453,0.5751832053320413,0,2,5,29,1226
first1,catboost_fusion,S12,1,0.20945759781952528,0.5751832053320413,0,2,7,31,1227
first1,catboost_fusion,S12,0,0.3268607114900436,0.5751832053320413,0,2,8,32,1228
first1,catboost_fusion,S12,0,0.2211641240907659,0.5751832053320413,0,2,9,33,1229
first1,catboost_fusion,S12,0,0.37246131351371603,0.5751832053320413,0,2,10,34,1230
first1,catboost_fusion,S12,0,0.2231699807328167,0.5751832053320413,0,2,12,36,1231
first1,catboost_fusion,S12,0,0.581446622651203,0.5751832053320413,1,2,13,37,1232
first1,catboost_fusion,S12,0,0.29326976157738593,0.5751832053320413,0,2,14,38,1233
first1,catboost_fusion,S12,0,0.2946858459362118,0.5751832053320413,0,2,15,39,1234
first1,catboost_fusion,S12,0,0.5641594934366229,0.5751832053320413,0,2,17,41,1235
first1,catboost_fusion,S12,0,0.7464221867984993,0.5751832053320413,1,2,18,42,1236
first1,catboost_fusion,S12,0,0.4203659095540683,0.5751832053320413,0,2,20,44,1237
first1,catboost_fusion,S12,0,0.347918563983014,0.5751832053320413,0,2,21,45,1238
first1,catboost_fusion,S12,0,0.3396695734771802,0.5751832053320413,0,2,22,46,1239
first1,catboost_fusion,S12,0,0.2888367890918203,0.5751832053320413,0,2,23,47,1240
first1,catboost_fusion,S12,0,0.5099682595359876,0.5751832053320413,0,2,24,48,1241
first1,catboost_fusion,S12,1,0.251316752217013,0.5751832053320413,0,3,1,49,1242
first1,catboost_fusion,S12,0,0.24577160988338825,0.5751832053320413,0,3,2,50,1243
first1,catboost_fusion,S12,0,0.25103548930684105,0.5751832053320413,0,3,3,51,1244
first1,catboost_fusion,S12,0,0.20803477310924057,0.5751832053320413,0,3,4,52,1245
first1,catboost_fusion,S12,0,0.2418191844322373,0.5751832053320413,0,3,5,53,1246
first1,catboost_fusion,S12,0,0.47412947141497286,0.5751832053320413,0,3,6,54,1247
first1,catboost_fusion,S12,0,0.3608638015141792,0.5751832053320413,0,3,7,55,1248
first1,catboost_fusion,S12,1,0.40213596746847846,0.5751832053320413,0,3,8,56,1249
first1,catboost_fusion,S12,0,0.7095334163967096,0.5751832053320413,1,3,10,58,1250
first1,catboost_fusion,S12,0,0.8522008178113369,0.5751832053320413,1,3,11,59,1251
first1,catboost_fusion,S12,1,0.3128656305368759,0.5751832053320413,0,3,12,60,1252
first1,catboost_fusion,S12,1,0.2254679713050896,0.5751832053320413,0,3,13,61,1253
first1,catboost_fusion,S12,0,0.48602008613020004,0.5751832053320413,0,3,14,62,1254
first1,catboost_fusion,S12,0,0.21207177143704148,0.5751832053320413,0,3,15,63,1255
first1,catboost_fusion,S12,0,0.6339536164383477,0.5751832053320413,1,3,16,64,1256
first1,catboost_fusion,S12,0,0.4146207529404231,0.5751832053320413,0,3,17,65,1257
first1,catboost_fusion,S12,0,0.3168487941174353,0.5751832053320413,0,3,18,66,1258
first1,catboost_fusion,S12,0,0.537777563162804,0.5751832053320413,0,3,19,67,1259
first1,catboost_fusion,S12,0,0.2587627830326443,0.5751832053320413,0,3,20,68,1260
first1,catboost_fusion,S12,0,0.6136989921481802,0.5751832053320413,1,3,21,69,1261
first1,catboost_fusion,S12,0,0.31881234348236775,0.5751832053320413,0,3,22,70,1262
first1,catboost_fusion,S12,0,0.243090896521539,0.5751832053320413,0,3,23,71,1263
first1,catboost_fusion,S12,1,0.2055068698230478,0.5751832053320413,0,3,24,72,1264
first1,catboost_fusion,S12,0,0.6792839857225286,0.5751832053320413,1,4,1,73,1265
first1,catboost_fusion,S12,0,0.24433745639587928,0.5751832053320413,0,4,2,74,1266
first1,catboost_fusion,S12,0,0.21820120866030526,0.5751832053320413,0,4,3,75,1267
first1,catboost_fusion,S12,0,0.3393177868909445,0.5751832053320413,0,4,4,76,1268
first1,catboost_fusion,S12,0,0.37024202836739895,0.5751832053320413,0,4,5,77,1269
first1,catboost_fusion,S12,0,0.39532860336999465,0.5751832053320413,0,4,6,78,1270
first1,catboost_fusion,S12,0,0.2693976471520134,0.5751832053320413,0,4,7,79,1271
first1,catboost_fusion,S12,0,0.22356461599540603,0.5751832053320413,0,4,8,80,1272
first1,catboost_fusion,S12,0,0.18894182630313225,0.5751832053320413,0,4,9,81,1273
first1,catboost_fusion,S12,1,0.36176536241950435,0.5751832053320413,0,4,10,82,1274
first1,catboost_fusion,S12,0,0.5408914814107599,0.5751832053320413,0,4,11,83,1275
first1,catboost_fusion,S12,0,0.25020849182102606,0.5751832053320413,0,4,12,84,1276
first1,catboost_fusion,S12,0,0.30852034985239246,0.5751832053320413,0,4,13,85,1277
first1,catboost_fusion,S12,0,0.15394480188926452,0.5751832053320413,0,4,14,86,1278
first1,catboost_fusion,S12,0,0.2600111733086914,0.5751832053320413,0,4,15,87,1279
first1,catboost_fusion,S12,0,0.2588219120197554,0.5751832053320413,0,4,16,88,1280
first1,catboost_fusion,S12,0,0.4374583058134025,0.5751832053320413,0,4,17,89,1281
first1,catboost_fusion,S12,0,0.3697069978267156,0.5751832053320413,0,4,18,90,1282
first1,catboost_fusion,S12,0,0.17180010450124178,0.5751832053320413,0,4,20,92,1283
first1,catboost_fusion,S12,0,0.1649160891575296,0.5751832053320413,0,4,21,93,1284
first1,catboost_fusion,S12,0,0.3857501054737811,0.5751832053320413,0,4,22,94,1285
first1,catboost_fusion,S12,0,0.3532904556685693,0.5751832053320413,0,4,23,95,1286
first1,catboost_fusion,S12,1,0.38340393895106617,0.5751832053320413,0,4,24,96,1287
first1,catboost_fusion,S12,0,0.2520996069876211,0.5751832053320413,0,5,1,97,1288
first1,catboost_fusion,S12,1,0.2743386786007048,0.5751832053320413,0,5,3,99,1289
first1,catboost_fusion,S12,0,0.35030220888419167,0.5751832053320413,0,5,4,100,1290
first1,catboost_fusion,S12,0,0.24891744693150028,0.5751832053320413,0,5,5,101,1291
first1,catboost_fusion,S12,0,0.336316778608333,0.5751832053320413,0,5,6,102,1292
first1,catboost_fusion,S12,1,0.2212567010637685,0.5751832053320413,0,5,7,103,1293
first1,catboost_fusion,S12,0,0.12997277179162656,0.5751832053320413,0,5,8,104,1294
first1,catboost_fusion,S12,0,0.16823981623507123,0.5751832053320413,0,5,9,105,1295
first1,catboost_fusion,S12,0,0.21439854583302337,0.5751832053320413,0,5,10,106,1296
first1,catboost_fusion,S12,0,0.4950168830166178,0.5751832053320413,0,5,13,109,1297
first1,catboost_fusion,S12,0,0.31082890045158296,0.5751832053320413,0,5,14,110,1298
first1,catboost_fusion,S12,0,0.2170855795724006,0.5751832053320413,0,5,15,111,1299
first1,catboost_fusion,S12,0,0.3539731467281242,0.5751832053320413,0,5,16,112,1300
first1,catboost_fusion,S12,0,0.4078841642577813,0.5751832053320413,0,5,17,113,1301
first1,catboost_fusion,S12,1,0.25309088891050063,0.5751832053320413,0,5,18,114,1302
first1,catboost_fusion,S12,1,0.23541859527092382,0.5751832053320413,0,5,19,115,1303
first1,catboost_fusion,S12,0,0.2936732327932798,0.5751832053320413,0,5,20,116,1304
first1,catboost_fusion,S12,0,0.23470298078109544,0.5751832053320413,0,5,21,117,1305
first1,catboost_fusion,S12,1,0.5665450921626368,0.5751832053320413,0,5,22,118,1306
first1,catboost_fusion,S12,0,0.3115713031771572,0.5751832053320413,0,5,23,119,1307
first1,catboost_fusion,S12,0,0.35802887786463417,0.5751832053320413,0,5,24,120,1308
first1,catboost_fusion,S12,0,0.2714173808991001,0.5751832053320413,0,6,1,121,1309
first1,catboost_fusion,S12,0,0.23383583571243416,0.5751832053320413,0,6,2,122,1310
first1,catboost_fusion,S12,0,0.2918265208123923,0.5751832053320413,0,6,3,123,1311
first1,catboost_fusion,S12,0,0.25541449861979587,0.5751832053320413,0,6,4,124,1312
first1,catboost_fusion,S12,0,0.37275903591556786,0.5751832053320413,0,6,5,125,1313
first1,catboost_fusion,S12,1,0.5675074144289192,0.5751832053320413,0,6,6,126,1314
first1,catboost_fusion,S12,0,0.30306445210347155,0.5751832053320413,0,6,7,127,1315
first1,catboost_fusion,S12,0,0.12660073299153554,0.5751832053320413,0,6,8,128,1316
first1,catboost_fusion,S12,0,0.7829545570765887,0.5751832053320413,1,6,10,130,1317
first1,catboost_fusion,S12,0,0.3048035222059133,0.5751832053320413,0,6,11,131,1318
first1,catboost_fusion,S12,1,0.404427479618721,0.5751832053320413,0,6,12,132,1319
first1,catboost_fusion,S12,1,0.2893085966001571,0.5751832053320413,0,6,13,133,1320
first1,catboost_fusion,S12,0,0.3674313768513399,0.5751832053320413,0,6,14,134,1321
first1,catboost_fusion,S12,0,0.37009668645546356,0.5751832053320413,0,6,15,135,1322
first1,catboost_fusion,S12,0,0.641607160581273,0.5751832053320413,1,6,16,136,1323
first1,catboost_fusion,S12,0,0.32237743898091276,0.5751832053320413,0,6,17,137,1324
first1,catboost_fusion,S12,0,0.16077136010513432,0.5751832053320413,0,6,18,138,1325
first1,catboost_fusion,S12,0,0.41401649192350454,0.5751832053320413,0,6,19,139,1326
first1,catboost_fusion,S12,0,0.36560706858999975,0.5751832053320413,0,6,20,140,1327
first1,catboost_fusion,S12,1,0.6608043793460971,0.5751832053320413,1,6,21,141,1328
first1,catboost_fusion,S12,0,0.5638066427795173,0.5751832053320413,0,6,22,142,1329
first1,catboost_fusion,S12,0,0.3389205314058569,0.5751832053320413,0,6,23,143,1330
first1,catboost_fusion,S12,0,0.29918000289417673,0.5751832053320413,0,6,24,144,1331
first1,catboost_fusion,S13,0,0.7676388800613532,0.5249893750187219,1,1,1,1,1332
first1,catboost_fusion,S13,0,0.41202773361753847,0.5249893750187219,0,1,2,2,1333
first1,catboost_fusion,S13,0,0.485580995794938,0.5249893750187219,0,1,3,3,1334
first1,catboost_fusion,S13,0,0.6792901228493067,0.5249893750187219,1,1,4,4,1335
first1,catboost_fusion,S13,0,0.3125263936316278,0.5249893750187219,0,1,5,5,1336
first1,catboost_fusion,S13,0,0.2098672911761799,0.5249893750187219,0,1,6,6,1337
first1,catboost_fusion,S13,0,0.560119312432331,0.5249893750187219,1,1,7,7,1338
first1,catboost_fusion,S13,0,0.5012050214670863,0.5249893750187219,0,1,8,8,1339
first1,catboost_fusion,S13,0,0.6619643631882621,0.5249893750187219,1,1,9,9,1340
first1,catboost_fusion,S13,0,0.31365590491454665,0.5249893750187219,0,1,13,13,1341
first1,catboost_fusion,S13,0,0.7028264400240939,0.5249893750187219,1,1,14,14,1342
first1,catboost_fusion,S13,0,0.6060210067526917,0.5249893750187219,1,1,15,15,1343
first1,catboost_fusion,S13,1,0.8116132505976681,0.5249893750187219,1,1,16,16,1344
first1,catboost_fusion,S13,0,0.7378430777919297,0.5249893750187219,1,1,17,17,1345
first1,catboost_fusion,S13,0,0.6379336603768611,0.5249893750187219,1,1,18,18,1346
first1,catboost_fusion,S13,0,0.3617742728955964,0.5249893750187219,0,1,19,19,1347
first1,catboost_fusion,S13,1,0.5064676869448691,0.5249893750187219,0,1,20,20,1348
first1,catboost_fusion,S13,0,0.5604669275551474,0.5249893750187219,1,1,21,21,1349
first1,catboost_fusion,S13,1,0.30113495907000337,0.5249893750187219,0,2,1,25,1350
first1,catboost_fusion,S13,0,0.4521296798953435,0.5249893750187219,0,2,2,26,1351
first1,catboost_fusion,S13,0,0.5067068992802962,0.5249893750187219,0,2,3,27,1352
first1,catboost_fusion,S13,0,0.8995360795043618,0.5249893750187219,1,2,4,28,1353
first1,catboost_fusion,S13,0,0.5300951718124456,0.5249893750187219,1,2,5,29,1354
first1,catboost_fusion,S13,0,0.28354675186247597,0.5249893750187219,0,2,6,30,1355
first1,catboost_fusion,S13,1,0.7369508045963339,0.5249893750187219,1,2,7,31,1356
first1,catboost_fusion,S13,0,0.52077047804566,0.5249893750187219,0,2,8,32,1357
first1,catboost_fusion,S13,1,0.3926335133480449,0.5249893750187219,0,2,9,33,1358
first1,catboost_fusion,S13,0,0.7043579918051603,0.5249893750187219,1,2,13,37,1359
first1,catboost_fusion,S13,0,0.8290490470041668,0.5249893750187219,1,2,14,38,1360
first1,catboost_fusion,S13,0,0.8809211598602597,0.5249893750187219,1,2,15,39,1361
first1,catboost_fusion,S13,0,0.5774290028964326,0.5249893750187219,1,2,16,40,1362
first1,catboost_fusion,S13,1,0.3796148074755923,0.5249893750187219,0,2,17,41,1363
first1,catboost_fusion,S13,0,0.5348149182613257,0.5249893750187219,1,2,18,42,1364
first1,catboost_fusion,S13,0,0.8224964368041096,0.5249893750187219,1,2,19,43,1365
first1,catboost_fusion,S13,1,0.36640990401732365,0.5249893750187219,0,2,20,44,1366
first1,catboost_fusion,S13,0,0.4058275357124823,0.5249893750187219,0,2,21,45,1367
first1,catboost_fusion,S13,1,0.8647734490135215,0.5249893750187219,1,3,1,49,1368
first1,catboost_fusion,S13,0,0.2646589202698103,0.5249893750187219,0,3,2,50,1369
first1,catboost_fusion,S13,0,0.2806834655282687,0.5249893750187219,0,3,3,51,1370
first1,catboost_fusion,S13,1,0.8689432660526936,0.5249893750187219,1,3,4,52,1371
first1,catboost_fusion,S13,0,0.7795908423133459,0.5249893750187219,1,3,5,53,1372
first1,catboost_fusion,S13,0,0.3106407864334248,0.5249893750187219,0,3,6,54,1373
first1,catboost_fusion,S13,0,0.8223162447976999,0.5249893750187219,1,3,7,55,1374
first1,catboost_fusion,S13,0,0.2175468484833565,0.5249893750187219,0,3,8,56,1375
first1,catboost_fusion,S13,0,0.7574119487508129,0.5249893750187219,1,3,9,57,1376
first1,catboost_fusion,S13,0,0.2686246208918604,0.5249893750187219,0,3,10,58,1377
first1,catboost_fusion,S13,0,0.314369428696912,0.5249893750187219,0,3,13,61,1378
first1,catboost_fusion,S13,0,0.1618578194159931,0.5249893750187219,0,3,14,62,1379
first1,catboost_fusion,S13,1,0.71230687440158,0.5249893750187219,1,3,15,63,1380
first1,catboost_fusion,S13,1,0.4182815914415512,0.5249893750187219,0,3,16,64,1381
first1,catboost_fusion,S13,1,0.8362441304017018,0.5249893750187219,1,3,17,65,1382
first1,catboost_fusion,S13,0,0.6715197989617815,0.5249893750187219,1,3,18,66,1383
first1,catboost_fusion,S13,0,0.3938007902247342,0.5249893750187219,0,3,19,67,1384
first1,catboost_fusion,S13,1,0.5594883550487838,0.5249893750187219,1,3,20,68,1385
first1,catboost_fusion,S13,0,0.7094689742821709,0.5249893750187219,1,3,21,69,1386
first1,catboost_fusion,S13,1,0.7042937364829011,0.5249893750187219,1,4,1,73,1387
first1,catboost_fusion,S13,0,0.44399989911937376,0.5249893750187219,0,4,2,74,1388
first1,catboost_fusion,S13,0,0.8014645455123811,0.5249893750187219,1,4,3,75,1389
first1,catboost_fusion,S13,0,0.5088626110287988,0.5249893750187219,0,4,4,76,1390
first1,catboost_fusion,S13,0,0.7530646508669833,0.5249893750187219,1,4,5,77,1391
first1,catboost_fusion,S13,0,0.23487796406242714,0.5249893750187219,0,4,6,78,1392
first1,catboost_fusion,S13,0,0.7034069808664882,0.5249893750187219,1,4,7,79,1393
first1,catboost_fusion,S13,0,0.3448974569087431,0.5249893750187219,0,4,8,80,1394
first1,catboost_fusion,S13,0,0.6391191203589545,0.5249893750187219,1,4,9,81,1395
first1,catboost_fusion,S13,1,0.4600837484270053,0.5249893750187219,0,4,10,82,1396
first1,catboost_fusion,S13,0,0.5960610773797945,0.5249893750187219,1,4,13,85,1397
first1,catboost_fusion,S13,0,0.17418023447463288,0.5249893750187219,0,4,14,86,1398
first1,catboost_fusion,S13,0,0.2659174526096136,0.5249893750187219,0,4,15,87,1399
first1,catboost_fusion,S13,0,0.36680085837832105,0.5249893750187219,0,4,16,88,1400
first1,catboost_fusion,S13,1,0.8433276899415963,0.5249893750187219,1,4,17,89,1401
first1,catboost_fusion,S13,0,0.8532375142663882,0.5249893750187219,1,4,18,90,1402
first1,catboost_fusion,S13,0,0.6165471572969905,0.5249893750187219,1,4,19,91,1403
first1,catboost_fusion,S13,0,0.5064328722990951,0.5249893750187219,0,4,20,92,1404
first1,catboost_fusion,S13,0,0.7948368154631982,0.5249893750187219,1,4,21,93,1405
first1,catboost_fusion,S13,0,0.3284150374055445,0.5249893750187219,0,4,23,95,1406
first1,catboost_fusion,S13,0,0.46968610888539963,0.5249893750187219,0,4,24,96,1407
first1,catboost_fusion,S13,1,0.833797873611085,0.5249893750187219,1,5,1,97,1408
first1,catboost_fusion,S13,0,0.4526511681110835,0.5249893750187219,0,5,2,98,1409
first1,catboost_fusion,S13,0,0.25403076628259946,0.5249893750187219,0,5,3,99,1410
first1,catboost_fusion,S13,1,0.3205646427650444,0.5249893750187219,0,5,4,100,1411
first1,catboost_fusion,S13,0,0.25645537320857403,0.5249893750187219,0,5,5,101,1412
first1,catboost_fusion,S13,1,0.2770392215470171,0.5249893750187219,0,5,6,102,1413
first1,catboost_fusion,S13,1,0.6192394922363655,0.5249893750187219,1,5,7,103,1414
first1,catboost_fusion,S13,0,0.20028814966779057,0.5249893750187219,0,5,8,104,1415
first1,catboost_fusion,S13,1,0.5480817772797145,0.5249893750187219,1,5,9,105,1416
first1,catboost_fusion,S13,0,0.3928560800941951,0.5249893750187219,0,5,10,106,1417
first1,catboost_fusion,S13,0,0.33904716064698925,0.5249893750187219,0,5,13,109,1418
first1,catboost_fusion,S13,0,0.7484340689289043,0.5249893750187219,1,5,14,110,1419
first1,catboost_fusion,S13,1,0.7992161020316423,0.5249893750187219,1,5,15,111,1420
first1,catboost_fusion,S13,0,0.10774299663245365,0.5249893750187219,0,5,16,112,1421
first1,catboost_fusion,S13,1,0.4003022714033723,0.5249893750187219,0,5,17,113,1422
first1,catboost_fusion,S13,0,0.7250839230017091,0.5249893750187219,1,5,18,114,1423
first1,catboost_fusion,S13,0,0.12526357195630367,0.5249893750187219,0,5,19,115,1424
first1,catboost_fusion,S13,0,0.2679950367140805,0.5249893750187219,0,5,20,116,1425
first1,catboost_fusion,S13,0,0.5215407553975747,0.5249893750187219,0,5,21,117,1426
first1,catboost_fusion,S13,0,0.2232608526236321,0.5249893750187219,0,5,23,119,1427
first1,catboost_fusion,S13,0,0.34803461625482995,0.5249893750187219,0,5,24,120,1428
first1,catboost_fusion,S13,0,0.766889370639006,0.5249893750187219,1,6,1,121,1429
first1,catboost_fusion,S13,0,0.2929621680738862,0.5249893750187219,0,6,2,122,1430
first1,catboost_fusion,S13,0,0.30283596826252274,0.5249893750187219,0,6,3,123,1431
first1,catboost_fusion,S13,1,0.2788103766933094,0.5249893750187219,0,6,4,124,1432
first1,catboost_fusion,S13,0,0.7752895061052307,0.5249893750187219,1,6,5,125,1433
first1,catboost_fusion,S13,1,0.7218356487054955,0.5249893750187219,1,6,6,126,1434
first1,catboost_fusion,S13,1,0.28392748955290203,0.5249893750187219,0,6,7,127,1435
first1,catboost_fusion,S13,0,0.3616068405915139,0.5249893750187219,0,6,8,128,1436
first1,catboost_fusion,S13,0,0.724035006921049,0.5249893750187219,1,6,9,129,1437
first1,catboost_fusion,S13,1,0.2482469525233432,0.5249893750187219,0,6,10,130,1438
first1,catboost_fusion,S13,0,0.3241771670972891,0.5249893750187219,0,6,13,133,1439
first1,catboost_fusion,S13,0,0.30375950499410487,0.5249893750187219,0,6,14,134,1440
first1,catboost_fusion,S13,0,0.6024533008968929,0.5249893750187219,1,6,15,135,1441
first1,catboost_fusion,S13,0,0.5882650472553346,0.5249893750187219,1,6,16,136,1442
first1,catboost_fusion,S13,1,0.3761020076960266,0.5249893750187219,0,6,17,137,1443
first1,catboost_fusion,S13,0,0.7396999310173717,0.5249893750187219,1,6,18,138,1444
first1,catboost_fusion,S13,1,0.6504758093150441,0.5249893750187219,1,6,19,139,1445
first1,catboost_fusion,S13,0,0.3690598667210554,0.5249893750187219,0,6,20,140,1446
first1,catboost_fusion,S13,0,0.3631489299282589,0.5249893750187219,0,6,21,141,1447
first1,catboost_fusion,S13,0,0.336532944776914,0.5249893750187219,0,6,23,143,1448
first1,catboost_fusion,S14,0,0.5289792855961913,0.5389869066299279,0,1,1,1,1449
first1,catboost_fusion,S14,0,0.3088400206729583,0.5389869066299279,0,1,2,2,1450
first1,catboost_fusion,S14,0,0.3473980277048982,0.5389869066299279,0,1,3,3,1451
first1,catboost_fusion,S14,0,0.3165144719392579,0.5389869066299279,0,1,4,4,1452
first1,catboost_fusion,S14,1,0.15720513231220407,0.5389869066299279,0,1,5,5,1453
first1,catboost_fusion,S14,0,0.1644550766455088,0.5389869066299279,0,1,6,6,1454
first1,catboost_fusion,S14,0,0.24843412739112322,0.5389869066299279,0,1,7,7,1455
first1,catboost_fusion,S14,0,0.28704987914164565,0.5389869066299279,0,1,8,8,1456
first1,catboost_fusion,S14,0,0.34452998016098235,0.5389869066299279,0,1,9,9,1457
first1,catboost_fusion,S14,0,0.19120713439298237,0.5389869066299279,0,1,10,10,1458
first1,catboost_fusion,S14,0,0.49567888750207634,0.5389869066299279,0,1,11,11,1459
first1,catboost_fusion,S14,0,0.13415791037111277,0.5389869066299279,0,1,13,13,1460
first1,catboost_fusion,S14,0,0.35705598796106647,0.5389869066299279,0,1,14,14,1461
first1,catboost_fusion,S14,0,0.5279090381679329,0.5389869066299279,0,1,15,15,1462
first1,catboost_fusion,S14,0,0.2764105273327393,0.5389869066299279,0,1,16,16,1463
first1,catboost_fusion,S14,1,0.6122642304636794,0.5389869066299279,1,1,17,17,1464
first1,catboost_fusion,S14,0,0.3996153439425654,0.5389869066299279,0,1,18,18,1465
first1,catboost_fusion,S14,0,0.3256968972397345,0.5389869066299279,0,1,19,19,1466
first1,catboost_fusion,S14,0,0.45899524345105036,0.5389869066299279,0,1,20,20,1467
first1,catboost_fusion,S14,0,0.15647986594920116,0.5389869066299279,0,1,21,21,1468
first1,catboost_fusion,S14,0,0.3658654529631314,0.5389869066299279,0,1,22,22,1469
first1,catboost_fusion,S14,0,0.33851910886423014,0.5389869066299279,0,1,23,23,1470
first1,catboost_fusion,S14,0,0.19308637501849815,0.5389869066299279,0,1,24,24,1471
first1,catboost_fusion,S14,1,0.4380050137154461,0.5389869066299279,0,2,1,25,1472
first1,catboost_fusion,S14,0,0.6885158152761665,0.5389869066299279,1,2,2,26,1473
first1,catboost_fusion,S14,0,0.2588728535627822,0.5389869066299279,0,2,3,27,1474
first1,catboost_fusion,S14,0,0.510765117124808,0.5389869066299279,0,2,4,28,1475
first1,catboost_fusion,S14,0,0.3629016403388493,0.5389869066299279,0,2,5,29,1476
first1,catboost_fusion,S14,0,0.43716828816095304,0.5389869066299279,0,2,6,30,1477
first1,catboost_fusion,S14,1,0.49840053011063884,0.5389869066299279,0,2,7,31,1478
first1,catboost_fusion,S14,0,0.4636618872712395,0.5389869066299279,0,2,8,32,1479
first1,catboost_fusion,S14,0,0.2280472077034044,0.5389869066299279,0,2,9,33,1480
first1,catboost_fusion,S14,0,0.39327793281142504,0.5389869066299279,0,2,10,34,1481
first1,catboost_fusion,S14,0,0.40941623794248605,0.5389869066299279,0,2,11,35,1482
first1,catboost_fusion,S14,1,0.23080640347842044,0.5389869066299279,0,2,12,36,1483
first1,catboost_fusion,S14,0,0.47519361810094796,0.5389869066299279,0,2,13,37,1484
first1,catboost_fusion,S14,0,0.4456696096185079,0.5389869066299279,0,2,14,38,1485
first1,catboost_fusion,S14,0,0.24703937467544587,0.5389869066299279,0,2,15,39,1486
first1,catboost_fusion,S14,0,0.31345346986037326,0.5389869066299279,0,2,16,40,1487
first1,catboost_fusion,S14,0,0.2291015846261069,0.5389869066299279,0,2,17,41,1488
first1,catboost_fusion,S14,0,0.2792448103537975,0.5389869066299279,0,2,18,42,1489
first1,catboost_fusion,S14,0,0.1376835433970245,0.5389869066299279,0,2,19,43,1490
first1,catboost_fusion,S14,0,0.34223163152984853,0.5389869066299279,0,2,20,44,1491
first1,catboost_fusion,S14,0,0.3284732674889283,0.5389869066299279,0,2,21,45,1492
first1,catboost_fusion,S14,0,0.21418347956166556,0.5389869066299279,0,2,22,46,1493
first1,catboost_fusion,S14,0,0.406337416447069,0.5389869066299279,0,2,23,47,1494
first1,catboost_fusion,S14,0,0.48790620054881323,0.5389869066299279,0,2,24,48,1495
first1,catboost_fusion,S14,0,0.6831356400543726,0.5389869066299279,1,3,1,49,1496
first1,catboost_fusion,S14,0,0.41609050515745094,0.5389869066299279,0,3,2,50,1497
first1,catboost_fusion,S14,0,0.4966941410527394,0.5389869066299279,0,3,3,51,1498
first1,catboost_fusion,S14,0,0.5856438340209531,0.5389869066299279,1,3,4,52,1499
first1,catboost_fusion,S14,0,0.33244682868499503,0.5389869066299279,0,3,5,53,1500
first1,catboost_fusion,S14,0,0.437351790720416,0.5389869066299279,0,3,6,54,1501
first1,catboost_fusion,S14,0,0.4342493043065777,0.5389869066299279,0,3,7,55,1502
first1,catboost_fusion,S14,0,0.3560244079500255,0.5389869066299279,0,3,8,56,1503
first1,catboost_fusion,S14,0,0.28326860774412294,0.5389869066299279,0,3,9,57,1504
first1,catboost_fusion,S14,0,0.2976622998438216,0.5389869066299279,0,3,10,58,1505
first1,catboost_fusion,S14,0,0.2597847673704713,0.5389869066299279,0,3,11,59,1506
first1,catboost_fusion,S14,0,0.19042671147899312,0.5389869066299279,0,3,12,60,1507
first1,catboost_fusion,S14,1,0.5683998220673226,0.5389869066299279,1,3,13,61,1508
first1,catboost_fusion,S14,0,0.7681239028596228,0.5389869066299279,1,3,14,62,1509
first1,catboost_fusion,S14,0,0.5994061079050778,0.5389869066299279,1,3,15,63,1510
first1,catboost_fusion,S14,0,0.589394530061581,0.5389869066299279,1,3,16,64,1511
first1,catboost_fusion,S14,0,0.3627914009166506,0.5389869066299279,0,3,17,65,1512
first1,catboost_fusion,S14,0,0.40698337925791706,0.5389869066299279,0,3,18,66,1513
first1,catboost_fusion,S14,0,0.49733311062794927,0.5389869066299279,0,3,19,67,1514
first1,catboost_fusion,S14,0,0.8034539429466049,0.5389869066299279,1,3,20,68,1515
first1,catboost_fusion,S14,0,0.5238777678138565,0.5389869066299279,0,3,21,69,1516
first1,catboost_fusion,S14,1,0.3083089995843208,0.5389869066299279,0,3,22,70,1517
first1,catboost_fusion,S14,0,0.3771556921972347,0.5389869066299279,0,3,23,71,1518
first1,catboost_fusion,S14,0,0.40045710875579976,0.5389869066299279,0,3,24,72,1519
first1,catboost_fusion,S14,0,0.3420026502933061,0.5389869066299279,0,4,1,73,1520
first1,catboost_fusion,S14,0,0.14124380432652864,0.5389869066299279,0,4,2,74,1521
first1,catboost_fusion,S14,0,0.1969908178878392,0.5389869066299279,0,4,3,75,1522
first1,catboost_fusion,S14,0,0.14353445174403703,0.5389869066299279,0,4,4,76,1523
first1,catboost_fusion,S14,0,0.22947342987682537,0.5389869066299279,0,4,5,77,1524
first1,catboost_fusion,S14,0,0.3265230171653613,0.5389869066299279,0,4,6,78,1525
first1,catboost_fusion,S14,0,0.5270064513824657,0.5389869066299279,0,4,7,79,1526
first1,catboost_fusion,S14,0,0.4834730506314085,0.5389869066299279,0,4,11,83,1527
first1,catboost_fusion,S14,0,0.3379070989321598,0.5389869066299279,0,4,12,84,1528
first1,catboost_fusion,S14,0,0.24121368452778033,0.5389869066299279,0,4,13,85,1529
first1,catboost_fusion,S14,0,0.14943887146822635,0.5389869066299279,0,4,14,86,1530
first1,catboost_fusion,S14,0,0.17765853943959883,0.5389869066299279,0,4,15,87,1531
first1,catboost_fusion,S14,0,0.4791654485798617,0.5389869066299279,0,4,16,88,1532
first1,catboost_fusion,S14,0,0.31439161912827396,0.5389869066299279,0,4,17,89,1533
first1,catboost_fusion,S14,0,0.19977250295120985,0.5389869066299279,0,4,18,90,1534
first1,catboost_fusion,S14,0,0.407878379559922,0.5389869066299279,0,4,19,91,1535
first1,catboost_fusion,S14,0,0.31827979587318733,0.5389869066299279,0,4,20,92,1536
first1,catboost_fusion,S14,0,0.3860589874507242,0.5389869066299279,0,4,22,94,1537
first1,catboost_fusion,S14,0,0.3938468789837113,0.5389869066299279,0,4,23,95,1538
first1,catboost_fusion,S14,0,0.1531268819149241,0.5389869066299279,0,5,1,97,1539
first1,catboost_fusion,S14,0,0.22654056607811174,0.5389869066299279,0,5,2,98,1540
first1,catboost_fusion,S14,0,0.17878054784131536,0.5389869066299279,0,5,3,99,1541
first1,catboost_fusion,S14,0,0.2203913038125044,0.5389869066299279,0,5,4,100,1542
first1,catboost_fusion,S14,0,0.2623528252691348,0.5389869066299279,0,5,5,101,1543
first1,catboost_fusion,S14,0,0.30431967432204865,0.5389869066299279,0,5,6,102,1544
first1,catboost_fusion,S14,0,0.34746059328771367,0.5389869066299279,0,5,7,103,1545
first1,catboost_fusion,S14,0,0.30189288528959934,0.5389869066299279,0,5,8,104,1546
first1,catboost_fusion,S14,0,0.3601380081753253,0.5389869066299279,0,5,9,105,1547
first1,catboost_fusion,S14,0,0.2152545770894979,0.5389869066299279,0,5,10,106,1548
first1,catboost_fusion,S14,0,0.34036286728433335,0.5389869066299279,0,5,12,108,1549
first1,catboost_fusion,S14,0,0.3234433132636871,0.5389869066299279,0,5,14,110,1550
first1,catboost_fusion,S14,1,0.15182087052672397,0.5389869066299279,0,5,15,111,1551
first1,catboost_fusion,S14,0,0.1831666939594901,0.5389869066299279,0,5,16,112,1552
first1,catboost_fusion,S14,0,0.33758652050581595,0.5389869066299279,0,5,17,113,1553
first1,catboost_fusion,S14,0,0.2851576955764365,0.5389869066299279,0,5,18,114,1554
first1,catboost_fusion,S14,0,0.2681902294539787,0.5389869066299279,0,5,19,115,1555
first1,catboost_fusion,S14,0,0.4464157575489333,0.5389869066299279,0,5,20,116,1556
first1,catboost_fusion,S14,0,0.34542664849625504,0.5389869066299279,0,5,22,118,1557
first1,catboost_fusion,S14,0,0.22605230171481877,0.5389869066299279,0,5,23,119,1558
first1,catboost_fusion,S14,0,0.24441061731118102,0.5389869066299279,0,5,24,120,1559
first1,catboost_fusion,S14,0,0.26436958637485164,0.5389869066299279,0,6,1,121,1560
first1,catboost_fusion,S14,0,0.33988477706141046,0.5389869066299279,0,6,2,122,1561
first1,catboost_fusion,S14,0,0.3534806255021262,0.5389869066299279,0,6,3,123,1562
first1,catboost_fusion,S14,0,0.43558952460022254,0.5389869066299279,0,6,4,124,1563
first1,catboost_fusion,S14,0,0.3534713558485568,0.5389869066299279,0,6,5,125,1564
first1,catboost_fusion,S14,0,0.39737134094609555,0.5389869066299279,0,6,6,126,1565
first1,catboost_fusion,S14,0,0.45890119540710583,0.5389869066299279,0,6,7,127,1566
first1,catboost_fusion,S14,0,0.5910423334522927,0.5389869066299279,1,6,9,129,1567
first1,catboost_fusion,S14,0,0.5230187825172167,0.5389869066299279,0,6,10,130,1568
first1,catboost_fusion,S14,0,0.4078373476970545,0.5389869066299279,0,6,11,131,1569
first1,catboost_fusion,S14,0,0.3875110949869884,0.5389869066299279,0,6,12,132,1570
first1,catboost_fusion,S14,0,0.3493362422042768,0.5389869066299279,0,6,13,133,1571
first1,catboost_fusion,S14,0,0.4046251310513345,0.5389869066299279,0,6,14,134,1572
first1,catboost_fusion,S14,0,0.23710912939839915,0.5389869066299279,0,6,15,135,1573
first1,catboost_fusion,S14,0,0.6158308223976016,0.5389869066299279,1,6,16,136,1574
first1,catboost_fusion,S14,0,0.8281458937014552,0.5389869066299279,1,6,17,137,1575
first1,catboost_fusion,S14,0,0.273683151894733,0.5389869066299279,0,6,18,138,1576
first1,catboost_fusion,S14,0,0.3449849472094775,0.5389869066299279,0,6,19,139,1577
first1,catboost_fusion,S14,1,0.31772993894451257,0.5389869066299279,0,6,20,140,1578
first1,catboost_fusion,S14,0,0.3308854660190665,0.5389869066299279,0,6,21,141,1579
first1,catboost_fusion,S14,0,0.3883199098381629,0.5389869066299279,0,6,22,142,1580
first1,catboost_fusion,S14,0,0.3456118299618173,0.5389869066299279,0,6,23,143,1581
first1,catboost_fusion,S14,0,0.3642892146476634,0.5389869066299279,0,6,24,144,1582
first1,catboost_fusion,S15,0,0.511022138792764,0.4615002128434415,1,1,1,1,1583
first1,catboost_fusion,S15,0,0.5790421674922372,0.4615002128434415,1,1,2,2,1584
first1,catboost_fusion,S15,0,0.43583093733843536,0.4615002128434415,0,1,3,3,1585
first1,catboost_fusion,S15,1,0.6026542036264824,0.4615002128434415,1,1,4,4,1586
first1,catboost_fusion,S15,0,0.5843024581742172,0.4615002128434415,1,1,5,5,1587
first1,catboost_fusion,S15,0,0.44845440584964597,0.4615002128434415,0,1,6,6,1588
first1,catboost_fusion,S15,0,0.6569366993342671,0.4615002128434415,1,1,7,7,1589
first1,catboost_fusion,S15,0,0.6165689657578552,0.4615002128434415,1,1,8,8,1590
first1,catboost_fusion,S15,0,0.2985276292270495,0.4615002128434415,0,1,9,9,1591
first1,catboost_fusion,S15,0,0.6106069625889406,0.4615002128434415,1,1,10,10,1592
first1,catboost_fusion,S15,0,0.34970906200788976,0.4615002128434415,0,1,11,11,1593
first1,catboost_fusion,S15,0,0.5609498681841409,0.4615002128434415,1,1,12,12,1594
first1,catboost_fusion,S15,1,0.7851394566071056,0.4615002128434415,1,1,13,13,1595
first1,catboost_fusion,S15,0,0.6250224946753983,0.4615002128434415,1,1,14,14,1596
first1,catboost_fusion,S15,0,0.43201768958758396,0.4615002128434415,0,1,15,15,1597
first1,catboost_fusion,S15,0,0.5749239368071163,0.4615002128434415,1,1,16,16,1598
first1,catboost_fusion,S15,0,0.37405813552542017,0.4615002128434415,0,1,17,17,1599
first1,catboost_fusion,S15,0,0.35202340487896633,0.4615002128434415,0,1,18,18,1600
first1,catboost_fusion,S15,1,0.6682948258482818,0.4615002128434415,1,1,19,19,1601
first1,catboost_fusion,S15,0,0.2526200863772009,0.4615002128434415,0,1,20,20,1602
first1,catboost_fusion,S15,0,0.29550255209407383,0.4615002128434415,0,1,21,21,1603
first1,catboost_fusion,S15,0,0.3326883836796684,0.4615002128434415,0,1,22,22,1604
first1,catboost_fusion,S15,0,0.6260558162796703,0.4615002128434415,1,1,23,23,1605
first1,catboost_fusion,S15,0,0.7477703476451042,0.4615002128434415,1,1,24,24,1606
first1,catboost_fusion,S15,0,0.6648310399342927,0.4615002128434415,1,2,1,25,1607
first1,catboost_fusion,S15,0,0.2823064989706626,0.4615002128434415,0,2,2,26,1608
first1,catboost_fusion,S15,1,0.8286200915751024,0.4615002128434415,1,2,3,27,1609
first1,catboost_fusion,S15,1,0.37884326557707304,0.4615002128434415,0,2,4,28,1610
first1,catboost_fusion,S15,0,0.389346120523776,0.4615002128434415,0,2,5,29,1611
first1,catboost_fusion,S15,1,0.8495579252315981,0.4615002128434415,1,2,6,30,1612
first1,catboost_fusion,S15,0,0.4061872155693564,0.4615002128434415,0,2,7,31,1613
first1,catboost_fusion,S15,0,0.43759408053347615,0.4615002128434415,0,2,8,32,1614
first1,catboost_fusion,S15,0,0.5615393507993602,0.4615002128434415,1,2,9,33,1615
first1,catboost_fusion,S15,0,0.43840451347927123,0.4615002128434415,0,2,10,34,1616
first1,catboost_fusion,S15,0,0.36166425733825414,0.4615002128434415,0,2,11,35,1617
first1,catboost_fusion,S15,0,0.7611893458134487,0.4615002128434415,1,2,12,36,1618
first1,catboost_fusion,S15,0,0.8089900224546037,0.4615002128434415,1,2,13,37,1619
first1,catboost_fusion,S15,0,0.5654656212909541,0.4615002128434415,1,2,14,38,1620
first1,catboost_fusion,S15,0,0.8329779494157101,0.4615002128434415,1,2,15,39,1621
first1,catboost_fusion,S15,0,0.46750226216811924,0.4615002128434415,1,2,16,40,1622
first1,catboost_fusion,S15,0,0.8395672478913802,0.4615002128434415,1,2,17,41,1623
first1,catboost_fusion,S15,0,0.589227686439329,0.4615002128434415,1,2,18,42,1624
first1,catboost_fusion,S15,0,0.4347868204986258,0.4615002128434415,0,2,19,43,1625
first1,catboost_fusion,S15,0,0.8142596702845857,0.4615002128434415,1,2,20,44,1626
first1,catboost_fusion,S15,0,0.2926221679136055,0.4615002128434415,0,2,21,45,1627
first1,catboost_fusion,S15,0,0.286857438020146,0.4615002128434415,0,2,22,46,1628
first1,catboost_fusion,S15,0,0.39643012052967574,0.4615002128434415,0,2,23,47,1629
first1,catboost_fusion,S15,0,0.4433691557581139,0.4615002128434415,0,2,24,48,1630
first1,catboost_fusion,S15,0,0.690116706807675,0.4615002128434415,1,3,1,49,1631
first1,catboost_fusion,S15,0,0.4732089757193983,0.4615002128434415,1,3,2,50,1632
first1,catboost_fusion,S15,0,0.46054712252383745,0.4615002128434415,0,3,3,51,1633
first1,catboost_fusion,S15,1,0.5407544765591963,0.4615002128434415,1,3,4,52,1634
first1,catboost_fusion,S15,0,0.4334677704603931,0.4615002128434415,0,3,5,53,1635
first1,catboost_fusion,S15,0,0.3286535875130328,0.4615002128434415,0,3,6,54,1636
first1,catboost_fusion,S15,0,0.530483684474128,0.4615002128434415,1,3,7,55,1637
first1,catboost_fusion,S15,0,0.32483190747955804,0.4615002128434415,0,3,8,56,1638
first1,catboost_fusion,S15,1,0.5084327432472812,0.4615002128434415,1,3,9,57,1639
first1,catboost_fusion,S15,0,0.6354860212553568,0.4615002128434415,1,3,10,58,1640
first1,catboost_fusion,S15,0,0.3844901629271918,0.4615002128434415,0,3,11,59,1641
first1,catboost_fusion,S15,1,0.21466718206249708,0.4615002128434415,0,3,12,60,1642
first1,catboost_fusion,S15,0,0.4235245346053842,0.4615002128434415,0,3,13,61,1643
first1,catboost_fusion,S15,0,0.4092122044827466,0.4615002128434415,0,3,14,62,1644
first1,catboost_fusion,S15,0,0.506403794094738,0.4615002128434415,1,3,15,63,1645
first1,catboost_fusion,S15,0,0.5003457077368046,0.4615002128434415,1,3,16,64,1646
first1,catboost_fusion,S15,0,0.526822170080182,0.4615002128434415,1,3,17,65,1647
first1,catboost_fusion,S15,0,0.3608106161406368,0.4615002128434415,0,3,18,66,1648
first1,catboost_fusion,S15,0,0.7894277759948719,0.4615002128434415,1,3,19,67,1649
first1,catboost_fusion,S15,1,0.8543719324717247,0.4615002128434415,1,3,20,68,1650
first1,catboost_fusion,S15,0,0.7623355663668717,0.4615002128434415,1,3,21,69,1651
first1,catboost_fusion,S15,0,0.8318233967635168,0.4615002128434415,1,3,22,70,1652
first1,catboost_fusion,S15,0,0.5263050014034227,0.4615002128434415,1,3,23,71,1653
first1,catboost_fusion,S15,1,0.6805733194374851,0.4615002128434415,1,3,24,72,1654
first1,catboost_fusion,S15,1,0.7666219893486325,0.4615002128434415,1,4,1,73,1655
first1,catboost_fusion,S15,0,0.36015690726831917,0.4615002128434415,0,4,2,74,1656
first1,catboost_fusion,S15,0,0.23414843392833132,0.4615002128434415,0,4,3,75,1657
first1,catboost_fusion,S15,0,0.5155335671096293,0.4615002128434415,1,4,4,76,1658
first1,catboost_fusion,S15,0,0.28482032032487425,0.4615002128434415,0,4,5,77,1659
first1,catboost_fusion,S15,0,0.6181962999576647,0.4615002128434415,1,4,6,78,1660
first1,catboost_fusion,S15,0,0.6868755995941349,0.4615002128434415,1,4,7,79,1661
first1,catboost_fusion,S15,0,0.37783392525029164,0.4615002128434415,0,4,8,80,1662
first1,catboost_fusion,S15,0,0.4020259206617286,0.4615002128434415,0,4,9,81,1663
first1,catboost_fusion,S15,0,0.504843216747117,0.4615002128434415,1,4,10,82,1664
first1,catboost_fusion,S15,0,0.4398214686669026,0.4615002128434415,0,4,11,83,1665
first1,catboost_fusion,S15,0,0.4475933360629712,0.4615002128434415,0,4,12,84,1666
first1,catboost_fusion,S15,0,0.317000934255509,0.4615002128434415,0,4,13,85,1667
first1,catboost_fusion,S15,0,0.32708290145639446,0.4615002128434415,0,4,14,86,1668
first1,catboost_fusion,S15,0,0.182211802978942,0.4615002128434415,0,4,15,87,1669
first1,catboost_fusion,S15,0,0.42094142991450556,0.4615002128434415,0,4,16,88,1670
first1,catboost_fusion,S15,1,0.3214368580334167,0.4615002128434415,0,4,17,89,1671
first1,catboost_fusion,S15,0,0.3016691713083194,0.4615002128434415,0,4,18,90,1672
first1,catboost_fusion,S15,0,0.5001001468008577,0.4615002128434415,1,4,19,91,1673
first1,catboost_fusion,S15,0,0.5579319532266219,0.4615002128434415,1,4,20,92,1674
first1,catboost_fusion,S15,0,0.7939913447731296,0.4615002128434415,1,4,21,93,1675
first1,catboost_fusion,S15,0,0.4048366624600828,0.4615002128434415,0,4,22,94,1676
first1,catboost_fusion,S15,0,0.601486886664125,0.4615002128434415,1,4,23,95,1677
first1,catboost_fusion,S15,0,0.34187995800268967,0.4615002128434415,0,4,24,96,1678
first1,catboost_fusion,S15,0,0.7603940800627043,0.4615002128434415,1,5,1,97,1679
first1,catboost_fusion,S15,0,0.4526672983060629,0.4615002128434415,0,5,2,98,1680
first1,catboost_fusion,S15,0,0.8153444131428224,0.4615002128434415,1,5,3,99,1681
first1,catboost_fusion,S15,0,0.2515382797027138,0.4615002128434415,0,5,4,100,1682
first1,catboost_fusion,S15,0,0.5706515322680529,0.4615002128434415,1,5,5,101,1683
first1,catboost_fusion,S15,1,0.22858498633543006,0.4615002128434415,0,5,6,102,1684
first1,catboost_fusion,S15,1,0.5081892182521095,0.4615002128434415,1,5,7,103,1685
first1,catboost_fusion,S15,0,0.24131290282386164,0.4615002128434415,0,5,8,104,1686
first1,catboost_fusion,S15,1,0.5697119128904612,0.4615002128434415,1,5,9,105,1687
first1,catboost_fusion,S15,0,0.5036609303000055,0.4615002128434415,1,5,10,106,1688
first1,catboost_fusion,S15,0,0.6136270280167659,0.4615002128434415,1,5,11,107,1689
first1,catboost_fusion,S15,0,0.2738292302967955,0.4615002128434415,0,5,12,108,1690
first1,catboost_fusion,S15,0,0.7926480664405183,0.4615002128434415,1,5,13,109,1691
first1,catboost_fusion,S15,1,0.45902600877112115,0.4615002128434415,0,5,14,110,1692
first1,catboost_fusion,S15,1,0.6755763922412196,0.4615002128434415,1,5,15,111,1693
first1,catboost_fusion,S15,0,0.498734070819581,0.4615002128434415,1,5,16,112,1694
first1,catboost_fusion,S15,0,0.5291574869897483,0.4615002128434415,1,5,17,113,1695
first1,catboost_fusion,S15,0,0.34300742898720377,0.4615002128434415,0,5,18,114,1696
first1,catboost_fusion,S15,1,0.3587559116360177,0.4615002128434415,0,5,19,115,1697
first1,catboost_fusion,S15,0,0.6077105269817488,0.4615002128434415,1,5,20,116,1698
first1,catboost_fusion,S15,0,0.5136154772524717,0.4615002128434415,1,5,21,117,1699
first1,catboost_fusion,S15,0,0.3576701828690463,0.4615002128434415,0,5,22,118,1700
first1,catboost_fusion,S15,0,0.49193483235095786,0.4615002128434415,1,5,23,119,1701
first1,catboost_fusion,S15,1,0.19853184044447802,0.4615002128434415,0,5,24,120,1702
first1,catboost_fusion,S15,1,0.7199901246155895,0.4615002128434415,1,6,1,121,1703
first1,catboost_fusion,S15,0,0.4364581236812332,0.4615002128434415,0,6,2,122,1704
first1,catboost_fusion,S15,0,0.15750332382191193,0.4615002128434415,0,6,3,123,1705
first1,catboost_fusion,S15,1,0.8258701264373063,0.4615002128434415,1,6,4,124,1706
first1,catboost_fusion,S15,0,0.7755680790652567,0.4615002128434415,1,6,5,125,1707
first1,catboost_fusion,S15,0,0.4143276128530911,0.4615002128434415,0,6,6,126,1708
first1,catboost_fusion,S15,1,0.16916546870906765,0.4615002128434415,0,6,7,127,1709
first1,catboost_fusion,S15,0,0.29563995740075183,0.4615002128434415,0,6,8,128,1710
first1,catboost_fusion,S15,1,0.7418090073315329,0.4615002128434415,1,6,9,129,1711
first1,catboost_fusion,S15,1,0.3432861586318645,0.4615002128434415,0,6,10,130,1712
first1,catboost_fusion,S15,0,0.3681729242366727,0.4615002128434415,0,6,11,131,1713
first1,catboost_fusion,S15,0,0.7084925040024777,0.4615002128434415,1,6,12,132,1714
first1,catboost_fusion,S15,0,0.3002954477651981,0.4615002128434415,0,6,13,133,1715
first1,catboost_fusion,S15,0,0.2010783903702462,0.4615002128434415,0,6,14,134,1716
first1,catboost_fusion,S15,0,0.5364052602638008,0.4615002128434415,1,6,15,135,1717
first1,catboost_fusion,S15,1,0.7270613425150694,0.4615002128434415,1,6,16,136,1718
first1,catboost_fusion,S15,1,0.3384776084955323,0.4615002128434415,0,6,17,137,1719
first1,catboost_fusion,S15,0,0.27749674780131084,0.4615002128434415,0,6,18,138,1720
first1,catboost_fusion,S15,0,0.24397233326747422,0.4615002128434415,0,6,19,139,1721
first1,catboost_fusion,S15,0,0.37533440116824707,0.4615002128434415,0,6,20,140,1722
first1,catboost_fusion,S15,0,0.21336175245189265,0.4615002128434415,0,6,21,141,1723
first1,catboost_fusion,S15,0,0.3048758808753754,0.4615002128434415,0,6,22,142,1724
first1,catboost_fusion,S15,0,0.2795562342207725,0.4615002128434415,0,6,23,143,1725
first1,catboost_fusion,S15,1,0.4228845925161251,0.4615002128434415,0,6,24,144,1726
first1,catboost_fusion,S16,0,0.6723008757165737,0.5586403280135341,1,1,1,1,1727
first1,catboost_fusion,S16,0,0.2944053065593642,0.5586403280135341,0,1,2,2,1728
first1,catboost_fusion,S16,0,0.7120601742043788,0.5586403280135341,1,1,3,3,1729
first1,catboost_fusion,S16,0,0.5318964366329254,0.5586403280135341,0,1,4,4,1730
first1,catboost_fusion,S16,0,0.37922642580303667,0.5586403280135341,0,1,5,5,1731
first1,catboost_fusion,S16,1,0.4212917709411261,0.5586403280135341,0,1,6,6,1732
first1,catboost_fusion,S16,0,0.4844266145823792,0.5586403280135341,0,1,7,7,1733
first1,catboost_fusion,S16,1,0.4322204994540763,0.5586403280135341,0,1,8,8,1734
first1,catboost_fusion,S16,0,0.5089198468743493,0.5586403280135341,0,1,9,9,1735
first1,catboost_fusion,S16,0,0.6625835039129018,0.5586403280135341,1,1,10,10,1736
first1,catboost_fusion,S16,0,0.4760211109491257,0.5586403280135341,0,1,11,11,1737
first1,catboost_fusion,S16,0,0.33943782314074455,0.5586403280135341,0,1,12,12,1738
first1,catboost_fusion,S16,0,0.6491123872166659,0.5586403280135341,1,1,13,13,1739
first1,catboost_fusion,S16,0,0.37563589000016423,0.5586403280135341,0,1,14,14,1740
first1,catboost_fusion,S16,0,0.6223112949615225,0.5586403280135341,1,1,15,15,1741
first1,catboost_fusion,S16,0,0.6855067220349054,0.5586403280135341,1,1,16,16,1742
first1,catboost_fusion,S16,0,0.615970039535475,0.5586403280135341,1,1,17,17,1743
first1,catboost_fusion,S16,0,0.3650474524528002,0.5586403280135341,0,1,18,18,1744
first1,catboost_fusion,S16,0,0.3818800044064292,0.5586403280135341,0,1,19,19,1745
first1,catboost_fusion,S16,0,0.4667306604196599,0.5586403280135341,0,1,20,20,1746
first1,catboost_fusion,S16,0,0.7866400678334821,0.5586403280135341,1,1,21,21,1747
first1,catboost_fusion,S16,0,0.24146077222054907,0.5586403280135341,0,1,22,22,1748
first1,catboost_fusion,S16,0,0.517902305992581,0.5586403280135341,0,1,23,23,1749
first1,catboost_fusion,S16,0,0.6430651253351148,0.5586403280135341,1,1,24,24,1750
first1,catboost_fusion,S16,1,0.49029544853468426,0.5586403280135341,0,2,1,25,1751
first1,catboost_fusion,S16,1,0.3825278042240556,0.5586403280135341,0,2,2,26,1752
first1,catboost_fusion,S16,0,0.3248010879831658,0.5586403280135341,0,2,3,27,1753
first1,catboost_fusion,S16,0,0.39471096310653464,0.5586403280135341,0,2,4,28,1754
first1,catboost_fusion,S16,0,0.2748617687308441,0.5586403280135341,0,2,5,29,1755
first1,catboost_fusion,S16,0,0.32935714178623576,0.5586403280135341,0,2,6,30,1756
first1,catboost_fusion,S16,0,0.7840380583621639,0.5586403280135341,1,2,7,31,1757
first1,catboost_fusion,S16,0,0.41189833421604516,0.5586403280135341,0,2,8,32,1758
first1,catboost_fusion,S16,0,0.5421306758070783,0.5586403280135341,0,2,9,33,1759
first1,catboost_fusion,S16,0,0.6117023025587894,0.5586403280135341,1,2,10,34,1760
first1,catboost_fusion,S16,0,0.37147657314182936,0.5586403280135341,0,2,11,35,1761
first1,catboost_fusion,S16,0,0.172297977854169,0.5586403280135341,0,2,12,36,1762
first1,catboost_fusion,S16,0,0.7366988216761695,0.5586403280135341,1,2,13,37,1763
first1,catboost_fusion,S16,1,0.4374135872634752,0.5586403280135341,0,2,14,38,1764
first1,catboost_fusion,S16,0,0.44676152159574645,0.5586403280135341,0,2,15,39,1765
first1,catboost_fusion,S16,0,0.41627125863522974,0.5586403280135341,0,2,16,40,1766
first1,catboost_fusion,S16,0,0.5134517051381238,0.5586403280135341,0,2,17,41,1767
first1,catboost_fusion,S16,0,0.5767246995427228,0.5586403280135341,1,2,18,42,1768
first1,catboost_fusion,S16,0,0.3721503853813971,0.5586403280135341,0,2,19,43,1769
first1,catboost_fusion,S16,0,0.38925623770248896,0.5586403280135341,0,2,20,44,1770
first1,catboost_fusion,S16,0,0.3569550913370479,0.5586403280135341,0,2,21,45,1771
first1,catboost_fusion,S16,0,0.19410203837860363,0.5586403280135341,0,2,23,47,1772
first1,catboost_fusion,S16,0,0.5234367793634561,0.5586403280135341,0,2,24,48,1773
first1,catboost_fusion,S16,0,0.6665092123390417,0.5586403280135341,1,3,1,49,1774
first1,catboost_fusion,S16,0,0.26607605912812804,0.5586403280135341,0,3,2,50,1775
first1,catboost_fusion,S16,1,0.6418897616272058,0.5586403280135341,1,3,3,51,1776
first1,catboost_fusion,S16,0,0.32763944173024223,0.5586403280135341,0,3,4,52,1777
first1,catboost_fusion,S16,0,0.35534146209840556,0.5586403280135341,0,3,5,53,1778
first1,catboost_fusion,S16,0,0.7118543391169541,0.5586403280135341,1,3,6,54,1779
first1,catboost_fusion,S16,1,0.8328442088611119,0.5586403280135341,1,3,7,55,1780
first1,catboost_fusion,S16,0,0.30789172025008055,0.5586403280135341,0,3,8,56,1781
first1,catboost_fusion,S16,0,0.5331566146166743,0.5586403280135341,0,3,9,57,1782
first1,catboost_fusion,S16,0,0.4516763556039758,0.5586403280135341,0,3,10,58,1783
first1,catboost_fusion,S16,0,0.3224545934234661,0.5586403280135341,0,3,11,59,1784
first1,catboost_fusion,S16,0,0.21399759427786794,0.5586403280135341,0,3,12,60,1785
first1,catboost_fusion,S16,0,0.616610559176137,0.5586403280135341,1,3,13,61,1786
first1,catboost_fusion,S16,0,0.40207718390076935,0.5586403280135341,0,3,14,62,1787
first1,catboost_fusion,S16,0,0.3536811724042127,0.5586403280135341,0,3,15,63,1788
first1,catboost_fusion,S16,0,0.6957538725414975,0.5586403280135341,1,3,16,64,1789
first1,catboost_fusion,S16,0,0.7442396123074159,0.5586403280135341,1,3,17,65,1790
first1,catboost_fusion,S16,0,0.22395983255711552,0.5586403280135341,0,3,18,66,1791
first1,catboost_fusion,S16,0,0.4046563460955588,0.5586403280135341,0,3,19,67,1792
first1,catboost_fusion,S16,0,0.7526600258865389,0.5586403280135341,1,3,20,68,1793
first1,catboost_fusion,S16,0,0.4675272003788902,0.5586403280135341,0,3,21,69,1794
first1,catboost_fusion,S16,0,0.3773306230852325,0.5586403280135341,0,3,23,71,1795
first1,catboost_fusion,S16,0,0.1822055499855511,0.5586403280135341,0,3,24,72,1796
first1,catboost_fusion,S16,0,0.40136561535516363,0.5586403280135341,0,4,1,73,1797
first1,catboost_fusion,S16,0,0.2232955654357006,0.5586403280135341,0,4,2,74,1798
first1,catboost_fusion,S16,0,0.3867562903573732,0.5586403280135341,0,4,3,75,1799
first1,catboost_fusion,S16,0,0.2657128331391796,0.5586403280135341,0,4,4,76,1800
first1,catboost_fusion,S16,1,0.6194575447569917,0.5586403280135341,1,4,5,77,1801
first1,catboost_fusion,S16,0,0.343061145092649,0.5586403280135341,0,4,6,78,1802
first1,catboost_fusion,S16,0,0.5170132219465423,0.5586403280135341,0,4,7,79,1803
first1,catboost_fusion,S16,0,0.3556626706934394,0.5586403280135341,0,4,8,80,1804
first1,catboost_fusion,S16,0,0.5012522815891044,0.5586403280135341,0,4,9,81,1805
first1,catboost_fusion,S16,0,0.36551187799588514,0.5586403280135341,0,4,10,82,1806
first1,catboost_fusion,S16,0,0.4364165096213254,0.5586403280135341,0,4,11,83,1807
first1,catboost_fusion,S16,0,0.2516321982994272,0.5586403280135341,0,4,12,84,1808
first1,catboost_fusion,S16,0,0.4422284494498311,0.5586403280135341,0,4,13,85,1809
first1,catboost_fusion,S16,0,0.26499197696022575,0.5586403280135341,0,4,14,86,1810
first1,catboost_fusion,S16,0,0.2229148283833306,0.5586403280135341,0,4,15,87,1811
first1,catboost_fusion,S16,0,0.43590582532486627,0.5586403280135341,0,4,16,88,1812
first1,catboost_fusion,S16,0,0.246806976897063,0.5586403280135341,0,4,17,89,1813
first1,catboost_fusion,S16,0,0.2720491208645558,0.5586403280135341,0,4,18,90,1814
first1,catboost_fusion,S16,0,0.22560765850374045,0.5586403280135341,0,4,19,91,1815
first1,catboost_fusion,S16,0,0.3563909569397012,0.5586403280135341,0,4,20,92,1816
first1,catboost_fusion,S16,0,0.42755822318591713,0.5586403280135341,0,4,21,93,1817
first1,catboost_fusion,S16,0,0.3985290559208441,0.5586403280135341,0,4,22,94,1818
first1,catboost_fusion,S16,0,0.5225505424012828,0.5586403280135341,0,4,23,95,1819
first1,catboost_fusion,S16,0,0.6732924649852818,0.5586403280135341,1,4,24,96,1820
first1,catboost_fusion,S16,0,0.45278802388052075,0.5586403280135341,0,5,1,97,1821
first1,catboost_fusion,S16,1,0.5529589952016821,0.5586403280135341,0,5,2,98,1822
first1,catboost_fusion,S16,1,0.4079739151810203,0.5586403280135341,0,5,3,99,1823
first1,catboost_fusion,S16,1,0.7452506116146608,0.5586403280135341,1,5,4,100,1824
first1,catboost_fusion,S16,0,0.23568349864198307,0.5586403280135341,0,5,5,101,1825
first1,catboost_fusion,S16,0,0.24642295297494088,0.5586403280135341,0,5,6,102,1826
first1,catboost_fusion,S16,1,0.6184515263509255,0.5586403280135341,1,5,7,103,1827
first1,catboost_fusion,S16,0,0.4286387714177842,0.5586403280135341,0,5,8,104,1828
first1,catboost_fusion,S16,0,0.7570429337651218,0.5586403280135341,1,5,9,105,1829
first1,catboost_fusion,S16,0,0.38096542238359365,0.5586403280135341,0,5,10,106,1830
first1,catboost_fusion,S16,0,0.4725811073433807,0.5586403280135341,0,5,11,107,1831
first1,catboost_fusion,S16,0,0.3914910629046468,0.5586403280135341,0,5,12,108,1832
first1,catboost_fusion,S16,0,0.37843440939902095,0.5586403280135341,0,5,13,109,1833
first1,catboost_fusion,S16,0,0.5776145441922412,0.5586403280135341,1,5,14,110,1834
first1,catboost_fusion,S16,0,0.7268155602143722,0.5586403280135341,1,5,15,111,1835
first1,catboost_fusion,S16,0,0.4386137022487689,0.5586403280135341,0,5,16,112,1836
first1,catboost_fusion,S16,1,0.4678473730826843,0.5586403280135341,0,5,17,113,1837
first1,catboost_fusion,S16,1,0.23023339116970726,0.5586403280135341,0,5,18,114,1838
first1,catboost_fusion,S16,0,0.1931566107313576,0.5586403280135341,0,5,19,115,1839
first1,catboost_fusion,S16,0,0.29542347131716623,0.5586403280135341,0,5,20,116,1840
first1,catboost_fusion,S16,0,0.5074257860126045,0.5586403280135341,0,5,21,117,1841
first1,catboost_fusion,S16,0,0.4123859199212744,0.5586403280135341,0,5,22,118,1842
first1,catboost_fusion,S16,0,0.5095057390447034,0.5586403280135341,0,5,23,119,1843
first1,catboost_fusion,S16,1,0.7434079101139679,0.5586403280135341,1,5,24,120,1844
first1,catboost_fusion,S16,0,0.631323951496688,0.5586403280135341,1,6,1,121,1845
first1,catboost_fusion,S16,0,0.1811475843893808,0.5586403280135341,0,6,2,122,1846
first1,catboost_fusion,S16,0,0.26703728393255655,0.5586403280135341,0,6,3,123,1847
first1,catboost_fusion,S16,0,0.30568290963485195,0.5586403280135341,0,6,4,124,1848
first1,catboost_fusion,S16,0,0.22297713418226536,0.5586403280135341,0,6,5,125,1849
first1,catboost_fusion,S16,0,0.19132358936557492,0.5586403280135341,0,6,6,126,1850
first1,catboost_fusion,S16,1,0.5293743603670013,0.5586403280135341,0,6,7,127,1851
first1,catboost_fusion,S16,0,0.660808509175873,0.5586403280135341,1,6,8,128,1852
first1,catboost_fusion,S16,0,0.2919996696920442,0.5586403280135341,0,6,9,129,1853
first1,catboost_fusion,S16,0,0.4176724350481837,0.5586403280135341,0,6,10,130,1854
first1,catboost_fusion,S16,1,0.16507881953117287,0.5586403280135341,0,6,11,131,1855
first1,catboost_fusion,S16,0,0.41744670893310004,0.5586403280135341,0,6,12,132,1856
first1,catboost_fusion,S16,0,0.2981962593650708,0.5586403280135341,0,6,13,133,1857
first1,catboost_fusion,S16,0,0.3133178602194433,0.5586403280135341,0,6,14,134,1858
first1,catboost_fusion,S16,0,0.3850376918696198,0.5586403280135341,0,6,15,135,1859
first1,catboost_fusion,S16,0,0.36646057948834254,0.5586403280135341,0,6,16,136,1860
first1,catboost_fusion,S16,0,0.333690579339737,0.5586403280135341,0,6,17,137,1861
first1,catboost_fusion,S16,0,0.6215424504680621,0.5586403280135341,1,6,18,138,1862
first1,catboost_fusion,S16,0,0.1715273620627098,0.5586403280135341,0,6,19,139,1863
first1,catboost_fusion,S16,0,0.3361481688547912,0.5586403280135341,0,6,20,140,1864
first1,catboost_fusion,S16,0,0.4077003421700372,0.5586403280135341,0,6,21,141,1865
first1,catboost_fusion,S16,0,0.2723296671773239,0.5586403280135341,0,6,22,142,1866
first1,catboost_fusion,S16,0,0.35748543880138817,0.5586403280135341,0,6,23,143,1867
first1,catboost_fusion,S16,1,0.5701791549007756,0.5586403280135341,1,6,24,144,1868
first1,catboost_fusion,S17,0,0.7193935139935955,0.5154699481963559,1,1,1,1,1869
first1,catboost_fusion,S17,1,0.4233360839597132,0.5154699481963559,0,1,2,2,1870
first1,catboost_fusion,S17,0,0.2921418611226195,0.5154699481963559,0,1,3,3,1871
first1,catboost_fusion,S17,0,0.26210026811130777,0.5154699481963559,0,1,4,4,1872
first1,catboost_fusion,S17,0,0.5036472693363866,0.5154699481963559,0,1,5,5,1873
first1,catboost_fusion,S17,0,0.5470519073403705,0.5154699481963559,1,1,6,6,1874
first1,catboost_fusion,S17,0,0.22109402886621146,0.5154699481963559,0,1,7,7,1875
first1,catboost_fusion,S17,1,0.8125794167746486,0.5154699481963559,1,1,8,8,1876
first1,catboost_fusion,S17,0,0.44370324165120006,0.5154699481963559,0,1,9,9,1877
first1,catboost_fusion,S17,0,0.2722443185655442,0.5154699481963559,0,1,10,10,1878
first1,catboost_fusion,S17,0,0.3689407017765593,0.5154699481963559,0,1,11,11,1879
first1,catboost_fusion,S17,0,0.3637877269994657,0.5154699481963559,0,1,12,12,1880
first1,catboost_fusion,S17,0,0.5294194745093426,0.5154699481963559,1,1,13,13,1881
first1,catboost_fusion,S17,0,0.4632036625390734,0.5154699481963559,0,1,14,14,1882
first1,catboost_fusion,S17,1,0.7499193028545502,0.5154699481963559,1,1,16,16,1883
first1,catboost_fusion,S17,0,0.6035868019353019,0.5154699481963559,1,1,17,17,1884
first1,catboost_fusion,S17,0,0.40786375311342044,0.5154699481963559,0,1,18,18,1885
first1,catboost_fusion,S17,0,0.713028754438551,0.5154699481963559,1,1,19,19,1886
first1,catboost_fusion,S17,1,0.4532445160046747,0.5154699481963559,0,1,20,20,1887
first1,catboost_fusion,S17,0,0.4671598145835802,0.5154699481963559,0,1,21,21,1888
first1,catboost_fusion,S17,0,0.5208384728053742,0.5154699481963559,1,1,22,22,1889
first1,catboost_fusion,S17,0,0.3665811356150495,0.5154699481963559,0,1,23,23,1890
first1,catboost_fusion,S17,0,0.4020086519258591,0.5154699481963559,0,1,24,24,1891
first1,catboost_fusion,S17,0,0.23021726101560785,0.5154699481963559,0,2,1,25,1892
first1,catboost_fusion,S17,0,0.37246993195538486,0.5154699481963559,0,2,2,26,1893
first1,catboost_fusion,S17,0,0.28523426384550904,0.5154699481963559,0,2,3,27,1894
first1,catboost_fusion,S17,1,0.34700847469343254,0.5154699481963559,0,2,4,28,1895
first1,catboost_fusion,S17,0,0.26168396655651804,0.5154699481963559,0,2,5,29,1896
first1,catboost_fusion,S17,0,0.2860552921192979,0.5154699481963559,0,2,6,30,1897
first1,catboost_fusion,S17,1,0.7996267710722103,0.5154699481963559,1,2,7,31,1898
first1,catboost_fusion,S17,0,0.5172841852950589,0.5154699481963559,1,2,8,32,1899
first1,catboost_fusion,S17,0,0.42112784393479247,0.5154699481963559,0,2,9,33,1900
first1,catboost_fusion,S17,0,0.35460119951501307,0.5154699481963559,0,2,10,34,1901
first1,catboost_fusion,S17,0,0.276778838918513,0.5154699481963559,0,2,12,36,1902
first1,catboost_fusion,S17,0,0.34042979217573993,0.5154699481963559,0,2,13,37,1903
first1,catboost_fusion,S17,1,0.44576915121105126,0.5154699481963559,0,2,14,38,1904
first1,catboost_fusion,S17,0,0.24712938924907005,0.5154699481963559,0,2,15,39,1905
first1,catboost_fusion,S17,0,0.33586455466674964,0.5154699481963559,0,2,16,40,1906
first1,catboost_fusion,S17,0,0.3116019972245983,0.5154699481963559,0,2,17,41,1907
first1,catboost_fusion,S17,0,0.3831462720846379,0.5154699481963559,0,2,19,43,1908
first1,catboost_fusion,S17,0,0.5428738864761643,0.5154699481963559,1,2,20,44,1909
first1,catboost_fusion,S17,0,0.4678315219271699,0.5154699481963559,0,2,21,45,1910
first1,catboost_fusion,S17,0,0.3590400233239416,0.5154699481963559,0,2,22,46,1911
first1,catboost_fusion,S17,0,0.2744928526996447,0.5154699481963559,0,2,23,47,1912
first1,catboost_fusion,S17,0,0.3157314057599741,0.5154699481963559,0,3,1,49,1913
first1,catboost_fusion,S17,0,0.35037243985572525,0.5154699481963559,0,3,2,50,1914
first1,catboost_fusion,S17,0,0.37134624175014413,0.5154699481963559,0,3,3,51,1915
first1,catboost_fusion,S17,0,0.30912069342526255,0.5154699481963559,0,3,4,52,1916
first1,catboost_fusion,S17,1,0.37457818973413076,0.5154699481963559,0,3,5,53,1917
first1,catboost_fusion,S17,0,0.37936729804811226,0.5154699481963559,0,3,6,54,1918
first1,catboost_fusion,S17,0,0.3705017011270638,0.5154699481963559,0,3,7,55,1919
first1,catboost_fusion,S17,0,0.7529807173950197,0.5154699481963559,1,3,8,56,1920
first1,catboost_fusion,S17,1,0.7605108072244748,0.5154699481963559,1,3,10,58,1921
first1,catboost_fusion,S17,0,0.3516040070018559,0.5154699481963559,0,3,11,59,1922
first1,catboost_fusion,S17,0,0.3791857599021126,0.5154699481963559,0,3,12,60,1923
first1,catboost_fusion,S17,0,0.14922125040507225,0.5154699481963559,0,3,13,61,1924
first1,catboost_fusion,S17,0,0.351807921020546,0.5154699481963559,0,3,14,62,1925
first1,catboost_fusion,S17,0,0.23432618950228173,0.5154699481963559,0,3,15,63,1926
first1,catboost_fusion,S17,0,0.5262741149530448,0.5154699481963559,1,3,16,64,1927
first1,catboost_fusion,S17,0,0.4098522020180314,0.5154699481963559,0,3,17,65,1928
first1,catboost_fusion,S17,0,0.3051653919764766,0.5154699481963559,0,3,18,66,1929
first1,catboost_fusion,S17,0,0.45019825578491984,0.5154699481963559,0,3,19,67,1930
first1,catboost_fusion,S17,1,0.5688454675350283,0.5154699481963559,1,3,20,68,1931
first1,catboost_fusion,S17,0,0.44133480582746154,0.5154699481963559,0,3,21,69,1932
first1,catboost_fusion,S17,0,0.3601672464086542,0.5154699481963559,0,3,22,70,1933
first1,catboost_fusion,S17,0,0.2854919167692569,0.5154699481963559,0,3,23,71,1934
first1,catboost_fusion,S17,1,0.36307676844837733,0.5154699481963559,0,3,24,72,1935
first1,catboost_fusion,S17,0,0.3886923708840907,0.5154699481963559,0,4,1,73,1936
first1,catboost_fusion,S17,0,0.2766470406244802,0.5154699481963559,0,4,2,74,1937
first1,catboost_fusion,S17,0,0.266895471586435,0.5154699481963559,0,4,3,75,1938
first1,catboost_fusion,S17,0,0.21995212256016955,0.5154699481963559,0,4,4,76,1939
first1,catboost_fusion,S17,0,0.28385285275761385,0.5154699481963559,0,4,5,77,1940
first1,catboost_fusion,S17,0,0.2667231497701525,0.5154699481963559,0,4,6,78,1941
first1,catboost_fusion,S17,0,0.2863855069885741,0.5154699481963559,0,4,7,79,1942
first1,catboost_fusion,S17,0,0.2975679828453961,0.5154699481963559,0,4,8,80,1943
first1,catboost_fusion,S17,0,0.34955893980490954,0.5154699481963559,0,4,9,81,1944
first1,catboost_fusion,S17,0,0.29473327712830305,0.5154699481963559,0,4,10,82,1945
first1,catboost_fusion,S17,0,0.337499231169608,0.5154699481963559,0,4,11,83,1946
first1,catboost_fusion,S17,0,0.34282460849096486,0.5154699481963559,0,4,12,84,1947
first1,catboost_fusion,S17,0,0.4569843843142003,0.5154699481963559,0,4,13,85,1948
first1,catboost_fusion,S17,0,0.3744857662045085,0.5154699481963559,0,4,14,86,1949
first1,catboost_fusion,S17,0,0.3888308462643028,0.5154699481963559,0,4,15,87,1950
first1,catboost_fusion,S17,0,0.24164742046849508,0.5154699481963559,0,4,16,88,1951
first1,catboost_fusion,S17,0,0.4483500004850639,0.5154699481963559,0,4,17,89,1952
first1,catboost_fusion,S17,0,0.3230750800078281,0.5154699481963559,0,4,19,91,1953
first1,catboost_fusion,S17,0,0.39514818923477857,0.5154699481963559,0,4,20,92,1954
first1,catboost_fusion,S17,0,0.43425311584411325,0.5154699481963559,0,4,22,94,1955
first1,catboost_fusion,S17,0,0.28660183311585863,0.5154699481963559,0,4,23,95,1956
first1,catboost_fusion,S17,0,0.3713373355881965,0.5154699481963559,0,4,24,96,1957
first1,catboost_fusion,S17,0,0.2614500888540128,0.5154699481963559,0,5,1,97,1958
first1,catboost_fusion,S17,0,0.18492504216105643,0.5154699481963559,0,5,2,98,1959
first1,catboost_fusion,S17,1,0.2630825149743749,0.5154699481963559,0,5,3,99,1960
first1,catboost_fusion,S17,1,0.2308215879537669,0.5154699481963559,0,5,4,100,1961
first1,catboost_fusion,S17,0,0.3253671301847373,0.5154699481963559,0,5,5,101,1962
first1,catboost_fusion,S17,0,0.3541668986921307,0.5154699481963559,0,5,6,102,1963
first1,catboost_fusion,S17,0,0.3736298832179531,0.5154699481963559,0,5,7,103,1964
first1,catboost_fusion,S17,1,0.353995930858573,0.5154699481963559,0,5,8,104,1965
first1,catboost_fusion,S17,0,0.3068841732197085,0.5154699481963559,0,5,9,105,1966
first1,catboost_fusion,S17,1,0.32378133759689615,0.5154699481963559,0,5,10,106,1967
first1,catboost_fusion,S17,0,0.18130335401723832,0.5154699481963559,0,5,11,107,1968
first1,catboost_fusion,S17,0,0.20878106082831388,0.5154699481963559,0,5,13,109,1969
first1,catboost_fusion,S17,0,0.6804911733509493,0.5154699481963559,1,5,14,110,1970
first1,catboost_fusion,S17,0,0.3599198823213308,0.5154699481963559,0,5,15,111,1971
first1,catboost_fusion,S17,0,0.21761545856488845,0.5154699481963559,0,5,16,112,1972
first1,catboost_fusion,S17,0,0.3083547862741834,0.5154699481963559,0,5,17,113,1973
first1,catboost_fusion,S17,1,0.41512804862476577,0.5154699481963559,0,5,18,114,1974
first1,catboost_fusion,S17,0,0.26114799953884515,0.5154699481963559,0,5,19,115,1975
first1,catboost_fusion,S17,0,0.5097586211365778,0.5154699481963559,0,5,20,116,1976
first1,catboost_fusion,S17,1,0.39189391785108313,0.5154699481963559,0,5,23,119,1977
first1,catboost_fusion,S17,0,0.4049278207058305,0.5154699481963559,0,5,24,120,1978
first1,catboost_fusion,S17,1,0.1980854709965962,0.5154699481963559,0,6,1,121,1979
first1,catboost_fusion,S17,0,0.2755214206140558,0.5154699481963559,0,6,2,122,1980
first1,catboost_fusion,S17,0,0.28528324266897476,0.5154699481963559,0,6,3,123,1981
first1,catboost_fusion,S17,0,0.2212891446108512,0.5154699481963559,0,6,4,124,1982
first1,catboost_fusion,S17,0,0.4329423386966893,0.5154699481963559,0,6,5,125,1983
first1,catboost_fusion,S17,0,0.37159902968586556,0.5154699481963559,0,6,6,126,1984
first1,catboost_fusion,S17,0,0.20034565024509685,0.5154699481963559,0,6,7,127,1985
first1,catboost_fusion,S17,0,0.36027670036340015,0.5154699481963559,0,6,8,128,1986
first1,catboost_fusion,S17,0,0.10235666234022761,0.5154699481963559,0,6,9,129,1987
first1,catboost_fusion,S17,0,0.21026430106115804,0.5154699481963559,0,6,10,130,1988
first1,catboost_fusion,S17,1,0.2933800781559355,0.5154699481963559,0,6,11,131,1989
first1,catboost_fusion,S17,0,0.25450822717914345,0.5154699481963559,0,6,12,132,1990
first1,catboost_fusion,S17,0,0.3452874223044022,0.5154699481963559,0,6,13,133,1991
first1,catboost_fusion,S17,0,0.2514302633327398,0.5154699481963559,0,6,14,134,1992
first1,catboost_fusion,S17,0,0.268602869900389,0.5154699481963559,0,6,15,135,1993
first1,catboost_fusion,S17,1,0.63767389996217,0.5154699481963559,1,6,16,136,1994
first1,catboost_fusion,S17,0,0.4623144192886302,0.5154699481963559,0,6,17,137,1995
first1,catboost_fusion,S17,0,0.48068017697685156,0.5154699481963559,0,6,19,139,1996
first1,catboost_fusion,S17,0,0.4659494249629851,0.5154699481963559,0,6,20,140,1997
first1,catboost_fusion,S17,0,0.3346810317285036,0.5154699481963559,0,6,21,141,1998
first1,catboost_fusion,S17,1,0.39317162118020044,0.5154699481963559,0,6,22,142,1999
first1,catboost_fusion,S17,0,0.49125898293755577,0.5154699481963559,0,6,23,143,2000
first1,catboost_fusion,S17,0,0.3488205674676602,0.5154699481963559,0,6,24,144,2001
first1,catboost_fusion,S18,0,0.8178853875213515,0.5884557312113365,1,1,1,1,2002
first1,catboost_fusion,S18,0,0.4608401206531306,0.5884557312113365,0,1,2,2,2003
first1,catboost_fusion,S18,0,0.3154050435415683,0.5884557312113365,0,1,3,3,2004
first1,catboost_fusion,S18,0,0.5456521658271338,0.5884557312113365,0,1,4,4,2005
first1,catboost_fusion,S18,0,0.3461337465284584,0.5884557312113365,0,1,5,5,2006
first1,catboost_fusion,S18,1,0.5349004700292233,0.5884557312113365,0,1,6,6,2007
first1,catboost_fusion,S18,0,0.34944344065115324,0.5884557312113365,0,1,7,7,2008
first1,catboost_fusion,S18,0,0.3981251700545819,0.5884557312113365,0,1,8,8,2009
first1,catboost_fusion,S18,0,0.23490967231528445,0.5884557312113365,0,1,9,9,2010
first1,catboost_fusion,S18,1,0.7910554263810542,0.5884557312113365,1,1,10,10,2011
first1,catboost_fusion,S18,0,0.2599485371036632,0.5884557312113365,0,1,11,11,2012
first1,catboost_fusion,S18,0,0.19673676365330356,0.5884557312113365,0,1,12,12,2013
first1,catboost_fusion,S18,0,0.54116694399872,0.5884557312113365,0,1,13,13,2014
first1,catboost_fusion,S18,0,0.44439879560638906,0.5884557312113365,0,1,14,14,2015
first1,catboost_fusion,S18,0,0.35615580687690074,0.5884557312113365,0,1,15,15,2016
first1,catboost_fusion,S18,1,0.28333907951843296,0.5884557312113365,0,1,16,16,2017
first1,catboost_fusion,S18,0,0.22628757936663224,0.5884557312113365,0,1,17,17,2018
first1,catboost_fusion,S18,0,0.3512646592389711,0.5884557312113365,0,1,18,18,2019
first1,catboost_fusion,S18,0,0.3819639504678555,0.5884557312113365,0,1,19,19,2020
first1,catboost_fusion,S18,0,0.5009134796346457,0.5884557312113365,0,1,20,20,2021
first1,catboost_fusion,S18,0,0.3134037119869964,0.5884557312113365,0,1,21,21,2022
first1,catboost_fusion,S18,0,0.35664519237855036,0.5884557312113365,0,1,22,22,2023
first1,catboost_fusion,S18,0,0.46444532573905745,0.5884557312113365,0,1,23,23,2024
first1,catboost_fusion,S18,0,0.3420800856024021,0.5884557312113365,0,1,24,24,2025
first1,catboost_fusion,S18,0,0.4013662817980506,0.5884557312113365,0,2,1,25,2026
first1,catboost_fusion,S18,0,0.36851214971074553,0.5884557312113365,0,2,2,26,2027
first1,catboost_fusion,S18,0,0.357880460015653,0.5884557312113365,0,2,3,27,2028
first1,catboost_fusion,S18,0,0.4389595433405744,0.5884557312113365,0,2,4,28,2029
first1,catboost_fusion,S18,0,0.4852546333841382,0.5884557312113365,0,2,5,29,2030
first1,catboost_fusion,S18,0,0.1559609914795656,0.5884557312113365,0,2,6,30,2031
first1,catboost_fusion,S18,0,0.5531519775482453,0.5884557312113365,0,2,7,31,2032
first1,catboost_fusion,S18,0,0.40959849006521776,0.5884557312113365,0,2,8,32,2033
first1,catboost_fusion,S18,1,0.32204813178180974,0.5884557312113365,0,2,9,33,2034
first1,catboost_fusion,S18,0,0.3060060752025933,0.5884557312113365,0,2,10,34,2035
first1,catboost_fusion,S18,0,0.3995396997599171,0.5884557312113365,0,2,11,35,2036
first1,catboost_fusion,S18,0,0.611048320385077,0.5884557312113365,1,2,12,36,2037
first1,catboost_fusion,S18,0,0.34734976029022213,0.5884557312113365,0,2,13,37,2038
first1,catboost_fusion,S18,0,0.2281916156172656,0.5884557312113365,0,2,14,38,2039
first1,catboost_fusion,S18,0,0.4417589895156037,0.5884557312113365,0,2,15,39,2040
first1,catboost_fusion,S18,0,0.3471985213634637,0.5884557312113365,0,2,16,40,2041
first1,catboost_fusion,S18,0,0.37304702766934,0.5884557312113365,0,2,17,41,2042
first1,catboost_fusion,S18,0,0.4521086485852566,0.5884557312113365,0,2,18,42,2043
first1,catboost_fusion,S18,0,0.3460119072192139,0.5884557312113365,0,2,19,43,2044
first1,catboost_fusion,S18,0,0.3602778181657327,0.5884557312113365,0,2,20,44,2045
first1,catboost_fusion,S18,0,0.28196866733957293,0.5884557312113365,0,2,21,45,2046
first1,catboost_fusion,S18,0,0.683451866147935,0.5884557312113365,1,2,22,46,2047
first1,catboost_fusion,S18,0,0.29074225594847874,0.5884557312113365,0,2,23,47,2048
first1,catboost_fusion,S18,0,0.345634857781962,0.5884557312113365,0,2,24,48,2049
first1,catboost_fusion,S18,0,0.8022563733391517,0.5884557312113365,1,3,1,49,2050
first1,catboost_fusion,S18,1,0.30715805621185877,0.5884557312113365,0,3,2,50,2051
first1,catboost_fusion,S18,0,0.2035419449095023,0.5884557312113365,0,3,3,51,2052
first1,catboost_fusion,S18,0,0.35354520010710194,0.5884557312113365,0,3,4,52,2053
first1,catboost_fusion,S18,0,0.1260054468698278,0.5884557312113365,0,3,5,53,2054
first1,catboost_fusion,S18,0,0.3580923023604584,0.5884557312113365,0,3,6,54,2055
first1,catboost_fusion,S18,0,0.3595246073838115,0.5884557312113365,0,3,7,55,2056
first1,catboost_fusion,S18,0,0.4310504800779723,0.5884557312113365,0,3,8,56,2057
first1,catboost_fusion,S18,0,0.35169096527390337,0.5884557312113365,0,3,9,57,2058
first1,catboost_fusion,S18,0,0.5961485214245932,0.5884557312113365,1,3,10,58,2059
first1,catboost_fusion,S18,0,0.18113065550777446,0.5884557312113365,0,3,11,59,2060
first1,catboost_fusion,S18,0,0.3370087811314234,0.5884557312113365,0,3,12,60,2061
first1,catboost_fusion,S18,0,0.40449999070463,0.5884557312113365,0,3,13,61,2062
first1,catboost_fusion,S18,0,0.29481457806656497,0.5884557312113365,0,3,14,62,2063
first1,catboost_fusion,S18,0,0.40174315387054915,0.5884557312113365,0,3,15,63,2064
first1,catboost_fusion,S18,1,0.1597148043344278,0.5884557312113365,0,3,16,64,2065
first1,catboost_fusion,S18,0,0.27061233621437725,0.5884557312113365,0,3,17,65,2066
first1,catboost_fusion,S18,0,0.2864543401559248,0.5884557312113365,0,3,18,66,2067
first1,catboost_fusion,S18,1,0.3402702796534652,0.5884557312113365,0,3,19,67,2068
first1,catboost_fusion,S18,1,0.6796035726869163,0.5884557312113365,1,3,20,68,2069
first1,catboost_fusion,S18,0,0.26933716741422165,0.5884557312113365,0,3,21,69,2070
first1,catboost_fusion,S18,0,0.39196781365333144,0.5884557312113365,0,3,22,70,2071
first1,catboost_fusion,S18,0,0.5780193181741985,0.5884557312113365,0,3,23,71,2072
first1,catboost_fusion,S18,0,0.2818516800208779,0.5884557312113365,0,3,24,72,2073
first1,catboost_fusion,S18,0,0.7619995025724997,0.5884557312113365,1,4,1,73,2074
first1,catboost_fusion,S18,0,0.2746131155843037,0.5884557312113365,0,4,2,74,2075
first1,catboost_fusion,S18,1,0.4861298986425486,0.5884557312113365,0,4,3,75,2076
first1,catboost_fusion,S18,0,0.3006717109663918,0.5884557312113365,0,4,4,76,2077
first1,catboost_fusion,S18,0,0.30577650502057435,0.5884557312113365,0,4,5,77,2078
first1,catboost_fusion,S18,0,0.35737272900137035,0.5884557312113365,0,4,6,78,2079
first1,catboost_fusion,S18,0,0.47004047263172904,0.5884557312113365,0,4,7,79,2080
first1,catboost_fusion,S18,0,0.20356528103524033,0.5884557312113365,0,4,8,80,2081
first1,catboost_fusion,S18,0,0.6498521699095872,0.5884557312113365,1,4,10,82,2082
first1,catboost_fusion,S18,0,0.2837569676988799,0.5884557312113365,0,4,11,83,2083
first1,catboost_fusion,S18,0,0.302304748046069,0.5884557312113365,0,4,12,84,2084
first1,catboost_fusion,S18,0,0.15544705337084952,0.5884557312113365,0,4,13,85,2085
first1,catboost_fusion,S18,0,0.6847482510510874,0.5884557312113365,1,4,14,86,2086
first1,catboost_fusion,S18,0,0.437163209374031,0.5884557312113365,0,4,15,87,2087
first1,catboost_fusion,S18,1,0.49857371293560176,0.5884557312113365,0,4,16,88,2088
first1,catboost_fusion,S18,0,0.3297228934096574,0.5884557312113365,0,4,18,90,2089
first1,catboost_fusion,S18,0,0.27974295709600894,0.5884557312113365,0,4,19,91,2090
first1,catboost_fusion,S18,0,0.18176395744665852,0.5884557312113365,0,4,20,92,2091
first1,catboost_fusion,S18,0,0.2963025231241567,0.5884557312113365,0,4,21,93,2092
first1,catboost_fusion,S18,0,0.18387511857194783,0.5884557312113365,0,4,23,95,2093
first1,catboost_fusion,S18,0,0.31475715833555545,0.5884557312113365,0,4,24,96,2094
first1,catboost_fusion,S18,0,0.7565191652261064,0.5884557312113365,1,5,1,97,2095
first1,catboost_fusion,S18,0,0.33769873557882585,0.5884557312113365,0,5,2,98,2096
first1,catboost_fusion,S18,1,0.41884169345917055,0.5884557312113365,0,5,3,99,2097
first1,catboost_fusion,S18,0,0.6172392506409895,0.5884557312113365,1,5,4,100,2098
first1,catboost_fusion,S18,1,0.38848717840090125,0.5884557312113365,0,5,5,101,2099
first1,catboost_fusion,S18,0,0.24486254697597332,0.5884557312113365,0,5,6,102,2100
first1,catboost_fusion,S18,1,0.283047289176263,0.5884557312113365,0,5,7,103,2101
first1,catboost_fusion,S18,0,0.16877554249027052,0.5884557312113365,0,5,8,104,2102
first1,catboost_fusion,S18,0,0.41311985554689645,0.5884557312113365,0,5,9,105,2103
first1,catboost_fusion,S18,0,0.5914578134028696,0.5884557312113365,1,5,10,106,2104
first1,catboost_fusion,S18,0,0.36665293086271533,0.5884557312113365,0,5,11,107,2105
first1,catboost_fusion,S18,0,0.2692584598883051,0.5884557312113365,0,5,12,108,2106
first1,catboost_fusion,S18,0,0.2576392086072634,0.5884557312113365,0,5,13,109,2107
first1,catboost_fusion,S18,1,0.8101302352625498,0.5884557312113365,1,5,14,110,2108
first1,catboost_fusion,S18,0,0.2549480882758034,0.5884557312113365,0,5,15,111,2109
first1,catboost_fusion,S18,0,0.5765717443270936,0.5884557312113365,0,5,16,112,2110
first1,catboost_fusion,S18,0,0.4016602614849648,0.5884557312113365,0,5,17,113,2111
first1,catboost_fusion,S18,1,0.45533694853013934,0.5884557312113365,0,5,18,114,2112
first1,catboost_fusion,S18,1,0.5025320601557988,0.5884557312113365,0,5,19,115,2113
first1,catboost_fusion,S18,0,0.5379027238354152,0.5884557312113365,0,5,20,116,2114
first1,catboost_fusion,S18,0,0.42186790536123014,0.5884557312113365,0,5,21,117,2115
first1,catboost_fusion,S18,0,0.46014821339124307,0.5884557312113365,0,5,22,118,2116
first1,catboost_fusion,S18,0,0.6483475713654647,0.5884557312113365,1,5,23,119,2117
first1,catboost_fusion,S18,1,0.6892030572214499,0.5884557312113365,1,5,24,120,2118
first1,catboost_fusion,S18,0,0.37135230237110656,0.5884557312113365,0,6,1,121,2119
first1,catboost_fusion,S18,0,0.484773578156466,0.5884557312113365,0,6,2,122,2120
first1,catboost_fusion,S18,0,0.2609027905961599,0.5884557312113365,0,6,3,123,2121
first1,catboost_fusion,S18,1,0.36935849994464603,0.5884557312113365,0,6,4,124,2122
first1,catboost_fusion,S18,0,0.2639813764589714,0.5884557312113365,0,6,5,125,2123
first1,catboost_fusion,S18,0,0.23078395510733338,0.5884557312113365,0,6,6,126,2124
first1,catboost_fusion,S18,1,0.25234614207006256,0.5884557312113365,0,6,7,127,2125
first1,catboost_fusion,S18,0,0.32244028761850907,0.5884557312113365,0,6,8,128,2126
first1,catboost_fusion,S18,0,0.13968411286819613,0.5884557312113365,0,6,9,129,2127
first1,catboost_fusion,S18,0,0.4502511649101557,0.5884557312113365,0,6,10,130,2128
first1,catboost_fusion,S18,0,0.23383174349754643,0.5884557312113365,0,6,11,131,2129
first1,catboost_fusion,S18,0,0.23725590425182766,0.5884557312113365,0,6,13,133,2130
first1,catboost_fusion,S18,0,0.31425519929338064,0.5884557312113365,0,6,14,134,2131
first1,catboost_fusion,S18,0,0.4264123348318179,0.5884557312113365,0,6,15,135,2132
first1,catboost_fusion,S18,0,0.28105157725807134,0.5884557312113365,0,6,16,136,2133
first1,catboost_fusion,S18,0,0.3144270991721577,0.5884557312113365,0,6,17,137,2134
first1,catboost_fusion,S18,0,0.2623426117555781,0.5884557312113365,0,6,18,138,2135
first1,catboost_fusion,S18,0,0.2496619928466768,0.5884557312113365,0,6,19,139,2136
first1,catboost_fusion,S18,0,0.18515110504783003,0.5884557312113365,0,6,20,140,2137
first1,catboost_fusion,S18,0,0.23133077832102958,0.5884557312113365,0,6,21,141,2138
first1,catboost_fusion,S18,0,0.4272608962271575,0.5884557312113365,0,6,22,142,2139
first1,catboost_fusion,S18,0,0.45557951351278614,0.5884557312113365,0,6,23,143,2140
first1,catboost_fusion,S18,0,0.31193468290026927,0.5884557312113365,0,6,24,144,2141
first1,catboost_fusion,S19,0,0.6999122225896687,0.5947607146610989,1,1,1,1,2142
first1,catboost_fusion,S19,0,0.3254111542022961,0.5947607146610989,0,1,2,2,2143
first1,catboost_fusion,S19,0,0.3293982855987005,0.5947607146610989,0,1,3,3,2144
first1,catboost_fusion,S19,0,0.1969178319192327,0.5947607146610989,0,1,4,4,2145
first1,catboost_fusion,S19,0,0.412733072375055,0.5947607146610989,0,1,5,5,2146
first1,catboost_fusion,S19,0,0.27067915455295444,0.5947607146610989,0,1,6,6,2147
first1,catboost_fusion,S19,0,0.22914375326287065,0.5947607146610989,0,1,7,7,2148
first1,catboost_fusion,S19,0,0.24495879447113147,0.5947607146610989,0,1,8,8,2149
first1,catboost_fusion,S19,0,0.20098531342657794,0.5947607146610989,0,1,9,9,2150
first1,catboost_fusion,S19,0,0.34871322352287865,0.5947607146610989,0,1,10,10,2151
first1,catboost_fusion,S19,0,0.15880971413417122,0.5947607146610989,0,1,11,11,2152
first1,catboost_fusion,S19,0,0.6676512842374331,0.5947607146610989,1,1,12,12,2153
first1,catboost_fusion,S19,0,0.7466679608342378,0.5947607146610989,1,1,13,13,2154
first1,catboost_fusion,S19,1,0.7320113664699138,0.5947607146610989,1,1,14,14,2155
first1,catboost_fusion,S19,0,0.8676688082828808,0.5947607146610989,1,1,15,15,2156
first1,catboost_fusion,S19,0,0.8167265750799241,0.5947607146610989,1,1,16,16,2157
first1,catboost_fusion,S19,0,0.4072026804641022,0.5947607146610989,0,1,17,17,2158
first1,catboost_fusion,S19,0,0.3784997185622503,0.5947607146610989,0,1,18,18,2159
first1,catboost_fusion,S19,0,0.15610710671227568,0.5947607146610989,0,1,19,19,2160
first1,catboost_fusion,S19,1,0.3999896818052984,0.5947607146610989,0,1,20,20,2161
first1,catboost_fusion,S19,0,0.6184311245891536,0.5947607146610989,1,1,21,21,2162
first1,catboost_fusion,S19,0,0.49513691940664717,0.5947607146610989,0,1,22,22,2163
first1,catboost_fusion,S19,0,0.33191000157338146,0.5947607146610989,0,1,23,23,2164
first1,catboost_fusion,S19,0,0.30283742781513406,0.5947607146610989,0,1,24,24,2165
first1,catboost_fusion,S19,0,0.2892211353812788,0.5947607146610989,0,2,1,25,2166
first1,catboost_fusion,S19,0,0.40121462016219284,0.5947607146610989,0,2,2,26,2167
first1,catboost_fusion,S19,0,0.2301750247501491,0.5947607146610989,0,2,3,27,2168
first1,catboost_fusion,S19,1,0.49127387059773336,0.5947607146610989,0,2,4,28,2169
first1,catboost_fusion,S19,0,0.3342455561462016,0.5947607146610989,0,2,5,29,2170
first1,catboost_fusion,S19,0,0.12030805371404878,0.5947607146610989,0,2,6,30,2171
first1,catboost_fusion,S19,0,0.23547439532535755,0.5947607146610989,0,2,7,31,2172
first1,catboost_fusion,S19,0,0.3743377132762786,0.5947607146610989,0,2,8,32,2173
first1,catboost_fusion,S19,0,0.19613769517123614,0.5947607146610989,0,2,9,33,2174
first1,catboost_fusion,S19,1,0.8705914099122255,0.5947607146610989,1,2,10,34,2175
first1,catboost_fusion,S19,0,0.41657486996753934,0.5947607146610989,0,2,11,35,2176
first1,catboost_fusion,S19,0,0.20863903236029838,0.5947607146610989,0,2,12,36,2177
first1,catboost_fusion,S19,0,0.2887485041708004,0.5947607146610989,0,2,13,37,2178
first1,catboost_fusion,S19,0,0.40315810819842124,0.5947607146610989,0,2,14,38,2179
first1,catboost_fusion,S19,1,0.1369148856113949,0.5947607146610989,0,2,15,39,2180
first1,catboost_fusion,S19,0,0.18007392083228796,0.5947607146610989,0,2,16,40,2181
first1,catboost_fusion,S19,0,0.2245351790126017,0.5947607146610989,0,2,17,41,2182
first1,catboost_fusion,S19,0,0.6847327161720447,0.5947607146610989,1,2,18,42,2183
first1,catboost_fusion,S19,0,0.22556020858159734,0.5947607146610989,0,2,19,43,2184
first1,catboost_fusion,S19,0,0.2080028401001662,0.5947607146610989,0,2,20,44,2185
first1,catboost_fusion,S19,0,0.758794774151109,0.5947607146610989,1,2,21,45,2186
first1,catboost_fusion,S19,0,0.28251485866527326,0.5947607146610989,0,2,22,46,2187
first1,catboost_fusion,S19,0,0.30522193638963874,0.5947607146610989,0,2,23,47,2188
first1,catboost_fusion,S19,0,0.2834487009156172,0.5947607146610989,0,2,24,48,2189
first1,catboost_fusion,S19,0,0.34154123084852844,0.5947607146610989,0,3,1,49,2190
first1,catboost_fusion,S19,1,0.2261613261139618,0.5947607146610989,0,3,2,50,2191
first1,catboost_fusion,S19,0,0.2686369604201917,0.5947607146610989,0,3,3,51,2192
first1,catboost_fusion,S19,0,0.3811158671452637,0.5947607146610989,0,3,4,52,2193
first1,catboost_fusion,S19,0,0.4317632168213139,0.5947607146610989,0,3,5,53,2194
first1,catboost_fusion,S19,0,0.34237584091035816,0.5947607146610989,0,3,6,54,2195
first1,catboost_fusion,S19,0,0.4265194565673668,0.5947607146610989,0,3,7,55,2196
first1,catboost_fusion,S19,0,0.3160705077238327,0.5947607146610989,0,3,8,56,2197
first1,catboost_fusion,S19,0,0.20559295425545418,0.5947607146610989,0,3,9,57,2198
first1,catboost_fusion,S19,0,0.8660127123271799,0.5947607146610989,1,3,10,58,2199
first1,catboost_fusion,S19,0,0.7109814913370005,0.5947607146610989,1,3,11,59,2200
first1,catboost_fusion,S19,0,0.3350382431371759,0.5947607146610989,0,3,12,60,2201
first1,catboost_fusion,S19,0,0.22156852446258188,0.5947607146610989,0,3,13,61,2202
first1,catboost_fusion,S19,0,0.243438279946279,0.5947607146610989,0,3,14,62,2203
first1,catboost_fusion,S19,0,0.2703839593866313,0.5947607146610989,0,3,15,63,2204
first1,catboost_fusion,S19,0,0.3663206949009191,0.5947607146610989,0,3,16,64,2205
first1,catboost_fusion,S19,0,0.309181317650579,0.5947607146610989,0,3,17,65,2206
first1,catboost_fusion,S19,0,0.38013642601144454,0.5947607146610989,0,3,18,66,2207
first1,catboost_fusion,S19,0,0.6796279674137391,0.5947607146610989,1,3,19,67,2208
first1,catboost_fusion,S19,0,0.4175882189923074,0.5947607146610989,0,3,20,68,2209
first1,catboost_fusion,S19,0,0.5603014012456315,0.5947607146610989,0,3,21,69,2210
first1,catboost_fusion,S19,0,0.22779829312535788,0.5947607146610989,0,3,22,70,2211
first1,catboost_fusion,S19,1,0.5954344075674763,0.5947607146610989,1,3,23,71,2212
first1,catboost_fusion,S19,0,0.7804137840254426,0.5947607146610989,1,3,24,72,2213
first1,catboost_fusion,S19,0,0.1966591981794132,0.5947607146610989,0,4,1,73,2214
first1,catboost_fusion,S19,0,0.1670748631553673,0.5947607146610989,0,4,2,74,2215
first1,catboost_fusion,S19,0,0.18800415693215636,0.5947607146610989,0,4,3,75,2216
first1,catboost_fusion,S19,0,0.14484086269710716,0.5947607146610989,0,4,4,76,2217
first1,catboost_fusion,S19,0,0.22465919558902558,0.5947607146610989,0,4,5,77,2218
first1,catboost_fusion,S19,0,0.1644043251225695,0.5947607146610989,0,4,6,78,2219
first1,catboost_fusion,S19,0,0.3350099693791951,0.5947607146610989,0,4,7,79,2220
first1,catboost_fusion,S19,0,0.11669427141025626,0.5947607146610989,0,4,8,80,2221
first1,catboost_fusion,S19,0,0.12109518905005426,0.5947607146610989,0,4,9,81,2222
first1,catboost_fusion,S19,0,0.16472078601289453,0.5947607146610989,0,4,10,82,2223
first1,catboost_fusion,S19,0,0.2132548903832259,0.5947607146610989,0,4,11,83,2224
first1,catboost_fusion,S19,0,0.20775469710175892,0.5947607146610989,0,4,12,84,2225
first1,catboost_fusion,S19,0,0.27579625755479864,0.5947607146610989,0,4,13,85,2226
first1,catboost_fusion,S19,0,0.20619279583343073,0.5947607146610989,0,4,14,86,2227
first1,catboost_fusion,S19,0,0.2264822144377513,0.5947607146610989,0,4,15,87,2228
first1,catboost_fusion,S19,0,0.17150042430126958,0.5947607146610989,0,4,16,88,2229
first1,catboost_fusion,S19,0,0.6462216452341303,0.5947607146610989,1,4,17,89,2230
first1,catboost_fusion,S19,0,0.3960944246730289,0.5947607146610989,0,4,18,90,2231
first1,catboost_fusion,S19,0,0.1995143521096438,0.5947607146610989,0,4,19,91,2232
first1,catboost_fusion,S19,0,0.3599661234218749,0.5947607146610989,0,4,21,93,2233
first1,catboost_fusion,S19,0,0.35024021708775366,0.5947607146610989,0,4,22,94,2234
first1,catboost_fusion,S19,0,0.3843732862924333,0.5947607146610989,0,4,23,95,2235
first1,catboost_fusion,S19,0,0.09251222094445342,0.5947607146610989,0,4,24,96,2236
first1,catboost_fusion,S19,1,0.440196749551517,0.5947607146610989,0,5,1,97,2237
first1,catboost_fusion,S19,0,0.272513163085447,0.5947607146610989,0,5,2,98,2238
first1,catboost_fusion,S19,0,0.1831786947122267,0.5947607146610989,0,5,3,99,2239
first1,catboost_fusion,S19,0,0.33459550354283984,0.5947607146610989,0,5,4,100,2240
first1,catboost_fusion,S19,0,0.24558558097631283,0.5947607146610989,0,5,5,101,2241
first1,catboost_fusion,S19,0,0.23406511304746966,0.5947607146610989,0,5,6,102,2242
first1,catboost_fusion,S19,1,0.3171760454940779,0.5947607146610989,0,5,7,103,2243
first1,catboost_fusion,S19,0,0.5349660036039207,0.5947607146610989,0,5,8,104,2244
first1,catboost_fusion,S19,0,0.1701660464967947,0.5947607146610989,0,5,9,105,2245
first1,catboost_fusion,S19,0,0.3701539533162972,0.5947607146610989,0,5,10,106,2246
first1,catboost_fusion,S19,0,0.32989263794881646,0.5947607146610989,0,5,11,107,2247
first1,catboost_fusion,S19,0,0.2682195605029535,0.5947607146610989,0,5,12,108,2248
first1,catboost_fusion,S19,0,0.3909419223490798,0.5947607146610989,0,5,13,109,2249
first1,catboost_fusion,S19,0,0.3143730018337084,0.5947607146610989,0,5,14,110,2250
first1,catboost_fusion,S19,0,0.23245763342259987,0.5947607146610989,0,5,15,111,2251
first1,catboost_fusion,S19,0,0.13116740677265415,0.5947607146610989,0,5,16,112,2252
first1,catboost_fusion,S19,0,0.3268747405552619,0.5947607146610989,0,5,17,113,2253
first1,catboost_fusion,S19,1,0.16305315400630951,0.5947607146610989,0,5,19,115,2254
first1,catboost_fusion,S19,0,0.14833394440712017,0.5947607146610989,0,5,20,116,2255
first1,catboost_fusion,S19,0,0.2365063281450735,0.5947607146610989,0,5,21,117,2256
first1,catboost_fusion,S19,0,0.249283326196142,0.5947607146610989,0,5,22,118,2257
first1,catboost_fusion,S19,0,0.22156351741145064,0.5947607146610989,0,5,23,119,2258
first1,catboost_fusion,S19,0,0.16737804228338293,0.5947607146610989,0,5,24,120,2259
first1,catboost_fusion,S19,0,0.25053682692855783,0.5947607146610989,0,6,1,121,2260
first1,catboost_fusion,S19,0,0.23204951839877092,0.5947607146610989,0,6,2,122,2261
first1,catboost_fusion,S19,0,0.29757969131983497,0.5947607146610989,0,6,3,123,2262
first1,catboost_fusion,S19,0,0.19983293287440576,0.5947607146610989,0,6,4,124,2263
first1,catboost_fusion,S19,0,0.24813951584460497,0.5947607146610989,0,6,5,125,2264
first1,catboost_fusion,S19,0,0.3476353793926167,0.5947607146610989,0,6,6,126,2265
first1,catboost_fusion,S19,0,0.45955883868869335,0.5947607146610989,0,6,7,127,2266
first1,catboost_fusion,S19,0,0.724582048330288,0.5947607146610989,1,6,8,128,2267
first1,catboost_fusion,S19,0,0.19010770445748282,0.5947607146610989,0,6,9,129,2268
first1,catboost_fusion,S19,1,0.3036704247566794,0.5947607146610989,0,6,10,130,2269
first1,catboost_fusion,S19,0,0.33694411764335563,0.5947607146610989,0,6,11,131,2270
first1,catboost_fusion,S19,0,0.22073053011698077,0.5947607146610989,0,6,12,132,2271
first1,catboost_fusion,S19,0,0.29673104351193175,0.5947607146610989,0,6,13,133,2272
first1,catboost_fusion,S19,0,0.423208311205281,0.5947607146610989,0,6,14,134,2273
first1,catboost_fusion,S19,0,0.27215722961626854,0.5947607146610989,0,6,15,135,2274
first1,catboost_fusion,S19,0,0.14214817147654016,0.5947607146610989,0,6,16,136,2275
first1,catboost_fusion,S19,1,0.21190353881948656,0.5947607146610989,0,6,17,137,2276
first1,catboost_fusion,S19,0,0.18622678677525845,0.5947607146610989,0,6,19,139,2277
first1,catboost_fusion,S19,0,0.31296991747388064,0.5947607146610989,0,6,20,140,2278
first1,catboost_fusion,S19,0,0.5005299888507648,0.5947607146610989,0,6,21,141,2279
first1,catboost_fusion,S19,0,0.13920047214009046,0.5947607146610989,0,6,22,142,2280
first1,catboost_fusion,S19,0,0.47800536015635214,0.5947607146610989,0,6,23,143,2281
first1,catboost_fusion,S19,0,0.22509359727540648,0.5947607146610989,0,6,24,144,2282
first1,catboost_fusion,S20,0,0.7441237402713996,0.5525163325924433,1,1,1,1,2283
first1,catboost_fusion,S20,0,0.7799799523626415,0.5525163325924433,1,1,2,2,2284
first1,catboost_fusion,S20,0,0.7612634366536998,0.5525163325924433,1,1,3,3,2285
first1,catboost_fusion,S20,0,0.6023417806367086,0.5525163325924433,1,1,4,4,2286
first1,catboost_fusion,S20,0,0.20494914478934836,0.5525163325924433,0,1,5,5,2287
first1,catboost_fusion,S20,0,0.37295864828340136,0.5525163325924433,0,1,6,6,2288
first1,catboost_fusion,S20,0,0.3163076172039581,0.5525163325924433,0,1,7,7,2289
first1,catboost_fusion,S20,0,0.5102174095801545,0.5525163325924433,0,1,8,8,2290
first1,catboost_fusion,S20,0,0.2719738730741937,0.5525163325924433,0,1,9,9,2291
first1,catboost_fusion,S20,0,0.6966844750336493,0.5525163325924433,1,1,10,10,2292
first1,catboost_fusion,S20,0,0.7079601799044721,0.5525163325924433,1,1,11,11,2293
first1,catboost_fusion,S20,0,0.6351841813118044,0.5525163325924433,1,1,12,12,2294
first1,catboost_fusion,S20,1,0.8646529203419953,0.5525163325924433,1,1,13,13,2295
first1,catboost_fusion,S20,0,0.6476255406500205,0.5525163325924433,1,1,14,14,2296
first1,catboost_fusion,S20,0,0.2271685663818741,0.5525163325924433,0,1,15,15,2297
first1,catboost_fusion,S20,0,0.4642020851702524,0.5525163325924433,0,1,16,16,2298
first1,catboost_fusion,S20,0,0.6653016300063878,0.5525163325924433,1,1,17,17,2299
first1,catboost_fusion,S20,0,0.3870288633903919,0.5525163325924433,0,1,18,18,2300
first1,catboost_fusion,S20,0,0.15883787683593414,0.5525163325924433,0,1,19,19,2301
first1,catboost_fusion,S20,0,0.35154205083556495,0.5525163325924433,0,1,20,20,2302
first1,catboost_fusion,S20,0,0.6912838670235811,0.5525163325924433,1,1,21,21,2303
first1,catboost_fusion,S20,0,0.3997969770401935,0.5525163325924433,0,1,22,22,2304
first1,catboost_fusion,S20,0,0.4623679952986083,0.5525163325924433,0,1,23,23,2305
first1,catboost_fusion,S20,1,0.803794473449475,0.5525163325924433,1,1,24,24,2306
first1,catboost_fusion,S20,0,0.670860140318619,0.5525163325924433,1,2,1,25,2307
first1,catboost_fusion,S20,0,0.7575662124745968,0.5525163325924433,1,2,2,26,2308
first1,catboost_fusion,S20,0,0.3627054677696447,0.5525163325924433,0,2,3,27,2309
first1,catboost_fusion,S20,0,0.5030717399327228,0.5525163325924433,0,2,4,28,2310
first1,catboost_fusion,S20,0,0.19561081059807703,0.5525163325924433,0,2,5,29,2311
first1,catboost_fusion,S20,0,0.6820639614774598,0.5525163325924433,1,2,6,30,2312
first1,catboost_fusion,S20,1,0.5197280951392631,0.5525163325924433,0,2,7,31,2313
first1,catboost_fusion,S20,0,0.7238469598607945,0.5525163325924433,1,2,8,32,2314
first1,catboost_fusion,S20,0,0.6963670684025662,0.5525163325924433,1,2,9,33,2315
first1,catboost_fusion,S20,0,0.6436884054385773,0.5525163325924433,1,2,10,34,2316
first1,catboost_fusion,S20,1,0.761738918982257,0.5525163325924433,1,2,11,35,2317
first1,catboost_fusion,S20,0,0.7399641861538554,0.5525163325924433,1,2,12,36,2318
first1,catboost_fusion,S20,0,0.73639766249632,0.5525163325924433,1,2,13,37,2319
first1,catboost_fusion,S20,0,0.6156591778475505,0.5525163325924433,1,2,14,38,2320
first1,catboost_fusion,S20,0,0.589781243345134,0.5525163325924433,1,2,15,39,2321
first1,catboost_fusion,S20,0,0.790596674182515,0.5525163325924433,1,2,16,40,2322
first1,catboost_fusion,S20,0,0.6843970206730351,0.5525163325924433,1,2,17,41,2323
first1,catboost_fusion,S20,0,0.7326888738320776,0.5525163325924433,1,2,18,42,2324
first1,catboost_fusion,S20,0,0.5911402239623783,0.5525163325924433,1,2,19,43,2325
first1,catboost_fusion,S20,0,0.3946377185248577,0.5525163325924433,0,2,20,44,2326
first1,catboost_fusion,S20,0,0.4323204232961736,0.5525163325924433,0,2,21,45,2327
first1,catboost_fusion,S20,0,0.43088476356042243,0.5525163325924433,0,2,22,46,2328
first1,catboost_fusion,S20,0,0.7100268178516388,0.5525163325924433,1,2,23,47,2329
first1,catboost_fusion,S20,0,0.5243970474469571,0.5525163325924433,0,2,24,48,2330
first1,catboost_fusion,S20,0,0.550302624380542,0.5525163325924433,0,3,1,49,2331
first1,catboost_fusion,S20,1,0.8280614871117403,0.5525163325924433,1,3,2,50,2332
first1,catboost_fusion,S20,0,0.36571474343531923,0.5525163325924433,0,3,3,51,2333
first1,catboost_fusion,S20,0,0.4029274202137481,0.5525163325924433,0,3,4,52,2334
first1,catboost_fusion,S20,0,0.34878359861152597,0.5525163325924433,0,3,5,53,2335
first1,catboost_fusion,S20,0,0.41526183119128046,0.5525163325924433,0,3,6,54,2336
first1,catboost_fusion,S20,0,0.3987870683092066,0.5525163325924433,0,3,7,55,2337
first1,catboost_fusion,S20,0,0.6127437156491303,0.5525163325924433,1,3,8,56,2338
first1,catboost_fusion,S20,0,0.34874925607185375,0.5525163325924433,0,3,9,57,2339
first1,catboost_fusion,S20,1,0.738051577210518,0.5525163325924433,1,3,10,58,2340
first1,catboost_fusion,S20,0,0.3665026175588309,0.5525163325924433,0,3,11,59,2341
first1,catboost_fusion,S20,0,0.7902195083088032,0.5525163325924433,1,3,12,60,2342
first1,catboost_fusion,S20,1,0.7420780345764617,0.5525163325924433,1,3,13,61,2343
first1,catboost_fusion,S20,0,0.7450584988641166,0.5525163325924433,1,3,14,62,2344
first1,catboost_fusion,S20,0,0.2815522828278075,0.5525163325924433,0,3,15,63,2345
first1,catboost_fusion,S20,0,0.7636992175439452,0.5525163325924433,1,3,16,64,2346
first1,catboost_fusion,S20,0,0.6799711470989128,0.5525163325924433,1,3,17,65,2347
first1,catboost_fusion,S20,0,0.5437024795928055,0.5525163325924433,0,3,18,66,2348
first1,catboost_fusion,S20,0,0.6674224011703277,0.5525163325924433,1,3,19,67,2349
first1,catboost_fusion,S20,1,0.8456710702581917,0.5525163325924433,1,3,20,68,2350
first1,catboost_fusion,S20,0,0.3588365061150891,0.5525163325924433,0,3,21,69,2351
first1,catboost_fusion,S20,0,0.7868603326036289,0.5525163325924433,1,3,22,70,2352
first1,catboost_fusion,S20,1,0.46552645602811715,0.5525163325924433,0,3,23,71,2353
first1,catboost_fusion,S20,0,0.44751369722287804,0.5525163325924433,0,3,24,72,2354
first1,catboost_fusion,S20,0,0.5900307833482271,0.5525163325924433,1,4,1,73,2355
first1,catboost_fusion,S20,0,0.34867127447240615,0.5525163325924433,0,4,2,74,2356
first1,catboost_fusion,S20,0,0.33925376231766774,0.5525163325924433,0,4,3,75,2357
first1,catboost_fusion,S20,0,0.1493420075392371,0.5525163325924433,0,4,4,76,2358
first1,catboost_fusion,S20,0,0.24688740759069439,0.5525163325924433,0,4,5,77,2359
first1,catboost_fusion,S20,0,0.5347148068182848,0.5525163325924433,0,4,6,78,2360
first1,catboost_fusion,S20,0,0.4000761250822148,0.5525163325924433,0,4,7,79,2361
first1,catboost_fusion,S20,0,0.5885832504476337,0.5525163325924433,1,4,8,80,2362
first1,catboost_fusion,S20,0,0.3015818950764261,0.5525163325924433,0,4,9,81,2363
first1,catboost_fusion,S20,1,0.5049088581523622,0.5525163325924433,0,4,10,82,2364
first1,catboost_fusion,S20,0,0.22204761506410522,0.5525163325924433,0,4,11,83,2365
first1,catboost_fusion,S20,0,0.24346179511105956,0.5525163325924433,0,4,12,84,2366
first1,catboost_fusion,S20,1,0.6898526146797742,0.5525163325924433,1,4,13,85,2367
first1,catboost_fusion,S20,0,0.3133521977061439,0.5525163325924433,0,4,14,86,2368
first1,catboost_fusion,S20,0,0.4621324776903518,0.5525163325924433,0,4,15,87,2369
first1,catboost_fusion,S20,0,0.3800717151129728,0.5525163325924433,0,4,16,88,2370
first1,catboost_fusion,S20,0,0.3235942841273695,0.5525163325924433,0,4,17,89,2371
first1,catboost_fusion,S20,0,0.31973830656956276,0.5525163325924433,0,4,18,90,2372
first1,catboost_fusion,S20,0,0.5311672795072366,0.5525163325924433,0,4,19,91,2373
first1,catboost_fusion,S20,0,0.26742074813067435,0.5525163325924433,0,4,20,92,2374
first1,catboost_fusion,S20,0,0.2126095897725116,0.5525163325924433,0,4,21,93,2375
first1,catboost_fusion,S20,0,0.2618226274393299,0.5525163325924433,0,4,22,94,2376
first1,catboost_fusion,S20,0,0.5003736726935208,0.5525163325924433,0,4,23,95,2377
first1,catboost_fusion,S20,0,0.30770978601951393,0.5525163325924433,0,4,24,96,2378
first1,catboost_fusion,S20,0,0.8018769511684951,0.5525163325924433,1,5,1,97,2379
first1,catboost_fusion,S20,0,0.50946823809055,0.5525163325924433,0,5,2,98,2380
first1,catboost_fusion,S20,0,0.6293756299043882,0.5525163325924433,1,5,3,99,2381
first1,catboost_fusion,S20,1,0.8289554582128411,0.5525163325924433,1,5,4,100,2382
first1,catboost_fusion,S20,0,0.7910684118582342,0.5525163325924433,1,5,5,101,2383
first1,catboost_fusion,S20,0,0.7454033152603691,0.5525163325924433,1,5,6,102,2384
first1,catboost_fusion,S20,0,0.7372675860662338,0.5525163325924433,1,5,7,103,2385
first1,catboost_fusion,S20,1,0.5032630755718132,0.5525163325924433,0,5,8,104,2386
first1,catboost_fusion,S20,1,0.6754008019300591,0.5525163325924433,1,5,9,105,2387
first1,catboost_fusion,S20,0,0.6994832293081595,0.5525163325924433,1,5,10,106,2388
first1,catboost_fusion,S20,0,0.2903746366595444,0.5525163325924433,0,5,11,107,2389
first1,catboost_fusion,S20,0,0.5068125702175791,0.5525163325924433,0,5,12,108,2390
first1,catboost_fusion,S20,0,0.361275998251868,0.5525163325924433,0,5,13,109,2391
first1,catboost_fusion,S20,0,0.6924339916147855,0.5525163325924433,1,5,14,110,2392
first1,catboost_fusion,S20,0,0.6764612585091178,0.5525163325924433,1,5,15,111,2393
first1,catboost_fusion,S20,0,0.7352568744898423,0.5525163325924433,1,5,16,112,2394
first1,catboost_fusion,S20,0,0.3360312078027125,0.5525163325924433,0,5,17,113,2395
first1,catboost_fusion,S20,0,0.714146986891703,0.5525163325924433,1,5,18,114,2396
first1,catboost_fusion,S20,0,0.7024311143774575,0.5525163325924433,1,5,19,115,2397
first1,catboost_fusion,S20,0,0.4426116417737456,0.5525163325924433,0,5,20,116,2398
first1,catboost_fusion,S20,0,0.5672297190190002,0.5525163325924433,1,5,21,117,2399
first1,catboost_fusion,S20,0,0.598280624945225,0.5525163325924433,1,5,22,118,2400
first1,catboost_fusion,S20,0,0.46430696469864435,0.5525163325924433,0,5,23,119,2401
first1,catboost_fusion,S20,0,0.6529955379372985,0.5525163325924433,1,5,24,120,2402
first1,catboost_fusion,S20,0,0.6303459938101434,0.5525163325924433,1,6,1,121,2403
first1,catboost_fusion,S20,0,0.34979306551112377,0.5525163325924433,0,6,2,122,2404
first1,catboost_fusion,S20,0,0.33033012087429975,0.5525163325924433,0,6,3,123,2405
first1,catboost_fusion,S20,0,0.21110497850301596,0.5525163325924433,0,6,4,124,2406
first1,catboost_fusion,S20,0,0.6888485688372075,0.5525163325924433,1,6,5,125,2407
first1,catboost_fusion,S20,0,0.44104595627815185,0.5525163325924433,0,6,6,126,2408
first1,catboost_fusion,S20,0,0.6746191431757739,0.5525163325924433,1,6,7,127,2409
first1,catboost_fusion,S20,0,0.2132110980983973,0.5525163325924433,0,6,8,128,2410
first1,catboost_fusion,S20,0,0.14391111075260285,0.5525163325924433,0,6,9,129,2411
first1,catboost_fusion,S20,0,0.40115316751044444,0.5525163325924433,0,6,10,130,2412
first1,catboost_fusion,S20,0,0.29354011324155993,0.5525163325924433,0,6,11,131,2413
first1,catboost_fusion,S20,1,0.6128574830858539,0.5525163325924433,1,6,12,132,2414
first1,catboost_fusion,S20,0,0.19219642786976385,0.5525163325924433,0,6,13,133,2415
first1,catboost_fusion,S20,0,0.3904872662833768,0.5525163325924433,0,6,14,134,2416
first1,catboost_fusion,S20,0,0.7071365570730156,0.5525163325924433,1,6,15,135,2417
first1,catboost_fusion,S20,0,0.683151720193149,0.5525163325924433,1,6,16,136,2418
first1,catboost_fusion,S20,0,0.7162636222334325,0.5525163325924433,1,6,17,137,2419
first1,catboost_fusion,S20,0,0.7116975958087117,0.5525163325924433,1,6,18,138,2420
first1,catboost_fusion,S20,0,0.2907548995039483,0.5525163325924433,0,6,19,139,2421
first1,catboost_fusion,S20,0,0.2946535801830854,0.5525163325924433,0,6,20,140,2422
first1,catboost_fusion,S20,0,0.28626595335902094,0.5525163325924433,0,6,21,141,2423
first1,catboost_fusion,S20,0,0.2542463159413784,0.5525163325924433,0,6,22,142,2424
first1,catboost_fusion,S20,0,0.3142362725264056,0.5525163325924433,0,6,23,143,2425
first1,catboost_fusion,S20,0,0.3634202557066578,0.5525163325924433,0,6,24,144,2426
first1,catboost_fusion,S21,0,0.08633910658934878,0.5368682429780942,0,1,1,1,2427
first1,catboost_fusion,S21,0,0.3108939507866954,0.5368682429780942,0,1,2,2,2428
first1,catboost_fusion,S21,0,0.5490479709083046,0.5368682429780942,1,1,3,3,2429
first1,catboost_fusion,S21,0,0.35822490962307507,0.5368682429780942,0,1,4,4,2430
first1,catboost_fusion,S21,0,0.15919300259554275,0.5368682429780942,0,1,5,5,2431
first1,catboost_fusion,S21,0,0.5651052010410748,0.5368682429780942,1,1,6,6,2432
first1,catboost_fusion,S21,0,0.41212751299435985,0.5368682429780942,0,1,7,7,2433
first1,catboost_fusion,S21,0,0.6249392659702108,0.5368682429780942,1,1,8,8,2434
first1,catboost_fusion,S21,0,0.3373999772310401,0.5368682429780942,0,1,9,9,2435
first1,catboost_fusion,S21,1,0.7281578932454275,0.5368682429780942,1,1,10,10,2436
first1,catboost_fusion,S21,0,0.3345530348927553,0.5368682429780942,0,1,11,11,2437
first1,catboost_fusion,S21,0,0.20557020703617604,0.5368682429780942,0,1,13,13,2438
first1,catboost_fusion,S21,0,0.20209117180241956,0.5368682429780942,0,1,14,14,2439
first1,catboost_fusion,S21,0,0.5182599780274414,0.5368682429780942,0,1,15,15,2440
first1,catboost_fusion,S21,0,0.283930617819712,0.5368682429780942,0,1,16,16,2441
first1,catboost_fusion,S21,1,0.3579392882964994,0.5368682429780942,0,1,17,17,2442
first1,catboost_fusion,S21,0,0.5281794393759766,0.5368682429780942,0,1,18,18,2443
first1,catboost_fusion,S21,0,0.39350377239208095,0.5368682429780942,0,1,19,19,2444
first1,catboost_fusion,S21,0,0.21654733163941764,0.5368682429780942,0,1,20,20,2445
first1,catboost_fusion,S21,0,0.6715196169089573,0.5368682429780942,1,1,21,21,2446
first1,catboost_fusion,S21,1,0.7177479275729618,0.5368682429780942,1,1,24,24,2447
first1,catboost_fusion,S21,0,0.3926479815940355,0.5368682429780942,0,2,1,25,2448
first1,catboost_fusion,S21,0,0.5274022895030862,0.5368682429780942,0,2,2,26,2449
first1,catboost_fusion,S21,0,0.39022173366169033,0.5368682429780942,0,2,3,27,2450
first1,catboost_fusion,S21,0,0.2204314343975226,0.5368682429780942,0,2,5,29,2451
first1,catboost_fusion,S21,0,0.4901508599402309,0.5368682429780942,0,2,6,30,2452
first1,catboost_fusion,S21,1,0.7343422280068093,0.5368682429780942,1,2,7,31,2453
first1,catboost_fusion,S21,0,0.31023552118195774,0.5368682429780942,0,2,8,32,2454
first1,catboost_fusion,S21,0,0.25556226104063834,0.5368682429780942,0,2,9,33,2455
first1,catboost_fusion,S21,0,0.4108752028024237,0.5368682429780942,0,2,10,34,2456
first1,catboost_fusion,S21,1,0.7831952496065138,0.5368682429780942,1,2,11,35,2457
first1,catboost_fusion,S21,0,0.3855196012475993,0.5368682429780942,0,2,12,36,2458
first1,catboost_fusion,S21,0,0.384548021280251,0.5368682429780942,0,2,13,37,2459
first1,catboost_fusion,S21,0,0.2115415515591504,0.5368682429780942,0,2,14,38,2460
first1,catboost_fusion,S21,0,0.4474888846874249,0.5368682429780942,0,2,15,39,2461
first1,catboost_fusion,S21,0,0.38816076731151633,0.5368682429780942,0,2,16,40,2462
first1,catboost_fusion,S21,0,0.38190534352967626,0.5368682429780942,0,2,17,41,2463
first1,catboost_fusion,S21,0,0.2290092160937896,0.5368682429780942,0,2,18,42,2464
first1,catboost_fusion,S21,0,0.2973455174953304,0.5368682429780942,0,2,19,43,2465
first1,catboost_fusion,S21,0,0.35013097890935835,0.5368682429780942,0,2,20,44,2466
first1,catboost_fusion,S21,0,0.33315075352347157,0.5368682429780942,0,2,21,45,2467
first1,catboost_fusion,S21,0,0.6829043223701714,0.5368682429780942,1,2,22,46,2468
first1,catboost_fusion,S21,0,0.4929208087488478,0.5368682429780942,0,2,23,47,2469
first1,catboost_fusion,S21,0,0.8090458475105531,0.5368682429780942,1,2,24,48,2470
first1,catboost_fusion,S21,1,0.6806156795067676,0.5368682429780942,1,3,1,49,2471
first1,catboost_fusion,S21,0,0.32760396003402537,0.5368682429780942,0,3,2,50,2472
first1,catboost_fusion,S21,0,0.4365960986833178,0.5368682429780942,0,3,3,51,2473
first1,catboost_fusion,S21,0,0.343899260372491,0.5368682429780942,0,3,4,52,2474
first1,catboost_fusion,S21,0,0.3644405532083021,0.5368682429780942,0,3,5,53,2475
first1,catboost_fusion,S21,0,0.383554994336053,0.5368682429780942,0,3,6,54,2476
first1,catboost_fusion,S21,0,0.4016217991198135,0.5368682429780942,0,3,7,55,2477
first1,catboost_fusion,S21,0,0.676953154184714,0.5368682429780942,1,3,8,56,2478
first1,catboost_fusion,S21,0,0.3543916084390516,0.5368682429780942,0,3,9,57,2479
first1,catboost_fusion,S21,1,0.45618942141014757,0.5368682429780942,0,3,10,58,2480
first1,catboost_fusion,S21,0,0.5826433660040404,0.5368682429780942,1,3,11,59,2481
first1,catboost_fusion,S21,0,0.42247674646933453,0.5368682429780942,0,3,12,60,2482
first1,catboost_fusion,S21,0,0.30547454045562694,0.5368682429780942,0,3,13,61,2483
first1,catboost_fusion,S21,0,0.5213494097124931,0.5368682429780942,0,3,14,62,2484
first1,catboost_fusion,S21,0,0.3628528368064398,0.5368682429780942,0,3,15,63,2485
first1,catboost_fusion,S21,1,0.6945654758718124,0.5368682429780942,1,3,16,64,2486
first1,catboost_fusion,S21,0,0.27226624022214774,0.5368682429780942,0,3,18,66,2487
first1,catboost_fusion,S21,0,0.665793914366714,0.5368682429780942,1,3,19,67,2488
first1,catboost_fusion,S21,1,0.5615716445905251,0.5368682429780942,1,3,20,68,2489
first1,catboost_fusion,S21,0,0.3696411545273,0.5368682429780942,0,3,21,69,2490
first1,catboost_fusion,S21,0,0.21842776183081294,0.5368682429780942,0,3,22,70,2491
first1,catboost_fusion,S21,1,0.48667358000430044,0.5368682429780942,0,3,24,72,2492
first1,catboost_fusion,S21,0,0.20002747833256052,0.5368682429780942,0,4,1,73,2493
first1,catboost_fusion,S21,0,0.3484779848060498,0.5368682429780942,0,4,2,74,2494
first1,catboost_fusion,S21,0,0.17746980938427764,0.5368682429780942,0,4,3,75,2495
first1,catboost_fusion,S21,0,0.4179537126112522,0.5368682429780942,0,4,4,76,2496
first1,catboost_fusion,S21,0,0.4645948154890219,0.5368682429780942,0,4,5,77,2497
first1,catboost_fusion,S21,0,0.3249931324478896,0.5368682429780942,0,4,6,78,2498
first1,catboost_fusion,S21,0,0.3913998771339253,0.5368682429780942,0,4,7,79,2499
first1,catboost_fusion,S21,0,0.31557546484453763,0.5368682429780942,0,4,8,80,2500
first1,catboost_fusion,S21,0,0.28258867653437886,0.5368682429780942,0,4,9,81,2501
first1,catboost_fusion,S21,1,0.8585365557966255,0.5368682429780942,1,4,10,82,2502
first1,catboost_fusion,S21,0,0.3368994646945294,0.5368682429780942,0,4,11,83,2503
first1,catboost_fusion,S21,0,0.4061968082778605,0.5368682429780942,0,4,12,84,2504
first1,catboost_fusion,S21,0,0.6825151339469402,0.5368682429780942,1,4,13,85,2505
first1,catboost_fusion,S21,1,0.32233270053793783,0.5368682429780942,0,4,14,86,2506
first1,catboost_fusion,S21,0,0.5228529215527145,0.5368682429780942,0,4,15,87,2507
first1,catboost_fusion,S21,0,0.21311156203020057,0.5368682429780942,0,4,16,88,2508
first1,catboost_fusion,S21,1,0.3116543249431082,0.5368682429780942,0,4,17,89,2509
first1,catboost_fusion,S21,0,0.22382082255803726,0.5368682429780942,0,4,18,90,2510
first1,catboost_fusion,S21,0,0.42290976459713336,0.5368682429780942,0,4,19,91,2511
first1,catboost_fusion,S21,0,0.4362780181428616,0.5368682429780942,0,4,21,93,2512
first1,catboost_fusion,S21,0,0.2689142852427857,0.5368682429780942,0,4,22,94,2513
first1,catboost_fusion,S21,0,0.2875086226472833,0.5368682429780942,0,4,23,95,2514
first1,catboost_fusion,S21,0,0.4704281029393949,0.5368682429780942,0,4,24,96,2515
first1,catboost_fusion,S21,0,0.2671596189556797,0.5368682429780942,0,5,1,97,2516
first1,catboost_fusion,S21,0,0.5188443055594454,0.5368682429780942,0,5,2,98,2517
first1,catboost_fusion,S21,0,0.18466775111559977,0.5368682429780942,0,5,3,99,2518
first1,catboost_fusion,S21,0,0.38002514522068603,0.5368682429780942,0,5,4,100,2519
first1,catboost_fusion,S21,0,0.3611175360472398,0.5368682429780942,0,5,5,101,2520
first1,catboost_fusion,S21,1,0.3112177620071985,0.5368682429780942,0,5,6,102,2521
first1,catboost_fusion,S21,1,0.5126850226483478,0.5368682429780942,0,5,7,103,2522
first1,catboost_fusion,S21,0,0.3105717775697599,0.5368682429780942,0,5,8,104,2523
first1,catboost_fusion,S21,0,0.5100233772857796,0.5368682429780942,0,5,9,105,2524
first1,catboost_fusion,S21,1,0.7987481625673691,0.5368682429780942,1,5,10,106,2525
first1,catboost_fusion,S21,0,0.3305003450991767,0.5368682429780942,0,5,12,108,2526
first1,catboost_fusion,S21,0,0.15942913613373588,0.5368682429780942,0,5,13,109,2527
first1,catboost_fusion,S21,1,0.6100972928501166,0.5368682429780942,1,5,15,111,2528
first1,catboost_fusion,S21,0,0.6470257098841476,0.5368682429780942,1,5,17,113,2529
first1,catboost_fusion,S21,0,0.27233227204252475,0.5368682429780942,0,5,18,114,2530
first1,catboost_fusion,S21,0,0.618375898322626,0.5368682429780942,1,5,19,115,2531
first1,catboost_fusion,S21,0,0.67399389852685,0.5368682429780942,1,5,20,116,2532
first1,catboost_fusion,S21,1,0.6694663951286813,0.5368682429780942,1,5,21,117,2533
first1,catboost_fusion,S21,0,0.3265617709232677,0.5368682429780942,0,5,22,118,2534
first1,catboost_fusion,S21,0,0.6558901215676337,0.5368682429780942,1,5,23,119,2535
first1,catboost_fusion,S21,0,0.6543334411575413,0.5368682429780942,1,5,24,120,2536
first1,catboost_fusion,S21,0,0.2284217936163552,0.5368682429780942,0,6,1,121,2537
first1,catboost_fusion,S21,0,0.4424371758758129,0.5368682429780942,0,6,2,122,2538
first1,catboost_fusion,S21,1,0.238267655783274,0.5368682429780942,0,6,3,123,2539
first1,catboost_fusion,S21,0,0.5442937036716056,0.5368682429780942,1,6,4,124,2540
first1,catboost_fusion,S21,0,0.2635211120135438,0.5368682429780942,0,6,5,125,2541
first1,catboost_fusion,S21,0,0.36726519817394543,0.5368682429780942,0,6,6,126,2542
first1,catboost_fusion,S21,1,0.7878308347742566,0.5368682429780942,1,6,7,127,2543
first1,catboost_fusion,S21,0,0.5041928718450062,0.5368682429780942,0,6,8,128,2544
first1,catboost_fusion,S21,0,0.5833689837105692,0.5368682429780942,1,6,10,130,2545
first1,catboost_fusion,S21,1,0.6960508805821567,0.5368682429780942,1,6,11,131,2546
first1,catboost_fusion,S21,0,0.12355704947375268,0.5368682429780942,0,6,12,132,2547
first1,catboost_fusion,S21,0,0.3129013430614248,0.5368682429780942,0,6,13,133,2548
first1,catboost_fusion,S21,0,0.7239134790307437,0.5368682429780942,1,6,14,134,2549
first1,catboost_fusion,S21,0,0.40656490782618265,0.5368682429780942,0,6,15,135,2550
first1,catboost_fusion,S21,0,0.3692533722120937,0.5368682429780942,0,6,16,136,2551
first1,catboost_fusion,S21,1,0.24962487446399373,0.5368682429780942,0,6,17,137,2552
first1,catboost_fusion,S21,0,0.40705749509220945,0.5368682429780942,0,6,18,138,2553
first1,catboost_fusion,S21,1,0.6529303220653325,0.5368682429780942,1,6,19,139,2554
first1,catboost_fusion,S21,0,0.3735048041013147,0.5368682429780942,0,6,21,141,2555
first1,catboost_fusion,S21,0,0.327630160776759,0.5368682429780942,0,6,22,142,2556
first1,catboost_fusion,S21,0,0.2277708863474403,0.5368682429780942,0,6,23,143,2557
first1,catboost_fusion,S21,0,0.33887302624234306,0.5368682429780942,0,6,24,144,2558
first1,catboost_fusion,S22,0,0.6587530205693282,0.5250966075980781,1,1,1,1,2559
first1,catboost_fusion,S22,0,0.44841991645139845,0.5250966075980781,0,1,2,2,2560
first1,catboost_fusion,S22,0,0.21767443310494264,0.5250966075980781,0,1,3,3,2561
first1,catboost_fusion,S22,0,0.39925703443447824,0.5250966075980781,0,1,4,4,2562
first1,catboost_fusion,S22,0,0.4523636228918015,0.5250966075980781,0,1,5,5,2563
first1,catboost_fusion,S22,0,0.6233473709290108,0.5250966075980781,1,1,6,6,2564
first1,catboost_fusion,S22,0,0.6302249757748571,0.5250966075980781,1,1,7,7,2565
first1,catboost_fusion,S22,1,0.8063725697966934,0.5250966075980781,1,1,8,8,2566
first1,catboost_fusion,S22,0,0.3514620596750544,0.5250966075980781,0,1,9,9,2567
first1,catboost_fusion,S22,0,0.30589595633186717,0.5250966075980781,0,1,10,10,2568
first1,catboost_fusion,S22,0,0.43414185767123503,0.5250966075980781,0,1,11,11,2569
first1,catboost_fusion,S22,0,0.3862312986024232,0.5250966075980781,0,1,12,12,2570
first1,catboost_fusion,S22,0,0.22179159167942383,0.5250966075980781,0,1,13,13,2571
first1,catboost_fusion,S22,1,0.23907000397143882,0.5250966075980781,0,1,14,14,2572
first1,catboost_fusion,S22,0,0.2725173602424706,0.5250966075980781,0,1,15,15,2573
first1,catboost_fusion,S22,0,0.5625324547130145,0.5250966075980781,1,1,16,16,2574
first1,catboost_fusion,S22,0,0.36919430849828705,0.5250966075980781,0,1,17,17,2575
first1,catboost_fusion,S22,0,0.2808492113597361,0.5250966075980781,0,1,18,18,2576
first1,catboost_fusion,S22,0,0.6415980941194311,0.5250966075980781,1,1,19,19,2577
first1,catboost_fusion,S22,0,0.3970026846833618,0.5250966075980781,0,1,20,20,2578
first1,catboost_fusion,S22,1,0.6298507454290998,0.5250966075980781,1,1,21,21,2579
first1,catboost_fusion,S22,0,0.5789161951852836,0.5250966075980781,1,1,22,22,2580
first1,catboost_fusion,S22,1,0.7361675447798595,0.5250966075980781,1,1,23,23,2581
first1,catboost_fusion,S22,0,0.49052101435923195,0.5250966075980781,0,1,24,24,2582
first1,catboost_fusion,S22,0,0.26090325855804913,0.5250966075980781,0,2,1,25,2583
first1,catboost_fusion,S22,0,0.3987028300711729,0.5250966075980781,0,2,2,26,2584
first1,catboost_fusion,S22,1,0.6715903245314201,0.5250966075980781,1,2,3,27,2585
first1,catboost_fusion,S22,0,0.7255786104802607,0.5250966075980781,1,2,4,28,2586
first1,catboost_fusion,S22,1,0.6667410635374901,0.5250966075980781,1,2,5,29,2587
first1,catboost_fusion,S22,0,0.6576315070759178,0.5250966075980781,1,2,6,30,2588
first1,catboost_fusion,S22,0,0.8225052752840973,0.5250966075980781,1,2,7,31,2589
first1,catboost_fusion,S22,1,0.5285860868102908,0.5250966075980781,1,2,8,32,2590
first1,catboost_fusion,S22,0,0.5685299283914698,0.5250966075980781,1,2,10,34,2591
first1,catboost_fusion,S22,0,0.4449537464747658,0.5250966075980781,0,2,11,35,2592
first1,catboost_fusion,S22,0,0.2768585249993324,0.5250966075980781,0,2,12,36,2593
first1,catboost_fusion,S22,1,0.6290586775789164,0.5250966075980781,1,2,13,37,2594
first1,catboost_fusion,S22,0,0.32089625313253334,0.5250966075980781,0,2,14,38,2595
first1,catboost_fusion,S22,0,0.1838606927723421,0.5250966075980781,0,2,15,39,2596
first1,catboost_fusion,S22,0,0.5318802437389428,0.5250966075980781,1,2,16,40,2597
first1,catboost_fusion,S22,0,0.15664068220885444,0.5250966075980781,0,2,17,41,2598
first1,catboost_fusion,S22,0,0.3514570630885135,0.5250966075980781,0,2,18,42,2599
first1,catboost_fusion,S22,0,0.46367935044304665,0.5250966075980781,0,2,19,43,2600
first1,catboost_fusion,S22,0,0.44557435697038267,0.5250966075980781,0,2,20,44,2601
first1,catboost_fusion,S22,0,0.3108994892716219,0.5250966075980781,0,2,21,45,2602
first1,catboost_fusion,S22,0,0.24102892259930314,0.5250966075980781,0,2,22,46,2603
first1,catboost_fusion,S22,0,0.4076735497946899,0.5250966075980781,0,2,23,47,2604
first1,catboost_fusion,S22,0,0.42667532551594656,0.5250966075980781,0,2,24,48,2605
first1,catboost_fusion,S22,0,0.7383983059591236,0.5250966075980781,1,3,1,49,2606
first1,catboost_fusion,S22,1,0.39398338736925176,0.5250966075980781,0,3,2,50,2607
first1,catboost_fusion,S22,1,0.2669862732276706,0.5250966075980781,0,3,3,51,2608
first1,catboost_fusion,S22,0,0.2765117984711462,0.5250966075980781,0,3,4,52,2609
first1,catboost_fusion,S22,0,0.6232837908164055,0.5250966075980781,1,3,5,53,2610
first1,catboost_fusion,S22,0,0.4466407454612366,0.5250966075980781,0,3,6,54,2611
first1,catboost_fusion,S22,0,0.2819782951680669,0.5250966075980781,0,3,8,56,2612
first1,catboost_fusion,S22,0,0.4792833086684912,0.5250966075980781,0,3,9,57,2613
first1,catboost_fusion,S22,0,0.2527246902599369,0.5250966075980781,0,3,10,58,2614
first1,catboost_fusion,S22,0,0.2001308975048952,0.5250966075980781,0,3,11,59,2615
first1,catboost_fusion,S22,0,0.314769431489185,0.5250966075980781,0,3,12,60,2616
first1,catboost_fusion,S22,1,0.40935435414147275,0.5250966075980781,0,3,13,61,2617
first1,catboost_fusion,S22,0,0.32533552734393095,0.5250966075980781,0,3,14,62,2618
first1,catboost_fusion,S22,1,0.2861709625723439,0.5250966075980781,0,3,15,63,2619
first1,catboost_fusion,S22,0,0.5766550653112776,0.5250966075980781,1,3,16,64,2620
first1,catboost_fusion,S22,0,0.4686166940550999,0.5250966075980781,0,3,17,65,2621
first1,catboost_fusion,S22,0,0.369855006053928,0.5250966075980781,0,3,18,66,2622
first1,catboost_fusion,S22,0,0.4077428343708457,0.5250966075980781,0,3,19,67,2623
first1,catboost_fusion,S22,1,0.4594790416630177,0.5250966075980781,0,3,20,68,2624
first1,catboost_fusion,S22,0,0.37118789336559027,0.5250966075980781,0,3,21,69,2625
first1,catboost_fusion,S22,0,0.48185343365145106,0.5250966075980781,0,3,22,70,2626
first1,catboost_fusion,S22,1,0.3845308020735727,0.5250966075980781,0,3,23,71,2627
first1,catboost_fusion,S22,1,0.7510162252124233,0.5250966075980781,1,3,24,72,2628
first1,catboost_fusion,S22,0,0.24328974003809206,0.5250966075980781,0,4,1,73,2629
first1,catboost_fusion,S22,0,0.2907587936296582,0.5250966075980781,0,4,2,74,2630
first1,catboost_fusion,S22,0,0.34590073289361767,0.5250966075980781,0,4,3,75,2631
first1,catboost_fusion,S22,0,0.3323248505053088,0.5250966075980781,0,4,4,76,2632
first1,catboost_fusion,S22,0,0.3323809439654738,0.5250966075980781,0,4,5,77,2633
first1,catboost_fusion,S22,0,0.33465093794493767,0.5250966075980781,0,4,6,78,2634
first1,catboost_fusion,S22,0,0.47779067634051137,0.5250966075980781,0,4,7,79,2635
first1,catboost_fusion,S22,0,0.48289051831789875,0.5250966075980781,0,4,8,80,2636
first1,catboost_fusion,S22,0,0.20990906043796356,0.5250966075980781,0,4,9,81,2637
first1,catboost_fusion,S22,0,0.5310885362345724,0.5250966075980781,1,4,10,82,2638
first1,catboost_fusion,S22,0,0.4723715485264822,0.5250966075980781,0,4,11,83,2639
first1,catboost_fusion,S22,0,0.4973036671776009,0.5250966075980781,0,4,13,85,2640
first1,catboost_fusion,S22,1,0.3957522349956663,0.5250966075980781,0,4,14,86,2641
first1,catboost_fusion,S22,0,0.31954524395534784,0.5250966075980781,0,4,15,87,2642
first1,catboost_fusion,S22,0,0.36249616801683454,0.5250966075980781,0,4,16,88,2643
first1,catboost_fusion,S22,0,0.4731327285330196,0.5250966075980781,0,4,17,89,2644
first1,catboost_fusion,S22,0,0.4898559795756271,0.5250966075980781,0,4,18,90,2645
first1,catboost_fusion,S22,0,0.5233811006300881,0.5250966075980781,0,4,20,92,2646
first1,catboost_fusion,S22,0,0.5431157492211974,0.5250966075980781,1,4,21,93,2647
first1,catboost_fusion,S22,0,0.533224851042075,0.5250966075980781,1,4,23,95,2648
first1,catboost_fusion,S22,0,0.10252787868894205,0.5250966075980781,0,4,24,96,2649
first1,catboost_fusion,S22,0,0.36972696260851234,0.5250966075980781,0,5,1,97,2650
first1,catboost_fusion,S22,0,0.3499196074716687,0.5250966075980781,0,5,2,98,2651
first1,catboost_fusion,S22,0,0.3341907059719706,0.5250966075980781,0,5,3,99,2652
first1,catboost_fusion,S22,0,0.36637982333293617,0.5250966075980781,0,5,4,100,2653
first1,catboost_fusion,S22,0,0.5329293482965088,0.5250966075980781,1,5,5,101,2654
first1,catboost_fusion,S22,1,0.44949252578371124,0.5250966075980781,0,5,6,102,2655
first1,catboost_fusion,S22,0,0.3305046111185366,0.5250966075980781,0,5,7,103,2656
first1,catboost_fusion,S22,0,0.25760994610141524,0.5250966075980781,0,5,8,104,2657
first1,catboost_fusion,S22,0,0.42036040173879474,0.5250966075980781,0,5,9,105,2658
first1,catboost_fusion,S22,0,0.3657089835498662,0.5250966075980781,0,5,10,106,2659
first1,catboost_fusion,S22,0,0.3846081079197394,0.5250966075980781,0,5,11,107,2660
first1,catboost_fusion,S22,0,0.49146791532040063,0.5250966075980781,0,5,13,109,2661
first1,catboost_fusion,S22,0,0.3873330474524715,0.5250966075980781,0,5,14,110,2662
first1,catboost_fusion,S22,0,0.33861595520170074,0.5250966075980781,0,5,15,111,2663
first1,catboost_fusion,S22,0,0.32385829605940636,0.5250966075980781,0,5,16,112,2664
first1,catboost_fusion,S22,0,0.41532608659931175,0.5250966075980781,0,5,17,113,2665
first1,catboost_fusion,S22,0,0.32529435826981534,0.5250966075980781,0,5,18,114,2666
first1,catboost_fusion,S22,0,0.38828440639167544,0.5250966075980781,0,5,19,115,2667
first1,catboost_fusion,S22,1,0.44009714838293,0.5250966075980781,0,5,20,116,2668
first1,catboost_fusion,S22,1,0.8126515661882263,0.5250966075980781,1,5,22,118,2669
first1,catboost_fusion,S22,0,0.4233228214690915,0.5250966075980781,0,5,23,119,2670
first1,catboost_fusion,S22,0,0.5392686078568446,0.5250966075980781,1,5,24,120,2671
first1,catboost_fusion,S22,0,0.41789631307506603,0.5250966075980781,0,6,1,121,2672
first1,catboost_fusion,S22,0,0.37272717110834,0.5250966075980781,0,6,2,122,2673
first1,catboost_fusion,S22,0,0.2836140467858766,0.5250966075980781,0,6,3,123,2674
first1,catboost_fusion,S22,0,0.32966021967954057,0.5250966075980781,0,6,4,124,2675
first1,catboost_fusion,S22,0,0.32155148527572447,0.5250966075980781,0,6,5,125,2676
first1,catboost_fusion,S22,0,0.3667450855639904,0.5250966075980781,0,6,6,126,2677
first1,catboost_fusion,S22,0,0.34849021750507775,0.5250966075980781,0,6,7,127,2678
first1,catboost_fusion,S22,0,0.5293155011179735,0.5250966075980781,1,6,8,128,2679
first1,catboost_fusion,S22,0,0.5559844031237856,0.5250966075980781,1,6,9,129,2680
first1,catboost_fusion,S22,0,0.4901500251078474,0.5250966075980781,0,6,10,130,2681
first1,catboost_fusion,S22,0,0.4574650581455749,0.5250966075980781,0,6,11,131,2682
first1,catboost_fusion,S22,0,0.3878904383972525,0.5250966075980781,0,6,12,132,2683
first1,catboost_fusion,S22,0,0.2761758992292356,0.5250966075980781,0,6,13,133,2684
first1,catboost_fusion,S22,0,0.2958152738373283,0.5250966075980781,0,6,14,134,2685
first1,catboost_fusion,S22,0,0.2969475722549991,0.5250966075980781,0,6,15,135,2686
first1,catboost_fusion,S22,1,0.35289669843071175,0.5250966075980781,0,6,16,136,2687
first1,catboost_fusion,S22,1,0.2815758598041127,0.5250966075980781,0,6,17,137,2688
first1,catboost_fusion,S22,0,0.4705050349056404,0.5250966075980781,0,6,18,138,2689
first1,catboost_fusion,S22,0,0.3859841146039693,0.5250966075980781,0,6,19,139,2690
first1,catboost_fusion,S22,0,0.34904308887633057,0.5250966075980781,0,6,20,140,2691
first1,catboost_fusion,S22,0,0.5976110596232092,0.5250966075980781,1,6,21,141,2692
first1,catboost_fusion,S22,0,0.31951918140528657,0.5250966075980781,0,6,23,143,2693
first1,catboost_fusion,S22,0,0.3453850195700342,0.5250966075980781,0,6,24,144,2694
first1,catboost_fusion,S23,0,0.40845121666266954,0.5619239701826069,0,1,1,1,2695
first1,catboost_fusion,S23,0,0.2201332615946575,0.5619239701826069,0,1,2,2,2696
first1,catboost_fusion,S23,0,0.4346507176635802,0.5619239701826069,0,1,3,3,2697
first1,catboost_fusion,S23,0,0.5293245071973509,0.5619239701826069,0,1,4,4,2698
first1,catboost_fusion,S23,1,0.3537000968521681,0.5619239701826069,0,1,5,5,2699
first1,catboost_fusion,S23,0,0.45321747210122665,0.5619239701826069,0,1,6,6,2700
first1,catboost_fusion,S23,0,0.48673311112973366,0.5619239701826069,0,1,7,7,2701
first1,catboost_fusion,S23,1,0.3904998453672783,0.5619239701826069,0,1,8,8,2702
first1,catboost_fusion,S23,0,0.3422914193854444,0.5619239701826069,0,1,9,9,2703
first1,catboost_fusion,S23,0,0.25205177611848323,0.5619239701826069,0,1,10,10,2704
first1,catboost_fusion,S23,0,0.5494007923819999,0.5619239701826069,0,1,11,11,2705
first1,catboost_fusion,S23,0,0.3678111242145356,0.5619239701826069,0,1,12,12,2706
first1,catboost_fusion,S23,0,0.34771749556493653,0.5619239701826069,0,1,13,13,2707
first1,catboost_fusion,S23,0,0.30629181266792405,0.5619239701826069,0,1,14,14,2708
first1,catboost_fusion,S23,0,0.3271349404878788,0.5619239701826069,0,1,15,15,2709
first1,catboost_fusion,S23,0,0.16124110703982908,0.5619239701826069,0,1,16,16,2710
first1,catboost_fusion,S23,0,0.5534223640428266,0.5619239701826069,0,1,17,17,2711
first1,catboost_fusion,S23,0,0.4726534677432836,0.5619239701826069,0,1,18,18,2712
first1,catboost_fusion,S23,0,0.5001110921666533,0.5619239701826069,0,1,19,19,2713
first1,catboost_fusion,S23,1,0.4559183150609394,0.5619239701826069,0,1,20,20,2714
first1,catboost_fusion,S23,0,0.7235560503664683,0.5619239701826069,1,1,21,21,2715
first1,catboost_fusion,S23,0,0.3614755609702518,0.5619239701826069,0,1,22,22,2716
first1,catboost_fusion,S23,0,0.47360550205593194,0.5619239701826069,0,1,23,23,2717
first1,catboost_fusion,S23,0,0.45179483549611626,0.5619239701826069,0,1,24,24,2718
first1,catboost_fusion,S23,0,0.7438074636126023,0.5619239701826069,1,2,1,25,2719
first1,catboost_fusion,S23,1,0.6199219869744456,0.5619239701826069,1,2,2,26,2720
first1,catboost_fusion,S23,0,0.6954704045263508,0.5619239701826069,1,2,3,27,2721
first1,catboost_fusion,S23,0,0.32534772337652335,0.5619239701826069,0,2,4,28,2722
first1,catboost_fusion,S23,0,0.487344214565455,0.5619239701826069,0,2,5,29,2723
first1,catboost_fusion,S23,0,0.4662564759254973,0.5619239701826069,0,2,6,30,2724
first1,catboost_fusion,S23,0,0.29249924387107135,0.5619239701826069,0,2,7,31,2725
first1,catboost_fusion,S23,1,0.8482844622124909,0.5619239701826069,1,2,8,32,2726
first1,catboost_fusion,S23,0,0.34409371884508483,0.5619239701826069,0,2,9,33,2727
first1,catboost_fusion,S23,0,0.7608108654055493,0.5619239701826069,1,2,10,34,2728
first1,catboost_fusion,S23,0,0.6196421697659646,0.5619239701826069,1,2,11,35,2729
first1,catboost_fusion,S23,0,0.33786416467850106,0.5619239701826069,0,2,12,36,2730
first1,catboost_fusion,S23,0,0.7073938614057116,0.5619239701826069,1,2,13,37,2731
first1,catboost_fusion,S23,0,0.6586398259910953,0.5619239701826069,1,2,14,38,2732
first1,catboost_fusion,S23,0,0.5611455465634569,0.5619239701826069,0,2,15,39,2733
first1,catboost_fusion,S23,1,0.5478517287982242,0.5619239701826069,0,2,16,40,2734
first1,catboost_fusion,S23,0,0.536495737239198,0.5619239701826069,0,2,17,41,2735
first1,catboost_fusion,S23,0,0.6773297243032461,0.5619239701826069,1,2,18,42,2736
first1,catboost_fusion,S23,0,0.710424240593848,0.5619239701826069,1,2,19,43,2737
first1,catboost_fusion,S23,0,0.42125860759165046,0.5619239701826069,0,2,20,44,2738
first1,catboost_fusion,S23,0,0.752132311817097,0.5619239701826069,1,2,21,45,2739
first1,catboost_fusion,S23,0,0.31088493542225343,0.5619239701826069,0,2,22,46,2740
first1,catboost_fusion,S23,0,0.20026638236595434,0.5619239701826069,0,2,23,47,2741
first1,catboost_fusion,S23,0,0.4947462606303111,0.5619239701826069,0,2,24,48,2742
first1,catboost_fusion,S23,1,0.7017439082440923,0.5619239701826069,1,3,1,49,2743
first1,catboost_fusion,S23,0,0.3351523320774198,0.5619239701826069,0,3,2,50,2744
first1,catboost_fusion,S23,0,0.3133195650073415,0.5619239701826069,0,3,3,51,2745
first1,catboost_fusion,S23,0,0.3736434596793229,0.5619239701826069,0,3,4,52,2746
first1,catboost_fusion,S23,0,0.6106865813078975,0.5619239701826069,1,3,5,53,2747
first1,catboost_fusion,S23,0,0.5137237876913224,0.5619239701826069,0,3,6,54,2748
first1,catboost_fusion,S23,0,0.3162393649247533,0.5619239701826069,0,3,7,55,2749
first1,catboost_fusion,S23,0,0.30903901262805145,0.5619239701826069,0,3,8,56,2750
first1,catboost_fusion,S23,0,0.21654342327322948,0.5619239701826069,0,3,9,57,2751
first1,catboost_fusion,S23,0,0.33166713357757704,0.5619239701826069,0,3,10,58,2752
first1,catboost_fusion,S23,0,0.3451308930962321,0.5619239701826069,0,3,11,59,2753
first1,catboost_fusion,S23,1,0.5441065351098612,0.5619239701826069,0,3,12,60,2754
first1,catboost_fusion,S23,0,0.1554927744488602,0.5619239701826069,0,3,13,61,2755
first1,catboost_fusion,S23,0,0.16332800666966085,0.5619239701826069,0,3,14,62,2756
first1,catboost_fusion,S23,0,0.32866403893865087,0.5619239701826069,0,3,15,63,2757
first1,catboost_fusion,S23,1,0.2629362013149776,0.5619239701826069,0,3,16,64,2758
first1,catboost_fusion,S23,0,0.44713076262400003,0.5619239701826069,0,3,17,65,2759
first1,catboost_fusion,S23,0,0.34587226270153804,0.5619239701826069,0,3,18,66,2760
first1,catboost_fusion,S23,0,0.46095310703658066,0.5619239701826069,0,3,19,67,2761
first1,catboost_fusion,S23,1,0.4218902683895455,0.5619239701826069,0,3,20,68,2762
first1,catboost_fusion,S23,0,0.3326588840445013,0.5619239701826069,0,3,21,69,2763
first1,catboost_fusion,S23,0,0.44038352761287214,0.5619239701826069,0,3,22,70,2764
first1,catboost_fusion,S23,0,0.4034085117652252,0.5619239701826069,0,3,23,71,2765
first1,catboost_fusion,S23,0,0.49086540904012743,0.5619239701826069,0,3,24,72,2766
first1,catboost_fusion,S23,0,0.7354830700743745,0.5619239701826069,1,4,1,73,2767
first1,catboost_fusion,S23,0,0.2926037741614316,0.5619239701826069,0,4,2,74,2768
first1,catboost_fusion,S23,0,0.3833613278252697,0.5619239701826069,0,4,3,75,2769
first1,catboost_fusion,S23,1,0.3754895881746636,0.5619239701826069,0,4,4,76,2770
first1,catboost_fusion,S23,0,0.39491548777484475,0.5619239701826069,0,4,5,77,2771
first1,catboost_fusion,S23,0,0.4570017982099683,0.5619239701826069,0,4,6,78,2772
first1,catboost_fusion,S23,0,0.6281651160352149,0.5619239701826069,1,4,7,79,2773
first1,catboost_fusion,S23,0,0.22925253954471825,0.5619239701826069,0,4,8,80,2774
first1,catboost_fusion,S23,0,0.30520327393889973,0.5619239701826069,0,4,9,81,2775
first1,catboost_fusion,S23,0,0.5601812221563394,0.5619239701826069,0,4,10,82,2776
first1,catboost_fusion,S23,0,0.2734615174309382,0.5619239701826069,0,4,11,83,2777
first1,catboost_fusion,S23,0,0.4129448738754921,0.5619239701826069,0,4,12,84,2778
first1,catboost_fusion,S23,1,0.3879407079353083,0.5619239701826069,0,4,13,85,2779
first1,catboost_fusion,S23,0,0.27768408565144487,0.5619239701826069,0,4,14,86,2780
first1,catboost_fusion,S23,0,0.330087425369336,0.5619239701826069,0,4,15,87,2781
first1,catboost_fusion,S23,0,0.7334953768075115,0.5619239701826069,1,4,16,88,2782
first1,catboost_fusion,S23,1,0.556822161787674,0.5619239701826069,0,4,17,89,2783
first1,catboost_fusion,S23,0,0.4387541348694748,0.5619239701826069,0,4,18,90,2784
first1,catboost_fusion,S23,0,0.2470284149232031,0.5619239701826069,0,4,19,91,2785
first1,catboost_fusion,S23,0,0.3271877853849383,0.5619239701826069,0,4,20,92,2786
first1,catboost_fusion,S23,0,0.561966652526678,0.5619239701826069,1,4,21,93,2787
first1,catboost_fusion,S23,0,0.23312343060903162,0.5619239701826069,0,4,22,94,2788
first1,catboost_fusion,S23,0,0.22364607722179353,0.5619239701826069,0,4,23,95,2789
first1,catboost_fusion,S23,0,0.3635684467682159,0.5619239701826069,0,4,24,96,2790
first1,catboost_fusion,S23,0,0.6223744510609978,0.5619239701826069,1,5,1,97,2791
first1,catboost_fusion,S23,1,0.26421317617312834,0.5619239701826069,0,5,2,98,2792
first1,catboost_fusion,S23,1,0.5712919810985887,0.5619239701826069,1,5,3,99,2793
first1,catboost_fusion,S23,0,0.5956072336102463,0.5619239701826069,1,5,4,100,2794
first1,catboost_fusion,S23,1,0.5786518777949505,0.5619239701826069,1,5,5,101,2795
first1,catboost_fusion,S23,0,0.44172965654466073,0.5619239701826069,0,5,6,102,2796
first1,catboost_fusion,S23,0,0.4609177642144345,0.5619239701826069,0,5,7,103,2797
first1,catboost_fusion,S23,1,0.39512083108324236,0.5619239701826069,0,5,8,104,2798
first1,catboost_fusion,S23,1,0.6914116786173407,0.5619239701826069,1,5,9,105,2799
first1,catboost_fusion,S23,0,0.25511394799007553,0.5619239701826069,0,5,10,106,2800
first1,catboost_fusion,S23,0,0.41718139978055885,0.5619239701826069,0,5,11,107,2801
first1,catboost_fusion,S23,0,0.41275112123152863,0.5619239701826069,0,5,12,108,2802
first1,catboost_fusion,S23,0,0.28660021741919095,0.5619239701826069,0,5,13,109,2803
first1,catboost_fusion,S23,0,0.6495422684917568,0.5619239701826069,1,5,14,110,2804
first1,catboost_fusion,S23,0,0.361258082639402,0.5619239701826069,0,5,15,111,2805
first1,catboost_fusion,S23,0,0.5656230269072892,0.5619239701826069,1,5,16,112,2806
first1,catboost_fusion,S23,0,0.2478822841462866,0.5619239701826069,0,5,17,113,2807
first1,catboost_fusion,S23,1,0.6733351920253704,0.5619239701826069,1,5,18,114,2808
first1,catboost_fusion,S23,0,0.47165283773504174,0.5619239701826069,0,5,19,115,2809
first1,catboost_fusion,S23,0,0.34922275480359194,0.5619239701826069,0,5,20,116,2810
first1,catboost_fusion,S23,0,0.7084070706334449,0.5619239701826069,1,5,21,117,2811
first1,catboost_fusion,S23,1,0.33803652989933736,0.5619239701826069,0,5,22,118,2812
first1,catboost_fusion,S23,0,0.4957474396487724,0.5619239701826069,0,5,23,119,2813
first1,catboost_fusion,S23,0,0.3586503015310807,0.5619239701826069,0,5,24,120,2814
first1,catboost_fusion,S23,0,0.26892757910701587,0.5619239701826069,0,6,1,121,2815
first1,catboost_fusion,S23,0,0.3686740088716831,0.5619239701826069,0,6,2,122,2816
first1,catboost_fusion,S23,0,0.3527193415789294,0.5619239701826069,0,6,3,123,2817
first1,catboost_fusion,S23,0,0.25484426825909123,0.5619239701826069,0,6,4,124,2818
first1,catboost_fusion,S23,0,0.27752983805794773,0.5619239701826069,0,6,5,125,2819
first1,catboost_fusion,S23,0,0.44307715803466957,0.5619239701826069,0,6,6,126,2820
first1,catboost_fusion,S23,0,0.2777976509526329,0.5619239701826069,0,6,7,127,2821
first1,catboost_fusion,S23,0,0.3472293022152367,0.5619239701826069,0,6,8,128,2822
first1,catboost_fusion,S23,0,0.3121652891393429,0.5619239701826069,0,6,9,129,2823
first1,catboost_fusion,S23,0,0.404041519928858,0.5619239701826069,0,6,10,130,2824
first1,catboost_fusion,S23,1,0.793958753873466,0.5619239701826069,1,6,11,131,2825
first1,catboost_fusion,S23,0,0.30138079039577237,0.5619239701826069,0,6,12,132,2826
first1,catboost_fusion,S23,0,0.36184101452783535,0.5619239701826069,0,6,13,133,2827
first1,catboost_fusion,S23,0,0.5303083194077136,0.5619239701826069,0,6,14,134,2828
first1,catboost_fusion,S23,0,0.5955875154395643,0.5619239701826069,1,6,15,135,2829
first1,catboost_fusion,S23,0,0.34312225178154937,0.5619239701826069,0,6,16,136,2830
first1,catboost_fusion,S23,0,0.6686277976568531,0.5619239701826069,1,6,17,137,2831
first1,catboost_fusion,S23,0,0.463891625014919,0.5619239701826069,0,6,18,138,2832
first1,catboost_fusion,S23,0,0.31911457929049053,0.5619239701826069,0,6,19,139,2833
first1,catboost_fusion,S23,0,0.6563413520919748,0.5619239701826069,1,6,20,140,2834
first1,catboost_fusion,S23,0,0.8140841406102686,0.5619239701826069,1,6,21,141,2835
first1,catboost_fusion,S23,0,0.642557518967064,0.5619239701826069,1,6,22,142,2836
first1,catboost_fusion,S23,0,0.610299961489301,0.5619239701826069,1,6,23,143,2837
first1,catboost_fusion,S23,0,0.750734181249716,0.5619239701826069,1,6,24,144,2838
first1,catboost_fusion,S24,0,0.7674046260291124,0.49493376954795615,1,1,1,1,2839
first1,catboost_fusion,S24,0,0.20549366220850865,0.49493376954795615,0,1,2,2,2840
first1,catboost_fusion,S24,0,0.3467822752388339,0.49493376954795615,0,1,3,3,2841
first1,catboost_fusion,S24,0,0.1144174014331025,0.49493376954795615,0,1,4,4,2842
first1,catboost_fusion,S24,0,0.09378369026042348,0.49493376954795615,0,1,5,5,2843
first1,catboost_fusion,S24,1,0.0869547490459678,0.49493376954795615,0,1,6,6,2844
first1,catboost_fusion,S24,0,0.41082991554435444,0.49493376954795615,0,1,7,7,2845
first1,catboost_fusion,S24,0,0.15815692584768862,0.49493376954795615,0,1,8,8,2846
first1,catboost_fusion,S24,0,0.28654454317992734,0.49493376954795615,0,1,9,9,2847
first1,catboost_fusion,S24,1,0.29019585088229577,0.49493376954795615,0,1,10,10,2848
first1,catboost_fusion,S24,0,0.21879023464235728,0.49493376954795615,0,1,11,11,2849
first1,catboost_fusion,S24,0,0.21888861267197077,0.49493376954795615,0,1,12,12,2850
first1,catboost_fusion,S24,1,0.7101871342109919,0.49493376954795615,1,1,13,13,2851
first1,catboost_fusion,S24,0,0.18550626586541166,0.49493376954795615,0,1,14,14,2852
first1,catboost_fusion,S24,0,0.07965605303584888,0.49493376954795615,0,1,15,15,2853
first1,catboost_fusion,S24,0,0.11202597345010315,0.49493376954795615,0,1,16,16,2854
first1,catboost_fusion,S24,0,0.17949404135884411,0.49493376954795615,0,1,17,17,2855
first1,catboost_fusion,S24,0,0.16843683289277087,0.49493376954795615,0,1,18,18,2856
first1,catboost_fusion,S24,0,0.6550151797419534,0.49493376954795615,1,1,19,19,2857
first1,catboost_fusion,S24,0,0.2617182700164785,0.49493376954795615,0,1,20,20,2858
first1,catboost_fusion,S24,0,0.27468861138860695,0.49493376954795615,0,1,21,21,2859
first1,catboost_fusion,S24,0,0.12684422950976004,0.49493376954795615,0,1,22,22,2860
first1,catboost_fusion,S24,0,0.16358626816876012,0.49493376954795615,0,1,23,23,2861
first1,catboost_fusion,S24,0,0.105222455473804,0.49493376954795615,0,1,24,24,2862
first1,catboost_fusion,S24,0,0.42047871587200836,0.49493376954795615,0,2,1,25,2863
first1,catboost_fusion,S24,0,0.0854219159246498,0.49493376954795615,0,2,2,26,2864
first1,catboost_fusion,S24,0,0.20928939165029126,0.49493376954795615,0,2,3,27,2865
first1,catboost_fusion,S24,0,0.6669006707737224,0.49493376954795615,1,2,4,28,2866
first1,catboost_fusion,S24,0,0.2309506200272261,0.49493376954795615,0,2,5,29,2867
first1,catboost_fusion,S24,0,0.16082783848597632,0.49493376954795615,0,2,6,30,2868
first1,catboost_fusion,S24,1,0.4616796630178798,0.49493376954795615,0,2,7,31,2869
first1,catboost_fusion,S24,0,0.09815617690283589,0.49493376954795615,0,2,8,32,2870
first1,catboost_fusion,S24,0,0.19223243716664293,0.49493376954795615,0,2,9,33,2871
first1,catboost_fusion,S24,0,0.33226492899002885,0.49493376954795615,0,2,10,34,2872
first1,catboost_fusion,S24,0,0.5257727224595221,0.49493376954795615,1,2,11,35,2873
first1,catboost_fusion,S24,0,0.281256390206991,0.49493376954795615,0,2,12,36,2874
first1,catboost_fusion,S24,0,0.10238219606383171,0.49493376954795615,0,2,13,37,2875
first1,catboost_fusion,S24,0,0.2620126499609979,0.49493376954795615,0,2,14,38,2876
first1,catboost_fusion,S24,1,0.21297812083926193,0.49493376954795615,0,2,15,39,2877
first1,catboost_fusion,S24,1,0.09426568498674123,0.49493376954795615,0,2,16,40,2878
first1,catboost_fusion,S24,0,0.5748823378631138,0.49493376954795615,1,2,17,41,2879
first1,catboost_fusion,S24,0,0.2817470914807618,0.49493376954795615,0,2,18,42,2880
first1,catboost_fusion,S24,0,0.19466944642486542,0.49493376954795615,0,2,19,43,2881
first1,catboost_fusion,S24,0,0.24082585122160105,0.49493376954795615,0,2,20,44,2882
first1,catboost_fusion,S24,0,0.19711815495005572,0.49493376954795615,0,2,21,45,2883
first1,catboost_fusion,S24,0,0.12060256200391159,0.49493376954795615,0,2,22,46,2884
first1,catboost_fusion,S24,1,0.10755508484783996,0.49493376954795615,0,2,23,47,2885
first1,catboost_fusion,S24,0,0.4052567521695383,0.49493376954795615,0,2,24,48,2886
first1,catboost_fusion,S24,0,0.6298150985350132,0.49493376954795615,1,3,1,49,2887
first1,catboost_fusion,S24,0,0.28749084084239074,0.49493376954795615,0,3,2,50,2888
first1,catboost_fusion,S24,0,0.10925796160150107,0.49493376954795615,0,3,3,51,2889
first1,catboost_fusion,S24,1,0.2978416539141091,0.49493376954795615,0,3,4,52,2890
first1,catboost_fusion,S24,0,0.2533784461994283,0.49493376954795615,0,3,5,53,2891
first1,catboost_fusion,S24,0,0.27708524018673414,0.49493376954795615,0,3,6,54,2892
first1,catboost_fusion,S24,0,0.5080717597622273,0.49493376954795615,1,3,7,55,2893
first1,catboost_fusion,S24,0,0.1715993980372272,0.49493376954795615,0,3,8,56,2894
first1,catboost_fusion,S24,0,0.3401419779651436,0.49493376954795615,0,3,9,57,2895
first1,catboost_fusion,S24,0,0.3023197961112339,0.49493376954795615,0,3,10,58,2896
first1,catboost_fusion,S24,0,0.12637464779502516,0.49493376954795615,0,3,11,59,2897
first1,catboost_fusion,S24,0,0.53050075495742,0.49493376954795615,1,3,12,60,2898
first1,catboost_fusion,S24,0,0.44949343905748873,0.49493376954795615,0,3,13,61,2899
first1,catboost_fusion,S24,0,0.5826027431918374,0.49493376954795615,1,3,14,62,2900
first1,catboost_fusion,S24,1,0.5501368582847656,0.49493376954795615,1,3,15,63,2901
first1,catboost_fusion,S24,0,0.5887676452152776,0.49493376954795615,1,3,16,64,2902
first1,catboost_fusion,S24,0,0.15220323510827716,0.49493376954795615,0,3,17,65,2903
first1,catboost_fusion,S24,0,0.29148343236050317,0.49493376954795615,0,3,18,66,2904
first1,catboost_fusion,S24,0,0.2173408801037408,0.49493376954795615,0,3,19,67,2905
first1,catboost_fusion,S24,1,0.21976232253548383,0.49493376954795615,0,3,20,68,2906
first1,catboost_fusion,S24,0,0.23629532192575506,0.49493376954795615,0,3,21,69,2907
first1,catboost_fusion,S24,0,0.31756206214288246,0.49493376954795615,0,3,22,70,2908
first1,catboost_fusion,S24,0,0.08489224600404648,0.49493376954795615,0,3,23,71,2909
first1,catboost_fusion,S24,0,0.45905618237104834,0.49493376954795615,0,3,24,72,2910
first1,catboost_fusion,S24,0,0.20961725052111516,0.49493376954795615,0,4,1,73,2911
first1,catboost_fusion,S24,0,0.20931083780847579,0.49493376954795615,0,4,2,74,2912
first1,catboost_fusion,S24,0,0.11694987199799507,0.49493376954795615,0,4,3,75,2913
first1,catboost_fusion,S24,0,0.3274950278279806,0.49493376954795615,0,4,4,76,2914
first1,catboost_fusion,S24,0,0.17454262067667048,0.49493376954795615,0,4,5,77,2915
first1,catboost_fusion,S24,0,0.22151875137376298,0.49493376954795615,0,4,6,78,2916
first1,catboost_fusion,S24,0,0.2927379275050897,0.49493376954795615,0,4,7,79,2917
first1,catboost_fusion,S24,0,0.2779195834643651,0.49493376954795615,0,4,8,80,2918
first1,catboost_fusion,S24,0,0.3324386432712518,0.49493376954795615,0,4,9,81,2919
first1,catboost_fusion,S24,0,0.18706086149269457,0.49493376954795615,0,4,10,82,2920
first1,catboost_fusion,S24,0,0.3200692921118682,0.49493376954795615,0,4,11,83,2921
first1,catboost_fusion,S24,0,0.39138197820884985,0.49493376954795615,0,4,12,84,2922
first1,catboost_fusion,S24,0,0.25450581192281535,0.49493376954795615,0,4,13,85,2923
first1,catboost_fusion,S24,0,0.2688314159075706,0.49493376954795615,0,4,14,86,2924
first1,catboost_fusion,S24,1,0.42938881849151556,0.49493376954795615,0,4,15,87,2925
first1,catboost_fusion,S24,1,0.08686049919845026,0.49493376954795615,0,4,16,88,2926
first1,catboost_fusion,S24,0,0.23533570933690545,0.49493376954795615,0,4,17,89,2927
first1,catboost_fusion,S24,0,0.5229014068655236,0.49493376954795615,1,4,18,90,2928
first1,catboost_fusion,S24,0,0.2349317369444707,0.49493376954795615,0,4,19,91,2929
first1,catboost_fusion,S24,0,0.46258789917041004,0.49493376954795615,0,4,20,92,2930
first1,catboost_fusion,S24,0,0.5953402875565665,0.49493376954795615,1,4,21,93,2931
first1,catboost_fusion,S24,0,0.20815046713500043,0.49493376954795615,0,4,22,94,2932
first1,catboost_fusion,S24,0,0.516310886436443,0.49493376954795615,1,4,23,95,2933
first1,catboost_fusion,S24,0,0.16704323173543978,0.49493376954795615,0,4,24,96,2934
first1,catboost_fusion,S24,0,0.6949739083239057,0.49493376954795615,1,5,1,97,2935
first1,catboost_fusion,S24,0,0.20358556838557115,0.49493376954795615,0,5,2,98,2936
first1,catboost_fusion,S24,1,0.5408190053469139,0.49493376954795615,1,5,3,99,2937
first1,catboost_fusion,S24,0,0.2693924402552827,0.49493376954795615,0,5,4,100,2938
first1,catboost_fusion,S24,0,0.37173177895305237,0.49493376954795615,0,5,5,101,2939
first1,catboost_fusion,S24,0,0.20675635399415712,0.49493376954795615,0,5,6,102,2940
first1,catboost_fusion,S24,0,0.42607036124078634,0.49493376954795615,0,5,7,103,2941
first1,catboost_fusion,S24,1,0.268708577944217,0.49493376954795615,0,5,8,104,2942
first1,catboost_fusion,S24,0,0.09231064956175267,0.49493376954795615,0,5,9,105,2943
first1,catboost_fusion,S24,0,0.31588446137921117,0.49493376954795615,0,5,10,106,2944
first1,catboost_fusion,S24,0,0.5357605094975167,0.49493376954795615,1,5,11,107,2945
first1,catboost_fusion,S24,0,0.10041700913989494,0.49493376954795615,0,5,12,108,2946
first1,catboost_fusion,S24,0,0.1084846731785738,0.49493376954795615,0,5,13,109,2947
first1,catboost_fusion,S24,0,0.1581399874999059,0.49493376954795615,0,5,14,110,2948
first1,catboost_fusion,S24,0,0.6561200330928583,0.49493376954795615,1,5,15,111,2949
first1,catboost_fusion,S24,0,0.5533799035420347,0.49493376954795615,1,5,16,112,2950
first1,catboost_fusion,S24,0,0.2959349248310691,0.49493376954795615,0,5,17,113,2951
first1,catboost_fusion,S24,1,0.22729415844680795,0.49493376954795615,0,5,18,114,2952
first1,catboost_fusion,S24,0,0.5187044337011575,0.49493376954795615,1,5,19,115,2953
first1,catboost_fusion,S24,0,0.6559924724875059,0.49493376954795615,1,5,20,116,2954
first1,catboost_fusion,S24,0,0.24575212010695183,0.49493376954795615,0,5,21,117,2955
first1,catboost_fusion,S24,0,0.20668920152410566,0.49493376954795615,0,5,22,118,2956
first1,catboost_fusion,S24,0,0.22840050052133448,0.49493376954795615,0,5,23,119,2957
first1,catboost_fusion,S24,0,0.45277449409744014,0.49493376954795615,0,5,24,120,2958
first1,catboost_fusion,S24,0,0.10282861665992352,0.49493376954795615,0,6,1,121,2959
first1,catboost_fusion,S24,0,0.20763398947477144,0.49493376954795615,0,6,2,122,2960
first1,catboost_fusion,S24,0,0.1106333611346007,0.49493376954795615,0,6,3,123,2961
first1,catboost_fusion,S24,0,0.16239158147006255,0.49493376954795615,0,6,4,124,2962
first1,catboost_fusion,S24,0,0.11526475988188696,0.49493376954795615,0,6,5,125,2963
first1,catboost_fusion,S24,0,0.2132299831010092,0.49493376954795615,0,6,6,126,2964
first1,catboost_fusion,S24,1,0.22794135579431204,0.49493376954795615,0,6,7,127,2965
first1,catboost_fusion,S24,0,0.26163728538184766,0.49493376954795615,0,6,8,128,2966
first1,catboost_fusion,S24,0,0.39853956709968164,0.49493376954795615,0,6,9,129,2967
first1,catboost_fusion,S24,1,0.6694376956229192,0.49493376954795615,1,6,10,130,2968
first1,catboost_fusion,S24,0,0.1879507418024238,0.49493376954795615,0,6,11,131,2969
first1,catboost_fusion,S24,0,0.282935618375559,0.49493376954795615,0,6,12,132,2970
first1,catboost_fusion,S24,0,0.1780813547448213,0.49493376954795615,0,6,13,133,2971
first1,catboost_fusion,S24,0,0.19675639542184606,0.49493376954795615,0,6,14,134,2972
first1,catboost_fusion,S24,0,0.15446813469255935,0.49493376954795615,0,6,15,135,2973
first1,catboost_fusion,S24,0,0.12048470269100263,0.49493376954795615,0,6,16,136,2974
first1,catboost_fusion,S24,0,0.14636933935374105,0.49493376954795615,0,6,17,137,2975
first1,catboost_fusion,S24,0,0.1504309179892584,0.49493376954795615,0,6,18,138,2976
first1,catboost_fusion,S24,0,0.2184487043159406,0.49493376954795615,0,6,19,139,2977
first1,catboost_fusion,S24,0,0.16338480901057845,0.49493376954795615,0,6,20,140,2978
first1,catboost_fusion,S24,0,0.20687888414484865,0.49493376954795615,0,6,21,141,2979
first1,catboost_fusion,S24,0,0.25714987749020135,0.49493376954795615,0,6,22,142,2980
first1,catboost_fusion,S24,0,0.20509064303930002,0.49493376954795615,0,6,23,143,2981
first1,catboost_fusion,S24,1,0.17574947274939962,0.49493376954795615,0,6,24,144,2982
first1,catboost_fusion,S25,0,0.6868804508283086,0.4696073888635886,1,1,1,1,2983
first1,catboost_fusion,S25,0,0.2739998066291184,0.4696073888635886,0,1,2,2,2984
first1,catboost_fusion,S25,0,0.11508134818100992,0.4696073888635886,0,1,3,3,2985
first1,catboost_fusion,S25,0,0.2048261037846061,0.4696073888635886,0,1,4,4,2986
first1,catboost_fusion,S25,0,0.20508717300066576,0.4696073888635886,0,1,5,5,2987
first1,catboost_fusion,S25,0,0.41623075004642385,0.4696073888635886,0,1,6,6,2988
first1,catboost_fusion,S25,0,0.22778539872533202,0.4696073888635886,0,1,7,7,2989
first1,catboost_fusion,S25,1,0.25094675115160464,0.4696073888635886,0,1,8,8,2990
first1,catboost_fusion,S25,0,0.38871320314869373,0.4696073888635886,0,1,9,9,2991
first1,catboost_fusion,S25,0,0.25613764214380175,0.4696073888635886,0,1,10,10,2992
first1,catboost_fusion,S25,0,0.2066178694002023,0.4696073888635886,0,1,11,11,2993
first1,catboost_fusion,S25,0,0.17223527512854211,0.4696073888635886,0,1,12,12,2994
first1,catboost_fusion,S25,0,0.23419130406831884,0.4696073888635886,0,1,13,13,2995
first1,catboost_fusion,S25,0,0.10251128956896724,0.4696073888635886,0,1,14,14,2996
first1,catboost_fusion,S25,0,0.2424954954394982,0.4696073888635886,0,1,15,15,2997
first1,catboost_fusion,S25,1,0.77504862617156,0.4696073888635886,1,1,16,16,2998
first1,catboost_fusion,S25,0,0.6832289752584515,0.4696073888635886,1,1,17,17,2999
first1,catboost_fusion,S25,0,0.21421387472594947,0.4696073888635886,0,1,18,18,3000
first1,catboost_fusion,S25,0,0.19838945560635943,0.4696073888635886,0,1,19,19,3001
first1,catboost_fusion,S25,0,0.21509101458130472,0.4696073888635886,0,1,20,20,3002
first1,catboost_fusion,S25,0,0.15654230393906435,0.4696073888635886,0,1,21,21,3003
first1,catboost_fusion,S25,0,0.2941311522267488,0.4696073888635886,0,1,22,22,3004
first1,catboost_fusion,S25,0,0.3748628782741751,0.4696073888635886,0,1,23,23,3005
first1,catboost_fusion,S25,0,0.25746665880185143,0.4696073888635886,0,1,24,24,3006
first1,catboost_fusion,S25,0,0.051341032839555406,0.4696073888635886,0,2,1,25,3007
first1,catboost_fusion,S25,0,0.24220168274179527,0.4696073888635886,0,2,2,26,3008
first1,catboost_fusion,S25,0,0.2969791706842438,0.4696073888635886,0,2,3,27,3009
first1,catboost_fusion,S25,0,0.07561484113623622,0.4696073888635886,0,2,4,28,3010
first1,catboost_fusion,S25,0,0.30677872137767753,0.4696073888635886,0,2,5,29,3011
first1,catboost_fusion,S25,0,0.16323619667143255,0.4696073888635886,0,2,6,30,3012
first1,catboost_fusion,S25,1,0.18129027902137176,0.4696073888635886,0,2,7,31,3013
first1,catboost_fusion,S25,0,0.1344792383436168,0.4696073888635886,0,2,8,32,3014
first1,catboost_fusion,S25,0,0.21473230958246012,0.4696073888635886,0,2,9,33,3015
first1,catboost_fusion,S25,0,0.3138127474755779,0.4696073888635886,0,2,10,34,3016
first1,catboost_fusion,S25,0,0.519770999434923,0.4696073888635886,1,2,11,35,3017
first1,catboost_fusion,S25,0,0.1902929596433695,0.4696073888635886,0,2,12,36,3018
first1,catboost_fusion,S25,0,0.19823851329316544,0.4696073888635886,0,2,13,37,3019
first1,catboost_fusion,S25,0,0.31549738081822404,0.4696073888635886,0,2,14,38,3020
first1,catboost_fusion,S25,0,0.3048470105869434,0.4696073888635886,0,2,15,39,3021
first1,catboost_fusion,S25,0,0.17278289214815762,0.4696073888635886,0,2,16,40,3022
first1,catboost_fusion,S25,0,0.2562498084919,0.4696073888635886,0,2,17,41,3023
first1,catboost_fusion,S25,0,0.19488148307891448,0.4696073888635886,0,2,18,42,3024
first1,catboost_fusion,S25,0,0.3425676844751951,0.4696073888635886,0,2,19,43,3025
first1,catboost_fusion,S25,0,0.20966679904703167,0.4696073888635886,0,2,20,44,3026
first1,catboost_fusion,S25,0,0.20495840470903806,0.4696073888635886,0,2,21,45,3027
first1,catboost_fusion,S25,0,0.17082274952026635,0.4696073888635886,0,2,22,46,3028
first1,catboost_fusion,S25,0,0.32657534895500095,0.4696073888635886,0,2,23,47,3029
first1,catboost_fusion,S25,0,0.12036835257966019,0.4696073888635886,0,2,24,48,3030
first1,catboost_fusion,S25,0,0.24079458483376076,0.4696073888635886,0,3,1,49,3031
first1,catboost_fusion,S25,0,0.16440092222238736,0.4696073888635886,0,3,2,50,3032
first1,catboost_fusion,S25,0,0.18387031094211476,0.4696073888635886,0,3,3,51,3033
first1,catboost_fusion,S25,0,0.1578501774310544,0.4696073888635886,0,3,4,52,3034
first1,catboost_fusion,S25,0,0.18366460010767324,0.4696073888635886,0,3,5,53,3035
first1,catboost_fusion,S25,0,0.2346357590576168,0.4696073888635886,0,3,6,54,3036
first1,catboost_fusion,S25,0,0.36772397252171535,0.4696073888635886,0,3,7,55,3037
first1,catboost_fusion,S25,0,0.2536982332808557,0.4696073888635886,0,3,8,56,3038
first1,catboost_fusion,S25,0,0.09213974812659115,0.4696073888635886,0,3,9,57,3039
first1,catboost_fusion,S25,0,0.11604022229776105,0.4696073888635886,0,3,10,58,3040
first1,catboost_fusion,S25,0,0.24667527601168437,0.4696073888635886,0,3,11,59,3041
first1,catboost_fusion,S25,0,0.19472794528109627,0.4696073888635886,0,3,12,60,3042
first1,catboost_fusion,S25,0,0.14525382338841203,0.4696073888635886,0,3,13,61,3043
first1,catboost_fusion,S25,0,0.2658696934037069,0.4696073888635886,0,3,14,62,3044
first1,catboost_fusion,S25,0,0.30435783471512284,0.4696073888635886,0,3,15,63,3045
first1,catboost_fusion,S25,0,0.26217810392825586,0.4696073888635886,0,3,16,64,3046
first1,catboost_fusion,S25,0,0.2266819512268722,0.4696073888635886,0,3,17,65,3047
first1,catboost_fusion,S25,0,0.2739032873627953,0.4696073888635886,0,3,18,66,3048
first1,catboost_fusion,S25,0,0.20178440484375118,0.4696073888635886,0,3,19,67,3049
first1,catboost_fusion,S25,0,0.14123545282763167,0.4696073888635886,0,3,20,68,3050
first1,catboost_fusion,S25,0,0.14475659252744857,0.4696073888635886,0,3,21,69,3051
first1,catboost_fusion,S25,0,0.22217117467539702,0.4696073888635886,0,3,22,70,3052
first1,catboost_fusion,S25,0,0.26091291056556665,0.4696073888635886,0,3,23,71,3053
first1,catboost_fusion,S25,0,0.23204271503154814,0.4696073888635886,0,3,24,72,3054
first1,catboost_fusion,S25,0,0.4766538996452175,0.4696073888635886,1,4,1,73,3055
first1,catboost_fusion,S25,0,0.21729698008619555,0.4696073888635886,0,4,2,74,3056
first1,catboost_fusion,S25,0,0.33717865379615236,0.4696073888635886,0,4,3,75,3057
first1,catboost_fusion,S25,0,0.1899204673249058,0.4696073888635886,0,4,4,76,3058
first1,catboost_fusion,S25,0,0.26060382459954756,0.4696073888635886,0,4,5,77,3059
first1,catboost_fusion,S25,0,0.2717759615603022,0.4696073888635886,0,4,6,78,3060
first1,catboost_fusion,S25,0,0.3508716406024323,0.4696073888635886,0,4,8,80,3061
first1,catboost_fusion,S25,0,0.2744634794593679,0.4696073888635886,0,4,9,81,3062
first1,catboost_fusion,S25,0,0.1742516806251745,0.4696073888635886,0,4,10,82,3063
first1,catboost_fusion,S25,0,0.19744893001668437,0.4696073888635886,0,4,12,84,3064
first1,catboost_fusion,S25,0,0.24552261205909648,0.4696073888635886,0,4,13,85,3065
first1,catboost_fusion,S25,0,0.18451490003651666,0.4696073888635886,0,4,14,86,3066
first1,catboost_fusion,S25,0,0.22856265774627818,0.4696073888635886,0,4,15,87,3067
first1,catboost_fusion,S25,0,0.27034228443486635,0.4696073888635886,0,4,16,88,3068
first1,catboost_fusion,S25,0,0.17682730368004118,0.4696073888635886,0,4,18,90,3069
first1,catboost_fusion,S25,0,0.2908679555383985,0.4696073888635886,0,4,19,91,3070
first1,catboost_fusion,S25,0,0.3097212299082115,0.4696073888635886,0,4,20,92,3071
first1,catboost_fusion,S25,0,0.24707705183153167,0.4696073888635886,0,4,21,93,3072
first1,catboost_fusion,S25,0,0.21568767527023416,0.4696073888635886,0,4,22,94,3073
first1,catboost_fusion,S25,0,0.23857534588285648,0.4696073888635886,0,4,24,96,3074
first1,catboost_fusion,S25,0,0.20663208528413624,0.4696073888635886,0,5,1,97,3075
first1,catboost_fusion,S25,0,0.21426763097842882,0.4696073888635886,0,5,2,98,3076
first1,catboost_fusion,S25,0,0.08770527208356145,0.4696073888635886,0,5,3,99,3077
first1,catboost_fusion,S25,0,0.2601559953006063,0.4696073888635886,0,5,4,100,3078
first1,catboost_fusion,S25,0,0.21631446738342464,0.4696073888635886,0,5,5,101,3079
first1,catboost_fusion,S25,1,0.33836840010801134,0.4696073888635886,0,5,6,102,3080
first1,catboost_fusion,S25,0,0.39173876655629286,0.4696073888635886,0,5,7,103,3081
first1,catboost_fusion,S25,0,0.31250244297284924,0.4696073888635886,0,5,8,104,3082
first1,catboost_fusion,S25,0,0.2934975517906609,0.4696073888635886,0,5,9,105,3083
first1,catboost_fusion,S25,0,0.14693179846868576,0.4696073888635886,0,5,10,106,3084
first1,catboost_fusion,S25,0,0.18806021132969586,0.4696073888635886,0,5,11,107,3085
first1,catboost_fusion,S25,0,0.3224586028884146,0.4696073888635886,0,5,12,108,3086
first1,catboost_fusion,S25,0,0.2157747774967157,0.4696073888635886,0,5,13,109,3087
first1,catboost_fusion,S25,0,0.2223137768074396,0.4696073888635886,0,5,14,110,3088
first1,catboost_fusion,S25,0,0.28387917396194157,0.4696073888635886,0,5,15,111,3089
first1,catboost_fusion,S25,0,0.23989909358171077,0.4696073888635886,0,5,16,112,3090
first1,catboost_fusion,S25,0,0.30246425464018833,0.4696073888635886,0,5,17,113,3091
first1,catboost_fusion,S25,0,0.23736394807514394,0.4696073888635886,0,5,18,114,3092
first1,catboost_fusion,S25,1,0.14625813729342857,0.4696073888635886,0,5,19,115,3093
first1,catboost_fusion,S25,0,0.2306811286789638,0.4696073888635886,0,5,20,116,3094
first1,catboost_fusion,S25,0,0.26890314136857724,0.4696073888635886,0,5,21,117,3095
first1,catboost_fusion,S25,0,0.20444536328936863,0.4696073888635886,0,5,22,118,3096
first1,catboost_fusion,S25,0,0.1859387692449827,0.4696073888635886,0,5,23,119,3097
first1,catboost_fusion,S25,0,0.18291690469683358,0.4696073888635886,0,5,24,120,3098
first1,catboost_fusion,S25,0,0.1773464653104984,0.4696073888635886,0,6,1,121,3099
first1,catboost_fusion,S25,0,0.16598173537156488,0.4696073888635886,0,6,2,122,3100
first1,catboost_fusion,S25,0,0.2621717572462895,0.4696073888635886,0,6,3,123,3101
first1,catboost_fusion,S25,0,0.17648898157474321,0.4696073888635886,0,6,4,124,3102
first1,catboost_fusion,S25,0,0.3115639078445418,0.4696073888635886,0,6,5,125,3103
first1,catboost_fusion,S25,0,0.4765206691543682,0.4696073888635886,1,6,6,126,3104
first1,catboost_fusion,S25,0,0.15046267996460316,0.4696073888635886,0,6,7,127,3105
first1,catboost_fusion,S25,0,0.11885865474506824,0.4696073888635886,0,6,8,128,3106
first1,catboost_fusion,S25,0,0.1909953654113591,0.4696073888635886,0,6,9,129,3107
first1,catboost_fusion,S25,0,0.19078716783771907,0.4696073888635886,0,6,10,130,3108
first1,catboost_fusion,S25,0,0.19983800119893755,0.4696073888635886,0,6,11,131,3109
first1,catboost_fusion,S25,0,0.23764617872612948,0.4696073888635886,0,6,12,132,3110
first1,catboost_fusion,S25,0,0.35278934471292733,0.4696073888635886,0,6,13,133,3111
first1,catboost_fusion,S25,0,0.16645051622685858,0.4696073888635886,0,6,14,134,3112
first1,catboost_fusion,S25,0,0.29857759475338125,0.4696073888635886,0,6,15,135,3113
first1,catboost_fusion,S25,1,0.1751542393093572,0.4696073888635886,0,6,16,136,3114
first1,catboost_fusion,S25,0,0.34378897288991156,0.4696073888635886,0,6,17,137,3115
first1,catboost_fusion,S25,0,0.2397613416508439,0.4696073888635886,0,6,18,138,3116
first1,catboost_fusion,S25,0,0.33061106523398665,0.4696073888635886,0,6,19,139,3117
first1,catboost_fusion,S25,0,0.3620684073334928,0.4696073888635886,0,6,20,140,3118
first1,catboost_fusion,S25,0,0.1945812905203688,0.4696073888635886,0,6,21,141,3119
first1,catboost_fusion,S25,0,0.16886870889218578,0.4696073888635886,0,6,22,142,3120
first1,catboost_fusion,S25,0,0.2747126366029395,0.4696073888635886,0,6,23,143,3121
first1,catboost_fusion,S25,1,0.30703460203830973,0.4696073888635886,0,6,24,144,3122
first1,catboost_fusion,S26,1,0.684039520420551,0.5351513429710574,1,1,1,1,3123
first1,catboost_fusion,S26,0,0.21981404978688138,0.5351513429710574,0,1,2,2,3124
first1,catboost_fusion,S26,0,0.19353784905823462,0.5351513429710574,0,1,3,3,3125
first1,catboost_fusion,S26,0,0.3933867521860356,0.5351513429710574,0,1,4,4,3126
first1,catboost_fusion,S26,1,0.4917576625977061,0.5351513429710574,0,1,5,5,3127
first1,catboost_fusion,S26,1,0.2997415243542808,0.5351513429710574,0,1,6,6,3128
first1,catboost_fusion,S26,0,0.41728443354315287,0.5351513429710574,0,1,7,7,3129
first1,catboost_fusion,S26,0,0.34458335223884623,0.5351513429710574,0,1,8,8,3130
first1,catboost_fusion,S26,1,0.18138949251902867,0.5351513429710574,0,1,9,9,3131
first1,catboost_fusion,S26,1,0.2863849892738076,0.5351513429710574,0,1,10,10,3132
first1,catboost_fusion,S26,0,0.29857751879581507,0.5351513429710574,0,1,11,11,3133
first1,catboost_fusion,S26,0,0.25654031004253613,0.5351513429710574,0,1,12,12,3134
first1,catboost_fusion,S26,0,0.3589576261971647,0.5351513429710574,0,1,13,13,3135
first1,catboost_fusion,S26,0,0.2809080048411376,0.5351513429710574,0,1,14,14,3136
first1,catboost_fusion,S26,0,0.5002764690007282,0.5351513429710574,0,1,16,16,3137
first1,catboost_fusion,S26,0,0.5006309048725098,0.5351513429710574,0,1,17,17,3138
first1,catboost_fusion,S26,0,0.4597681124723382,0.5351513429710574,0,1,18,18,3139
first1,catboost_fusion,S26,0,0.2804278824063941,0.5351513429710574,0,1,19,19,3140
first1,catboost_fusion,S26,0,0.3790247974199743,0.5351513429710574,0,1,21,21,3141
first1,catboost_fusion,S26,0,0.4758516837596124,0.5351513429710574,0,1,22,22,3142
first1,catboost_fusion,S26,0,0.2738272939246872,0.5351513429710574,0,1,23,23,3143
first1,catboost_fusion,S26,0,0.28264226494074157,0.5351513429710574,0,1,24,24,3144
first1,catboost_fusion,S26,0,0.5748722874063477,0.5351513429710574,1,2,1,25,3145
first1,catboost_fusion,S26,1,0.2073278795206835,0.5351513429710574,0,2,2,26,3146
first1,catboost_fusion,S26,0,0.38078336184849576,0.5351513429710574,0,2,3,27,3147
first1,catboost_fusion,S26,1,0.30372465424969425,0.5351513429710574,0,2,4,28,3148
first1,catboost_fusion,S26,1,0.457100578691197,0.5351513429710574,0,2,5,29,3149
first1,catboost_fusion,S26,0,0.6992409088276766,0.5351513429710574,1,2,6,30,3150
first1,catboost_fusion,S26,0,0.34995177187623056,0.5351513429710574,0,2,7,31,3151
first1,catboost_fusion,S26,0,0.30037553886343155,0.5351513429710574,0,2,8,32,3152
first1,catboost_fusion,S26,0,0.7186733376047063,0.5351513429710574,1,2,10,34,3153
first1,catboost_fusion,S26,0,0.41226545993892,0.5351513429710574,0,2,12,36,3154
first1,catboost_fusion,S26,0,0.4810872947785678,0.5351513429710574,0,2,13,37,3155
first1,catboost_fusion,S26,1,0.4231191118154434,0.5351513429710574,0,2,14,38,3156
first1,catboost_fusion,S26,1,0.14256922756073975,0.5351513429710574,0,2,15,39,3157
first1,catboost_fusion,S26,0,0.6401891294320717,0.5351513429710574,1,2,16,40,3158
first1,catboost_fusion,S26,1,0.29168605057403485,0.5351513429710574,0,2,17,41,3159
first1,catboost_fusion,S26,0,0.40881648396547476,0.5351513429710574,0,2,20,44,3160
first1,catboost_fusion,S26,0,0.6796720350763583,0.5351513429710574,1,2,21,45,3161
first1,catboost_fusion,S26,1,0.20958772559394256,0.5351513429710574,0,2,22,46,3162
first1,catboost_fusion,S26,0,0.756622071062712,0.5351513429710574,1,2,23,47,3163
first1,catboost_fusion,S26,0,0.3914032906111244,0.5351513429710574,0,2,24,48,3164
first1,catboost_fusion,S26,0,0.14278383483326607,0.5351513429710574,0,3,1,49,3165
first1,catboost_fusion,S26,0,0.3670234516404141,0.5351513429710574,0,3,2,50,3166
first1,catboost_fusion,S26,0,0.5258833210690834,0.5351513429710574,0,3,3,51,3167
first1,catboost_fusion,S26,0,0.2721815038925519,0.5351513429710574,0,3,4,52,3168
first1,catboost_fusion,S26,0,0.15875045700281135,0.5351513429710574,0,3,5,53,3169
first1,catboost_fusion,S26,0,0.15059593343648353,0.5351513429710574,0,3,6,54,3170
first1,catboost_fusion,S26,0,0.28925650197649566,0.5351513429710574,0,3,7,55,3171
first1,catboost_fusion,S26,0,0.18124529501225975,0.5351513429710574,0,3,8,56,3172
first1,catboost_fusion,S26,1,0.27376105529150274,0.5351513429710574,0,3,10,58,3173
first1,catboost_fusion,S26,1,0.20810167759187778,0.5351513429710574,0,3,11,59,3174
first1,catboost_fusion,S26,0,0.2140424272794085,0.5351513429710574,0,3,12,60,3175
first1,catboost_fusion,S26,0,0.19007421125631593,0.5351513429710574,0,3,13,61,3176
first1,catboost_fusion,S26,0,0.127387291504821,0.5351513429710574,0,3,14,62,3177
first1,catboost_fusion,S26,0,0.08658776351624062,0.5351513429710574,0,3,15,63,3178
first1,catboost_fusion,S26,0,0.20222552084070144,0.5351513429710574,0,3,16,64,3179
first1,catboost_fusion,S26,0,0.2812340703692475,0.5351513429710574,0,3,17,65,3180
first1,catboost_fusion,S26,0,0.1320534973895102,0.5351513429710574,0,3,18,66,3181
first1,catboost_fusion,S26,1,0.3223046450865039,0.5351513429710574,0,3,19,67,3182
first1,catboost_fusion,S26,1,0.36031286595598294,0.5351513429710574,0,3,20,68,3183
first1,catboost_fusion,S26,1,0.3332115533624787,0.5351513429710574,0,3,21,69,3184
first1,catboost_fusion,S26,1,0.24253233525249035,0.5351513429710574,0,3,22,70,3185
first1,catboost_fusion,S26,0,0.22238609409886972,0.5351513429710574,0,3,23,71,3186
first1,catboost_fusion,S26,0,0.20186728144164529,0.5351513429710574,0,3,24,72,3187
first1,catboost_fusion,S26,0,0.1631969246263047,0.5351513429710574,0,4,1,73,3188
first1,catboost_fusion,S26,0,0.21975376732347704,0.5351513429710574,0,4,2,74,3189
first1,catboost_fusion,S26,0,0.0711010186272428,0.5351513429710574,0,4,4,76,3190
first1,catboost_fusion,S26,0,0.22074772052776875,0.5351513429710574,0,4,5,77,3191
first1,catboost_fusion,S26,0,0.4420509629024374,0.5351513429710574,0,4,6,78,3192
first1,catboost_fusion,S26,1,0.560375405324757,0.5351513429710574,1,4,7,79,3193
first1,catboost_fusion,S26,1,0.18700310648481283,0.5351513429710574,0,4,8,80,3194
first1,catboost_fusion,S26,1,0.6729873068289074,0.5351513429710574,1,4,9,81,3195
first1,catboost_fusion,S26,0,0.23920922753472146,0.5351513429710574,0,4,10,82,3196
first1,catboost_fusion,S26,0,0.5228473604502707,0.5351513429710574,0,4,11,83,3197
first1,catboost_fusion,S26,0,0.609436447300074,0.5351513429710574,1,4,12,84,3198
first1,catboost_fusion,S26,0,0.2662706327543236,0.5351513429710574,0,4,13,85,3199
first1,catboost_fusion,S26,0,0.4017357597497746,0.5351513429710574,0,4,14,86,3200
first1,catboost_fusion,S26,0,0.26191692147018547,0.5351513429710574,0,4,15,87,3201
first1,catboost_fusion,S26,0,0.1497330086715178,0.5351513429710574,0,4,16,88,3202
first1,catboost_fusion,S26,1,0.1722721147749157,0.5351513429710574,0,4,17,89,3203
first1,catboost_fusion,S26,0,0.16174373856298152,0.5351513429710574,0,4,18,90,3204
first1,catboost_fusion,S26,0,0.33417291470310734,0.5351513429710574,0,4,19,91,3205
first1,catboost_fusion,S26,0,0.2652840139924257,0.5351513429710574,0,4,20,92,3206
first1,catboost_fusion,S26,0,0.2539690851767064,0.5351513429710574,0,4,22,94,3207
first1,catboost_fusion,S26,0,0.18742656357602622,0.5351513429710574,0,4,23,95,3208
first1,catboost_fusion,S26,0,0.3784792148743924,0.5351513429710574,0,4,24,96,3209
first1,catboost_fusion,S26,0,0.3017932182142006,0.5351513429710574,0,5,1,97,3210
first1,catboost_fusion,S26,0,0.3806693943425628,0.5351513429710574,0,5,2,98,3211
first1,catboost_fusion,S26,1,0.12613554072811506,0.5351513429710574,0,5,3,99,3212
first1,catboost_fusion,S26,1,0.17529036518063465,0.5351513429710574,0,5,4,100,3213
first1,catboost_fusion,S26,0,0.30363040196035157,0.5351513429710574,0,5,5,101,3214
first1,catboost_fusion,S26,0,0.358775884304801,0.5351513429710574,0,5,6,102,3215
first1,catboost_fusion,S26,1,0.3496879216686307,0.5351513429710574,0,5,7,103,3216
first1,catboost_fusion,S26,0,0.35685499771853796,0.5351513429710574,0,5,8,104,3217
first1,catboost_fusion,S26,0,0.19750114666198418,0.5351513429710574,0,5,9,105,3218
first1,catboost_fusion,S26,0,0.4400116149242168,0.5351513429710574,0,5,10,106,3219
first1,catboost_fusion,S26,0,0.23427551714774308,0.5351513429710574,0,5,11,107,3220
first1,catboost_fusion,S26,0,0.20607859665551698,0.5351513429710574,0,5,12,108,3221
first1,catboost_fusion,S26,0,0.3020055843564442,0.5351513429710574,0,5,13,109,3222
first1,catboost_fusion,S26,0,0.1618790291291872,0.5351513429710574,0,5,14,110,3223
first1,catboost_fusion,S26,0,0.2416958558815368,0.5351513429710574,0,5,15,111,3224
first1,catboost_fusion,S26,0,0.17432355946714595,0.5351513429710574,0,5,16,112,3225
first1,catboost_fusion,S26,0,0.3067028542596773,0.5351513429710574,0,5,17,113,3226
first1,catboost_fusion,S26,1,0.2487174026179005,0.5351513429710574,0,5,18,114,3227
first1,catboost_fusion,S26,0,0.21392592566717158,0.5351513429710574,0,5,19,115,3228
first1,catboost_fusion,S26,0,0.21930733065179178,0.5351513429710574,0,5,20,116,3229
first1,catboost_fusion,S26,1,0.18517966650223408,0.5351513429710574,0,5,21,117,3230
first1,catboost_fusion,S26,0,0.26824897967737804,0.5351513429710574,0,5,22,118,3231
first1,catboost_fusion,S26,0,0.2290098865032071,0.5351513429710574,0,5,23,119,3232
first1,catboost_fusion,S26,0,0.27930217180706135,0.5351513429710574,0,5,24,120,3233
first1,catboost_fusion,S26,1,0.253151692819617,0.5351513429710574,0,6,1,121,3234
first1,catboost_fusion,S26,0,0.23628664905557123,0.5351513429710574,0,6,2,122,3235
first1,catboost_fusion,S26,0,0.2548360425796558,0.5351513429710574,0,6,3,123,3236
first1,catboost_fusion,S26,0,0.17655590008221142,0.5351513429710574,0,6,4,124,3237
first1,catboost_fusion,S26,0,0.22782145727717487,0.5351513429710574,0,6,5,125,3238
first1,catboost_fusion,S26,0,0.34650668938655577,0.5351513429710574,0,6,6,126,3239
first1,catboost_fusion,S26,0,0.17707882117902626,0.5351513429710574,0,6,7,127,3240
first1,catboost_fusion,S26,0,0.19190609740813871,0.5351513429710574,0,6,8,128,3241
first1,catboost_fusion,S26,1,0.3050903611366991,0.5351513429710574,0,6,9,129,3242
first1,catboost_fusion,S26,1,0.28126610720782824,0.5351513429710574,0,6,10,130,3243
first1,catboost_fusion,S26,0,0.28307525153868657,0.5351513429710574,0,6,11,131,3244
first1,catboost_fusion,S26,0,0.2506149971254939,0.5351513429710574,0,6,12,132,3245
first1,catboost_fusion,S26,1,0.2028152276542031,0.5351513429710574,0,6,13,133,3246
first1,catboost_fusion,S26,0,0.11008442142951552,0.5351513429710574,0,6,14,134,3247
first1,catboost_fusion,S26,0,0.31694076910814206,0.5351513429710574,0,6,15,135,3248
first1,catboost_fusion,S26,0,0.22814080332467382,0.5351513429710574,0,6,16,136,3249
first1,catboost_fusion,S26,1,0.3338127765313505,0.5351513429710574,0,6,17,137,3250
first1,catboost_fusion,S26,0,0.1353058089854116,0.5351513429710574,0,6,18,138,3251
first1,catboost_fusion,S26,1,0.23953411040098516,0.5351513429710574,0,6,19,139,3252
first1,catboost_fusion,S26,0,0.37625398066272037,0.5351513429710574,0,6,20,140,3253
first1,catboost_fusion,S26,0,0.1950788019793381,0.5351513429710574,0,6,21,141,3254
first1,catboost_fusion,S26,0,0.16452927238258938,0.5351513429710574,0,6,22,142,3255
first1,catboost_fusion,S26,0,0.3692370039074027,0.5351513429710574,0,6,23,143,3256
first1,catboost_fusion,S26,0,0.26866176137870673,0.5351513429710574,0,6,24,144,3257
first1,catboost_fusion,S27,0,0.8052155623029557,0.5193395678125305,1,1,1,1,3258
first1,catboost_fusion,S27,0,0.29475700112827175,0.5193395678125305,0,1,2,2,3259
first1,catboost_fusion,S27,0,0.24337139568719404,0.5193395678125305,0,1,3,3,3260
first1,catboost_fusion,S27,0,0.341324528896986,0.5193395678125305,0,1,4,4,3261
first1,catboost_fusion,S27,0,0.40884449994917366,0.5193395678125305,0,1,5,5,3262
first1,catboost_fusion,S27,0,0.5753066204479578,0.5193395678125305,1,1,6,6,3263
first1,catboost_fusion,S27,0,0.27453350582609853,0.5193395678125305,0,1,7,7,3264
first1,catboost_fusion,S27,0,0.690239388387662,0.5193395678125305,1,1,8,8,3265
first1,catboost_fusion,S27,0,0.4154849328127024,0.5193395678125305,0,1,9,9,3266
first1,catboost_fusion,S27,0,0.4125968838639372,0.5193395678125305,0,1,10,10,3267
first1,catboost_fusion,S27,0,0.3792690665568191,0.5193395678125305,0,1,11,11,3268
first1,catboost_fusion,S27,0,0.23165944634165325,0.5193395678125305,0,1,12,12,3269
first1,catboost_fusion,S27,0,0.6341308964850146,0.5193395678125305,1,1,13,13,3270
first1,catboost_fusion,S27,0,0.3134289287430437,0.5193395678125305,0,1,14,14,3271
first1,catboost_fusion,S27,0,0.28791312137528685,0.5193395678125305,0,1,15,15,3272
first1,catboost_fusion,S27,0,0.3774419503915486,0.5193395678125305,0,1,16,16,3273
first1,catboost_fusion,S27,0,0.5435154845235671,0.5193395678125305,1,1,17,17,3274
first1,catboost_fusion,S27,0,0.4295345081318448,0.5193395678125305,0,1,19,19,3275
first1,catboost_fusion,S27,0,0.47311348279135085,0.5193395678125305,0,1,20,20,3276
first1,catboost_fusion,S27,0,0.46828003045917527,0.5193395678125305,0,1,21,21,3277
first1,catboost_fusion,S27,0,0.3943913514608198,0.5193395678125305,0,1,22,22,3278
first1,catboost_fusion,S27,0,0.24675198716488742,0.5193395678125305,0,1,23,23,3279
first1,catboost_fusion,S27,1,0.778560452643903,0.5193395678125305,1,1,24,24,3280
first1,catboost_fusion,S27,0,0.4566434656770726,0.5193395678125305,0,2,1,25,3281
first1,catboost_fusion,S27,0,0.3727012406976829,0.5193395678125305,0,2,2,26,3282
first1,catboost_fusion,S27,0,0.4179540713717605,0.5193395678125305,0,2,3,27,3283
first1,catboost_fusion,S27,0,0.3094309009720168,0.5193395678125305,0,2,4,28,3284
first1,catboost_fusion,S27,0,0.38431799747426476,0.5193395678125305,0,2,5,29,3285
first1,catboost_fusion,S27,0,0.4027851490364665,0.5193395678125305,0,2,6,30,3286
first1,catboost_fusion,S27,0,0.683827443892281,0.5193395678125305,1,2,7,31,3287
first1,catboost_fusion,S27,0,0.29641210124672257,0.5193395678125305,0,2,8,32,3288
first1,catboost_fusion,S27,1,0.2613297269341838,0.5193395678125305,0,2,9,33,3289
first1,catboost_fusion,S27,0,0.5329266840569648,0.5193395678125305,1,2,10,34,3290
first1,catboost_fusion,S27,0,0.3961649260209366,0.5193395678125305,0,2,11,35,3291
first1,catboost_fusion,S27,1,0.6928158049440182,0.5193395678125305,1,2,12,36,3292
first1,catboost_fusion,S27,0,0.33736011651446757,0.5193395678125305,0,2,13,37,3293
first1,catboost_fusion,S27,0,0.4733480078594075,0.5193395678125305,0,2,14,38,3294
first1,catboost_fusion,S27,0,0.33035622144707855,0.5193395678125305,0,2,15,39,3295
first1,catboost_fusion,S27,0,0.23646846529529883,0.5193395678125305,0,2,16,40,3296
first1,catboost_fusion,S27,0,0.36998556732441523,0.5193395678125305,0,2,17,41,3297
first1,catboost_fusion,S27,0,0.21100340571111298,0.5193395678125305,0,2,18,42,3298
first1,catboost_fusion,S27,0,0.2500125064010047,0.5193395678125305,0,2,19,43,3299
first1,catboost_fusion,S27,0,0.35086374091842437,0.5193395678125305,0,2,20,44,3300
first1,catboost_fusion,S27,0,0.7222920331890036,0.5193395678125305,1,2,21,45,3301
first1,catboost_fusion,S27,0,0.31218030474680936,0.5193395678125305,0,2,22,46,3302
first1,catboost_fusion,S27,0,0.3184499056154577,0.5193395678125305,0,2,23,47,3303
first1,catboost_fusion,S27,0,0.36315130185320754,0.5193395678125305,0,2,24,48,3304
first1,catboost_fusion,S27,0,0.23985732326441558,0.5193395678125305,0,3,1,49,3305
first1,catboost_fusion,S27,0,0.28086153854335183,0.5193395678125305,0,3,2,50,3306
first1,catboost_fusion,S27,0,0.5449558868190473,0.5193395678125305,1,3,3,51,3307
first1,catboost_fusion,S27,0,0.2813343173129856,0.5193395678125305,0,3,4,52,3308
first1,catboost_fusion,S27,0,0.4477777809760565,0.5193395678125305,0,3,5,53,3309
first1,catboost_fusion,S27,0,0.3143724176602737,0.5193395678125305,0,3,6,54,3310
first1,catboost_fusion,S27,0,0.2982532266567055,0.5193395678125305,0,3,7,55,3311
first1,catboost_fusion,S27,0,0.3082880681123237,0.5193395678125305,0,3,10,58,3312
first1,catboost_fusion,S27,0,0.4265061277305362,0.5193395678125305,0,3,11,59,3313
first1,catboost_fusion,S27,0,0.19563107991406953,0.5193395678125305,0,3,13,61,3314
first1,catboost_fusion,S27,0,0.4117209289474614,0.5193395678125305,0,3,16,64,3315
first1,catboost_fusion,S27,0,0.3717512250918642,0.5193395678125305,0,3,17,65,3316
first1,catboost_fusion,S27,1,0.4969173856928595,0.5193395678125305,0,3,19,67,3317
first1,catboost_fusion,S27,0,0.4169987181426679,0.5193395678125305,0,3,20,68,3318
first1,catboost_fusion,S27,0,0.6129617358272241,0.5193395678125305,1,3,21,69,3319
first1,catboost_fusion,S27,0,0.43047982284406155,0.5193395678125305,0,3,22,70,3320
first1,catboost_fusion,S27,1,0.7544327529955774,0.5193395678125305,1,3,23,71,3321
first1,catboost_fusion,S27,0,0.4773700600407932,0.5193395678125305,0,3,24,72,3322
first1,catboost_fusion,S27,0,0.3410904877454175,0.5193395678125305,0,4,1,73,3323
first1,catboost_fusion,S27,0,0.3916732248480288,0.5193395678125305,0,4,2,74,3324
first1,catboost_fusion,S27,0,0.5830550394497814,0.5193395678125305,1,4,3,75,3325
first1,catboost_fusion,S27,0,0.5240202005393425,0.5193395678125305,1,4,4,76,3326
first1,catboost_fusion,S27,0,0.33242901990731816,0.5193395678125305,0,4,8,80,3327
first1,catboost_fusion,S27,0,0.4044015240731199,0.5193395678125305,0,4,9,81,3328
first1,catboost_fusion,S27,0,0.3246899794396323,0.5193395678125305,0,4,10,82,3329
first1,catboost_fusion,S27,0,0.32279924579230806,0.5193395678125305,0,4,11,83,3330
first1,catboost_fusion,S27,0,0.2960446607060517,0.5193395678125305,0,4,12,84,3331
first1,catboost_fusion,S27,0,0.24278188346576024,0.5193395678125305,0,4,13,85,3332
first1,catboost_fusion,S27,0,0.5441185174002987,0.5193395678125305,1,4,15,87,3333
first1,catboost_fusion,S27,0,0.3185631188508119,0.5193395678125305,0,4,16,88,3334
first1,catboost_fusion,S27,0,0.48339807690936815,0.5193395678125305,0,4,18,90,3335
first1,catboost_fusion,S27,0,0.5855231202357067,0.5193395678125305,1,4,19,91,3336
first1,catboost_fusion,S27,0,0.5262186696465829,0.5193395678125305,1,4,21,93,3337
first1,catboost_fusion,S27,0,0.26630570452268415,0.5193395678125305,0,4,22,94,3338
first1,catboost_fusion,S27,0,0.3872979892158933,0.5193395678125305,0,4,23,95,3339
first1,catboost_fusion,S27,0,0.5285446916173585,0.5193395678125305,1,4,24,96,3340
first1,catboost_fusion,S27,0,0.29799639294063746,0.5193395678125305,0,5,1,97,3341
first1,catboost_fusion,S27,0,0.4101487870988876,0.5193395678125305,0,5,2,98,3342
first1,catboost_fusion,S27,0,0.4696859631877708,0.5193395678125305,0,5,3,99,3343
first1,catboost_fusion,S27,0,0.3445593764921398,0.5193395678125305,0,5,4,100,3344
first1,catboost_fusion,S27,0,0.4125894154945337,0.5193395678125305,0,5,5,101,3345
first1,catboost_fusion,S27,1,0.7660306282569445,0.5193395678125305,1,5,6,102,3346
first1,catboost_fusion,S27,1,0.5519568127521491,0.5193395678125305,1,5,7,103,3347
first1,catboost_fusion,S27,0,0.1845703653827699,0.5193395678125305,0,5,8,104,3348
first1,catboost_fusion,S27,0,0.4866655781108009,0.5193395678125305,0,5,9,105,3349
first1,catboost_fusion,S27,0,0.2582285244814484,0.5193395678125305,0,5,10,106,3350
first1,catboost_fusion,S27,0,0.5457344949627152,0.5193395678125305,1,5,11,107,3351
first1,catboost_fusion,S27,0,0.6621167460088666,0.5193395678125305,1,5,12,108,3352
first1,catboost_fusion,S27,0,0.39899632420851505,0.5193395678125305,0,5,13,109,3353
first1,catboost_fusion,S27,0,0.3804563634708458,0.5193395678125305,0,5,15,111,3354
first1,catboost_fusion,S27,0,0.39036028982841686,0.5193395678125305,0,5,16,112,3355
first1,catboost_fusion,S27,0,0.31667846277095224,0.5193395678125305,0,5,17,113,3356
first1,catboost_fusion,S27,0,0.3030291142269097,0.5193395678125305,0,5,18,114,3357
first1,catboost_fusion,S27,0,0.6277224988553202,0.5193395678125305,1,5,19,115,3358
first1,catboost_fusion,S27,0,0.23952905797376595,0.5193395678125305,0,5,20,116,3359
first1,catboost_fusion,S27,0,0.4730896760129761,0.5193395678125305,0,5,21,117,3360
first1,catboost_fusion,S27,1,0.7568853525283451,0.5193395678125305,1,5,22,118,3361
first1,catboost_fusion,S27,0,0.3072222060557442,0.5193395678125305,0,5,23,119,3362
first1,catboost_fusion,S27,0,0.499818075145808,0.5193395678125305,0,5,24,120,3363
first1,catboost_fusion,S27,0,0.820566704150868,0.5193395678125305,1,6,1,121,3364
first1,catboost_fusion,S27,0,0.2543144068125665,0.5193395678125305,0,6,2,122,3365
first1,catboost_fusion,S27,0,0.791378445480639,0.5193395678125305,1,6,4,124,3366
first1,catboost_fusion,S27,0,0.41592626971581964,0.5193395678125305,0,6,5,125,3367
first1,catboost_fusion,S27,0,0.36699439643470944,0.5193395678125305,0,6,6,126,3368
first1,catboost_fusion,S27,0,0.6534358359251727,0.5193395678125305,1,6,7,127,3369
first1,catboost_fusion,S27,0,0.3134685891504548,0.5193395678125305,0,6,8,128,3370
first1,catboost_fusion,S27,0,0.26613183866216183,0.5193395678125305,0,6,9,129,3371
first1,catboost_fusion,S27,0,0.23541573745002356,0.5193395678125305,0,6,10,130,3372
first1,catboost_fusion,S27,0,0.3516230709708751,0.5193395678125305,0,6,11,131,3373
first1,catboost_fusion,S27,1,0.5621773160002256,0.5193395678125305,1,6,12,132,3374
first1,catboost_fusion,S27,0,0.4351983559419857,0.5193395678125305,0,6,14,134,3375
first1,catboost_fusion,S27,0,0.44955275400507555,0.5193395678125305,0,6,16,136,3376
first1,catboost_fusion,S27,0,0.30317545530863405,0.5193395678125305,0,6,17,137,3377
first1,catboost_fusion,S27,0,0.27994645796607043,0.5193395678125305,0,6,18,138,3378
first1,catboost_fusion,S27,0,0.4196010682045672,0.5193395678125305,0,6,19,139,3379
first1,catboost_fusion,S27,0,0.3112888240020581,0.5193395678125305,0,6,20,140,3380
first1,catboost_fusion,S27,0,0.27957095336721494,0.5193395678125305,0,6,21,141,3381
first1,catboost_fusion,S27,0,0.35455130687478376,0.5193395678125305,0,6,22,142,3382
first1,catboost_fusion,S27,0,0.44973858899905905,0.5193395678125305,0,6,23,143,3383
first1,catboost_fusion,S27,1,0.42608934630535705,0.5193395678125305,0,6,24,144,3384
first1,catboost_fusion,S28,0,0.20306237109079062,0.4674313693278074,0,1,1,1,3385
first1,catboost_fusion,S28,0,0.20502112613943266,0.4674313693278074,0,1,2,2,3386
first1,catboost_fusion,S28,0,0.2845547484930667,0.4674313693278074,0,1,3,3,3387
first1,catboost_fusion,S28,0,0.2996702964202521,0.4674313693278074,0,1,4,4,3388
first1,catboost_fusion,S28,0,0.3058305721138844,0.4674313693278074,0,1,5,5,3389
first1,catboost_fusion,S28,1,0.6660686217854163,0.4674313693278074,1,1,6,6,3390
first1,catboost_fusion,S28,0,0.16642039613630605,0.4674313693278074,0,1,7,7,3391
first1,catboost_fusion,S28,0,0.43192575390131044,0.4674313693278074,0,1,8,8,3392
first1,catboost_fusion,S28,0,0.34826171442996395,0.4674313693278074,0,1,9,9,3393
first1,catboost_fusion,S28,0,0.4346923709551743,0.4674313693278074,0,1,10,10,3394
first1,catboost_fusion,S28,0,0.3653652268836083,0.4674313693278074,0,1,11,11,3395
first1,catboost_fusion,S28,0,0.26253228368294185,0.4674313693278074,0,1,12,12,3396
first1,catboost_fusion,S28,0,0.3810687141548424,0.4674313693278074,0,1,13,13,3397
first1,catboost_fusion,S28,0,0.11005160047712757,0.4674313693278074,0,1,14,14,3398
first1,catboost_fusion,S28,0,0.3214764002302494,0.4674313693278074,0,1,15,15,3399
first1,catboost_fusion,S28,0,0.32681577255395666,0.4674313693278074,0,1,16,16,3400
first1,catboost_fusion,S28,0,0.2741314855921657,0.4674313693278074,0,1,17,17,3401
first1,catboost_fusion,S28,0,0.3301979719261587,0.4674313693278074,0,1,18,18,3402
first1,catboost_fusion,S28,0,0.30108345916095425,0.4674313693278074,0,1,19,19,3403
first1,catboost_fusion,S28,1,0.28065537584356187,0.4674313693278074,0,1,20,20,3404
first1,catboost_fusion,S28,0,0.21293521056867715,0.4674313693278074,0,1,21,21,3405
first1,catboost_fusion,S28,0,0.28081407394072394,0.4674313693278074,0,1,22,22,3406
first1,catboost_fusion,S28,0,0.40316915161761363,0.4674313693278074,0,1,23,23,3407
first1,catboost_fusion,S28,0,0.30764533106787806,0.4674313693278074,0,1,24,24,3408
first1,catboost_fusion,S28,0,0.32652775393313077,0.4674313693278074,0,2,1,25,3409
first1,catboost_fusion,S28,0,0.28817199280046074,0.4674313693278074,0,2,2,26,3410
first1,catboost_fusion,S28,1,0.47268273574309144,0.4674313693278074,1,2,3,27,3411
first1,catboost_fusion,S28,0,0.14478342635896438,0.4674313693278074,0,2,5,29,3412
first1,catboost_fusion,S28,0,0.31197088230244485,0.4674313693278074,0,2,6,30,3413
first1,catboost_fusion,S28,0,0.5064822608264676,0.4674313693278074,1,2,7,31,3414
first1,catboost_fusion,S28,0,0.38113045723256844,0.4674313693278074,0,2,8,32,3415
first1,catboost_fusion,S28,0,0.4338135208651611,0.4674313693278074,0,2,9,33,3416
first1,catboost_fusion,S28,1,0.21338425281679102,0.4674313693278074,0,2,10,34,3417
first1,catboost_fusion,S28,0,0.29575330833780555,0.4674313693278074,0,2,11,35,3418
first1,catboost_fusion,S28,0,0.3016695046692856,0.4674313693278074,0,2,12,36,3419
first1,catboost_fusion,S28,0,0.27883176754394845,0.4674313693278074,0,2,13,37,3420
first1,catboost_fusion,S28,0,0.32022940948777856,0.4674313693278074,0,2,14,38,3421
first1,catboost_fusion,S28,0,0.4072174590947534,0.4674313693278074,0,2,15,39,3422
first1,catboost_fusion,S28,0,0.3040594412236714,0.4674313693278074,0,2,16,40,3423
first1,catboost_fusion,S28,0,0.6173212454064683,0.4674313693278074,1,2,17,41,3424
first1,catboost_fusion,S28,0,0.5711610461768386,0.4674313693278074,1,2,18,42,3425
first1,catboost_fusion,S28,0,0.6983684624806906,0.4674313693278074,1,2,19,43,3426
first1,catboost_fusion,S28,0,0.48159618395240633,0.4674313693278074,1,2,20,44,3427
first1,catboost_fusion,S28,0,0.7040715656108054,0.4674313693278074,1,2,21,45,3428
first1,catboost_fusion,S28,1,0.40376603107672926,0.4674313693278074,0,2,22,46,3429
first1,catboost_fusion,S28,0,0.4172461797710122,0.4674313693278074,0,2,23,47,3430
first1,catboost_fusion,S28,0,0.30008463189357126,0.4674313693278074,0,2,24,48,3431
first1,catboost_fusion,S28,0,0.31719329298700794,0.4674313693278074,0,3,1,49,3432
first1,catboost_fusion,S28,1,0.3614206245830783,0.4674313693278074,0,3,2,50,3433
first1,catboost_fusion,S28,0,0.2388571867893317,0.4674313693278074,0,3,3,51,3434
first1,catboost_fusion,S28,0,0.4051806157921635,0.4674313693278074,0,3,4,52,3435
first1,catboost_fusion,S28,0,0.500670531012499,0.4674313693278074,1,3,5,53,3436
first1,catboost_fusion,S28,0,0.37741570220026877,0.4674313693278074,0,3,8,56,3437
first1,catboost_fusion,S28,0,0.3531073699440286,0.4674313693278074,0,3,9,57,3438
first1,catboost_fusion,S28,0,0.42525007536351284,0.4674313693278074,0,3,11,59,3439
first1,catboost_fusion,S28,0,0.3935403988522991,0.4674313693278074,0,3,12,60,3440
first1,catboost_fusion,S28,1,0.34194527309723977,0.4674313693278074,0,3,13,61,3441
first1,catboost_fusion,S28,0,0.2792508747282321,0.4674313693278074,0,3,14,62,3442
first1,catboost_fusion,S28,0,0.1972627486418009,0.4674313693278074,0,3,15,63,3443
first1,catboost_fusion,S28,0,0.3033671796599531,0.4674313693278074,0,3,16,64,3444
first1,catboost_fusion,S28,0,0.2616367540245089,0.4674313693278074,0,3,17,65,3445
first1,catboost_fusion,S28,0,0.5496363879053192,0.4674313693278074,1,3,19,67,3446
first1,catboost_fusion,S28,0,0.25990103388727226,0.4674313693278074,0,3,20,68,3447
first1,catboost_fusion,S28,0,0.2859574367402235,0.4674313693278074,0,3,21,69,3448
first1,catboost_fusion,S28,0,0.733729637180023,0.4674313693278074,1,3,22,70,3449
first1,catboost_fusion,S28,1,0.6352814074752428,0.4674313693278074,1,3,24,72,3450
first1,catboost_fusion,S28,0,0.3245042064051013,0.4674313693278074,0,4,1,73,3451
first1,catboost_fusion,S28,0,0.28552968487640723,0.4674313693278074,0,4,2,74,3452
first1,catboost_fusion,S28,0,0.48287838678341355,0.4674313693278074,1,4,3,75,3453
first1,catboost_fusion,S28,0,0.25121332140552605,0.4674313693278074,0,4,4,76,3454
first1,catboost_fusion,S28,0,0.5380991118951153,0.4674313693278074,1,4,5,77,3455
first1,catboost_fusion,S28,0,0.31337914147540097,0.4674313693278074,0,4,6,78,3456
first1,catboost_fusion,S28,1,0.3214926966525952,0.4674313693278074,0,4,7,79,3457
first1,catboost_fusion,S28,0,0.13441844975472692,0.4674313693278074,0,4,8,80,3458
first1,catboost_fusion,S28,0,0.24649748396147417,0.4674313693278074,0,4,9,81,3459
first1,catboost_fusion,S28,0,0.10512893762787826,0.4674313693278074,0,4,10,82,3460
first1,catboost_fusion,S28,0,0.297688446350165,0.4674313693278074,0,4,11,83,3461
first1,catboost_fusion,S28,0,0.4306273523712914,0.4674313693278074,0,4,12,84,3462
first1,catboost_fusion,S28,0,0.33238755354197747,0.4674313693278074,0,4,13,85,3463
first1,catboost_fusion,S28,0,0.3688257528174567,0.4674313693278074,0,4,14,86,3464
first1,catboost_fusion,S28,0,0.3996772664222003,0.4674313693278074,0,4,15,87,3465
first1,catboost_fusion,S28,0,0.2988057405808671,0.4674313693278074,0,4,16,88,3466
first1,catboost_fusion,S28,1,0.5745459802475542,0.4674313693278074,1,4,17,89,3467
first1,catboost_fusion,S28,0,0.16118852133345715,0.4674313693278074,0,4,18,90,3468
first1,catboost_fusion,S28,0,0.6123610469419305,0.4674313693278074,1,4,19,91,3469
first1,catboost_fusion,S28,0,0.4243288639125319,0.4674313693278074,0,4,20,92,3470
first1,catboost_fusion,S28,0,0.5129051580316377,0.4674313693278074,1,4,23,95,3471
first1,catboost_fusion,S28,0,0.18300572714249053,0.4674313693278074,0,4,24,96,3472
first1,catboost_fusion,S28,0,0.1564294486005364,0.4674313693278074,0,5,1,97,3473
first1,catboost_fusion,S28,0,0.3505398887505932,0.4674313693278074,0,5,2,98,3474
first1,catboost_fusion,S28,0,0.38946468355962927,0.4674313693278074,0,5,3,99,3475
first1,catboost_fusion,S28,0,0.31015853978134333,0.4674313693278074,0,5,5,101,3476
first1,catboost_fusion,S28,0,0.414655127800419,0.4674313693278074,0,5,6,102,3477
first1,catboost_fusion,S28,0,0.5773273840996512,0.4674313693278074,1,5,7,103,3478
first1,catboost_fusion,S28,1,0.3659157570035726,0.4674313693278074,0,5,8,104,3479
first1,catboost_fusion,S28,0,0.4607906833542988,0.4674313693278074,0,5,9,105,3480
first1,catboost_fusion,S28,0,0.2677898804546282,0.4674313693278074,0,5,10,106,3481
first1,catboost_fusion,S28,0,0.383162034781544,0.4674313693278074,0,5,12,108,3482
first1,catboost_fusion,S28,0,0.7372044155028425,0.4674313693278074,1,5,13,109,3483
first1,catboost_fusion,S28,0,0.30617978302818594,0.4674313693278074,0,5,14,110,3484
first1,catboost_fusion,S28,0,0.33059776179631317,0.4674313693278074,0,5,15,111,3485
first1,catboost_fusion,S28,0,0.30212753072981197,0.4674313693278074,0,5,16,112,3486
first1,catboost_fusion,S28,0,0.39105533687010413,0.4674313693278074,0,5,17,113,3487
first1,catboost_fusion,S28,1,0.18715202928595123,0.4674313693278074,0,5,18,114,3488
first1,catboost_fusion,S28,0,0.40030442694192697,0.4674313693278074,0,5,19,115,3489
first1,catboost_fusion,S28,0,0.28749437278100304,0.4674313693278074,0,5,20,116,3490
first1,catboost_fusion,S28,0,0.2599330672312529,0.4674313693278074,0,5,21,117,3491
first1,catboost_fusion,S28,1,0.7383208121934355,0.4674313693278074,1,5,22,118,3492
first1,catboost_fusion,S28,0,0.38197529855590806,0.4674313693278074,0,5,23,119,3493
first1,catboost_fusion,S28,0,0.29536857261402105,0.4674313693278074,0,5,24,120,3494
first1,catboost_fusion,S28,0,0.4756655827403934,0.4674313693278074,1,6,1,121,3495
first1,catboost_fusion,S28,0,0.3209490781076984,0.4674313693278074,0,6,2,122,3496
first1,catboost_fusion,S28,0,0.7062581200868918,0.4674313693278074,1,6,3,123,3497
first1,catboost_fusion,S28,0,0.33793962566532487,0.4674313693278074,0,6,4,124,3498
first1,catboost_fusion,S28,0,0.2988930994367289,0.4674313693278074,0,6,5,125,3499
first1,catboost_fusion,S28,0,0.35606259224226006,0.4674313693278074,0,6,7,127,3500
first1,catboost_fusion,S28,0,0.3820861930742059,0.4674313693278074,0,6,8,128,3501
first1,catboost_fusion,S28,0,0.39184451242051727,0.4674313693278074,0,6,9,129,3502
first1,catboost_fusion,S28,1,0.33228774575836,0.4674313693278074,0,6,10,130,3503
first1,catboost_fusion,S28,0,0.2948572791596854,0.4674313693278074,0,6,11,131,3504
first1,catboost_fusion,S28,0,0.5381546528664031,0.4674313693278074,1,6,12,132,3505
first1,catboost_fusion,S28,0,0.32061806969880896,0.4674313693278074,0,6,16,136,3506
first1,catboost_fusion,S28,0,0.14104479771149658,0.4674313693278074,0,6,18,138,3507
first1,catboost_fusion,S28,1,0.21471106423955327,0.4674313693278074,0,6,19,139,3508
first1,catboost_fusion,S28,0,0.23920690330755334,0.4674313693278074,0,6,20,140,3509
first1,catboost_fusion,S28,1,0.46229379350582067,0.4674313693278074,0,6,21,141,3510
first1,catboost_fusion,S28,0,0.41757789297529696,0.4674313693278074,0,6,22,142,3511
first1,catboost_fusion,S28,0,0.39556848295969144,0.4674313693278074,0,6,23,143,3512
first1,catboost_fusion,S28,0,0.20295442106948136,0.4674313693278074,0,6,24,144,3513
first1,catboost_fusion,S29,0,0.27756595949296314,0.5185805265245922,0,1,1,1,3514
first1,catboost_fusion,S29,0,0.5156604801060201,0.5185805265245922,0,1,2,2,3515
first1,catboost_fusion,S29,0,0.1902775031249678,0.5185805265245922,0,1,3,3,3516
first1,catboost_fusion,S29,0,0.2523146461689231,0.5185805265245922,0,1,4,4,3517
first1,catboost_fusion,S29,1,0.45491001869961173,0.5185805265245922,0,1,5,5,3518
first1,catboost_fusion,S29,0,0.35509429832731826,0.5185805265245922,0,1,6,6,3519
first1,catboost_fusion,S29,0,0.23463254533887737,0.5185805265245922,0,1,7,7,3520
first1,catboost_fusion,S29,1,0.2753068063502259,0.5185805265245922,0,1,8,8,3521
first1,catboost_fusion,S29,0,0.3228844813734123,0.5185805265245922,0,1,9,9,3522
first1,catboost_fusion,S29,0,0.3364144309770159,0.5185805265245922,0,1,10,10,3523
first1,catboost_fusion,S29,0,0.37531891915446497,0.5185805265245922,0,1,11,11,3524
first1,catboost_fusion,S29,0,0.29003984286774465,0.5185805265245922,0,1,12,12,3525
first1,catboost_fusion,S29,0,0.3225928913474728,0.5185805265245922,0,1,13,13,3526
first1,catboost_fusion,S29,0,0.2531639495697547,0.5185805265245922,0,1,14,14,3527
first1,catboost_fusion,S29,0,0.5770833966716149,0.5185805265245922,1,1,15,15,3528
first1,catboost_fusion,S29,0,0.46512296368327144,0.5185805265245922,0,1,16,16,3529
first1,catboost_fusion,S29,0,0.3339834588459558,0.5185805265245922,0,1,17,17,3530
first1,catboost_fusion,S29,0,0.21576893212221207,0.5185805265245922,0,1,18,18,3531
first1,catboost_fusion,S29,0,0.3745690743276862,0.5185805265245922,0,1,19,19,3532
first1,catboost_fusion,S29,1,0.2577339144918076,0.5185805265245922,0,1,20,20,3533
first1,catboost_fusion,S29,0,0.33364622748995054,0.5185805265245922,0,1,21,21,3534
first1,catboost_fusion,S29,0,0.2674219260628354,0.5185805265245922,0,1,22,22,3535
first1,catboost_fusion,S29,0,0.20562886824609006,0.5185805265245922,0,1,23,23,3536
first1,catboost_fusion,S29,0,0.292038401131825,0.5185805265245922,0,1,24,24,3537
first1,catboost_fusion,S29,0,0.2876416586786297,0.5185805265245922,0,2,1,25,3538
first1,catboost_fusion,S29,0,0.4684451393509367,0.5185805265245922,0,2,2,26,3539
first1,catboost_fusion,S29,0,0.42553554190603443,0.5185805265245922,0,2,3,27,3540
first1,catboost_fusion,S29,0,0.2375653526098932,0.5185805265245922,0,2,4,28,3541
first1,catboost_fusion,S29,0,0.26047646444737077,0.5185805265245922,0,2,5,29,3542
first1,catboost_fusion,S29,0,0.46080066888339005,0.5185805265245922,0,2,6,30,3543
first1,catboost_fusion,S29,0,0.4408850720299802,0.5185805265245922,0,2,7,31,3544
first1,catboost_fusion,S29,0,0.1890752914658128,0.5185805265245922,0,2,8,32,3545
first1,catboost_fusion,S29,0,0.2828266266459775,0.5185805265245922,0,2,9,33,3546
first1,catboost_fusion,S29,1,0.6653119623739034,0.5185805265245922,1,2,10,34,3547
first1,catboost_fusion,S29,0,0.19103919187479346,0.5185805265245922,0,2,11,35,3548
first1,catboost_fusion,S29,0,0.2508243492585581,0.5185805265245922,0,2,12,36,3549
first1,catboost_fusion,S29,0,0.4506506453181518,0.5185805265245922,0,2,13,37,3550
first1,catboost_fusion,S29,0,0.22097563301036285,0.5185805265245922,0,2,14,38,3551
first1,catboost_fusion,S29,0,0.31848199554283857,0.5185805265245922,0,2,15,39,3552
first1,catboost_fusion,S29,0,0.28746520956986427,0.5185805265245922,0,2,16,40,3553
first1,catboost_fusion,S29,0,0.29565415192588973,0.5185805265245922,0,2,18,42,3554
first1,catboost_fusion,S29,0,0.24195732027026404,0.5185805265245922,0,2,19,43,3555
first1,catboost_fusion,S29,0,0.2893598800854102,0.5185805265245922,0,2,20,44,3556
first1,catboost_fusion,S29,0,0.2890789606730931,0.5185805265245922,0,2,22,46,3557
first1,catboost_fusion,S29,0,0.29739883414336066,0.5185805265245922,0,2,23,47,3558
first1,catboost_fusion,S29,0,0.7720340842050286,0.5185805265245922,1,2,24,48,3559
first1,catboost_fusion,S29,1,0.2889353493706125,0.5185805265245922,0,3,1,49,3560
first1,catboost_fusion,S29,0,0.3755317332611771,0.5185805265245922,0,3,2,50,3561
first1,catboost_fusion,S29,0,0.33704803536733763,0.5185805265245922,0,3,3,51,3562
first1,catboost_fusion,S29,0,0.32955499275399835,0.5185805265245922,0,3,4,52,3563
first1,catboost_fusion,S29,0,0.13691433235192796,0.5185805265245922,0,3,5,53,3564
first1,catboost_fusion,S29,0,0.46917408717714465,0.5185805265245922,0,3,6,54,3565
first1,catboost_fusion,S29,0,0.3345567459144704,0.5185805265245922,0,3,7,55,3566
first1,catboost_fusion,S29,0,0.26895727995779084,0.5185805265245922,0,3,8,56,3567
first1,catboost_fusion,S29,0,0.06576942936692716,0.5185805265245922,0,3,9,57,3568
first1,catboost_fusion,S29,0,0.2879676008609912,0.5185805265245922,0,3,10,58,3569
first1,catboost_fusion,S29,0,0.2319036530778839,0.5185805265245922,0,3,11,59,3570
first1,catboost_fusion,S29,0,0.19104643495398413,0.5185805265245922,0,3,12,60,3571
first1,catboost_fusion,S29,0,0.2494683101386357,0.5185805265245922,0,3,13,61,3572
first1,catboost_fusion,S29,0,0.2117663587831153,0.5185805265245922,0,3,14,62,3573
first1,catboost_fusion,S29,0,0.23981470014063658,0.5185805265245922,0,3,15,63,3574
first1,catboost_fusion,S29,1,0.4642456570831266,0.5185805265245922,0,3,16,64,3575
first1,catboost_fusion,S29,0,0.27116591417105795,0.5185805265245922,0,3,17,65,3576
first1,catboost_fusion,S29,0,0.25245768704856236,0.5185805265245922,0,3,18,66,3577
first1,catboost_fusion,S29,0,0.3490065474949031,0.5185805265245922,0,3,19,67,3578
first1,catboost_fusion,S29,0,0.30868982013033947,0.5185805265245922,0,3,20,68,3579
first1,catboost_fusion,S29,0,0.6540114172758966,0.5185805265245922,1,3,21,69,3580
first1,catboost_fusion,S29,0,0.3343167589154985,0.5185805265245922,0,3,22,70,3581
first1,catboost_fusion,S29,0,0.2850805495234184,0.5185805265245922,0,3,23,71,3582
first1,catboost_fusion,S29,1,0.39428949470856545,0.5185805265245922,0,3,24,72,3583
first1,catboost_fusion,S29,0,0.25021403699379424,0.5185805265245922,0,4,1,73,3584
first1,catboost_fusion,S29,0,0.3697947893111166,0.5185805265245922,0,4,2,74,3585
first1,catboost_fusion,S29,0,0.33661854762936644,0.5185805265245922,0,4,3,75,3586
first1,catboost_fusion,S29,0,0.2693187172282059,0.5185805265245922,0,4,4,76,3587
first1,catboost_fusion,S29,0,0.3239103494680392,0.5185805265245922,0,4,5,77,3588
first1,catboost_fusion,S29,0,0.308877713329367,0.5185805265245922,0,4,6,78,3589
first1,catboost_fusion,S29,0,0.1428972217081557,0.5185805265245922,0,4,10,82,3590
first1,catboost_fusion,S29,0,0.3019641127454618,0.5185805265245922,0,4,11,83,3591
first1,catboost_fusion,S29,0,0.39834170623724324,0.5185805265245922,0,4,12,84,3592
first1,catboost_fusion,S29,0,0.2174824578073026,0.5185805265245922,0,4,13,85,3593
first1,catboost_fusion,S29,0,0.2815730737638369,0.5185805265245922,0,4,14,86,3594
first1,catboost_fusion,S29,0,0.23646039060713162,0.5185805265245922,0,4,15,87,3595
first1,catboost_fusion,S29,0,0.1897608701871705,0.5185805265245922,0,4,16,88,3596
first1,catboost_fusion,S29,0,0.4036826922062884,0.5185805265245922,0,4,17,89,3597
first1,catboost_fusion,S29,0,0.24356056019717362,0.5185805265245922,0,4,19,91,3598
first1,catboost_fusion,S29,0,0.5443012675902545,0.5185805265245922,1,4,20,92,3599
first1,catboost_fusion,S29,0,0.3433850726360232,0.5185805265245922,0,4,22,94,3600
first1,catboost_fusion,S29,0,0.29953429815166266,0.5185805265245922,0,4,23,95,3601
first1,catboost_fusion,S29,0,0.3494194928188525,0.5185805265245922,0,4,24,96,3602
first1,catboost_fusion,S29,0,0.1460026225199412,0.5185805265245922,0,5,1,97,3603
first1,catboost_fusion,S29,0,0.2219951588960559,0.5185805265245922,0,5,2,98,3604
first1,catboost_fusion,S29,0,0.46578963471203055,0.5185805265245922,0,5,3,99,3605
first1,catboost_fusion,S29,1,0.3376716955313271,0.5185805265245922,0,5,4,100,3606
first1,catboost_fusion,S29,0,0.39521669606922244,0.5185805265245922,0,5,5,101,3607
first1,catboost_fusion,S29,0,0.3402099599938755,0.5185805265245922,0,5,6,102,3608
first1,catboost_fusion,S29,0,0.318059430698627,0.5185805265245922,0,5,7,103,3609
first1,catboost_fusion,S29,0,0.3671135989913333,0.5185805265245922,0,5,8,104,3610
first1,catboost_fusion,S29,0,0.276923045981856,0.5185805265245922,0,5,9,105,3611
first1,catboost_fusion,S29,0,0.26712095507971484,0.5185805265245922,0,5,10,106,3612
first1,catboost_fusion,S29,0,0.25313834797374074,0.5185805265245922,0,5,11,107,3613
first1,catboost_fusion,S29,0,0.3150573778657384,0.5185805265245922,0,5,12,108,3614
first1,catboost_fusion,S29,0,0.29515792320918777,0.5185805265245922,0,5,14,110,3615
first1,catboost_fusion,S29,0,0.289490855864261,0.5185805265245922,0,5,15,111,3616
first1,catboost_fusion,S29,0,0.23623776763790147,0.5185805265245922,0,5,16,112,3617
first1,catboost_fusion,S29,1,0.36399190790911545,0.5185805265245922,0,5,17,113,3618
first1,catboost_fusion,S29,0,0.2948380569263188,0.5185805265245922,0,5,18,114,3619
first1,catboost_fusion,S29,1,0.29823176773731697,0.5185805265245922,0,5,19,115,3620
first1,catboost_fusion,S29,0,0.32068665462278123,0.5185805265245922,0,5,20,116,3621
first1,catboost_fusion,S29,0,0.27978027977824227,0.5185805265245922,0,5,21,117,3622
first1,catboost_fusion,S29,0,0.22765571249685007,0.5185805265245922,0,5,22,118,3623
first1,catboost_fusion,S29,1,0.32503351931524904,0.5185805265245922,0,5,23,119,3624
first1,catboost_fusion,S29,0,0.2561807228790312,0.5185805265245922,0,5,24,120,3625
first1,catboost_fusion,S29,0,0.35057268865256,0.5185805265245922,0,6,1,121,3626
first1,catboost_fusion,S29,0,0.3298966431504494,0.5185805265245922,0,6,2,122,3627
first1,catboost_fusion,S29,0,0.3472898739393845,0.5185805265245922,0,6,3,123,3628
first1,catboost_fusion,S29,0,0.41704819098935436,0.5185805265245922,0,6,4,124,3629
first1,catboost_fusion,S29,0,0.22902636907510796,0.5185805265245922,0,6,5,125,3630
first1,catboost_fusion,S29,0,0.3410795564976596,0.5185805265245922,0,6,6,126,3631
first1,catboost_fusion,S29,1,0.6824118079574528,0.5185805265245922,1,6,7,127,3632
first1,catboost_fusion,S29,0,0.2562719005409736,0.5185805265245922,0,6,8,128,3633
first1,catboost_fusion,S29,0,0.19562887781211882,0.5185805265245922,0,6,9,129,3634
first1,catboost_fusion,S29,0,0.22668325584143445,0.5185805265245922,0,6,10,130,3635
first1,catboost_fusion,S29,0,0.1953498633529011,0.5185805265245922,0,6,11,131,3636
first1,catboost_fusion,S29,0,0.27570721643452184,0.5185805265245922,0,6,12,132,3637
first1,catboost_fusion,S29,1,0.313193579963885,0.5185805265245922,0,6,13,133,3638
first1,catboost_fusion,S29,1,0.2646510498857079,0.5185805265245922,0,6,14,134,3639
first1,catboost_fusion,S29,0,0.3226654949503628,0.5185805265245922,0,6,15,135,3640
first1,catboost_fusion,S29,0,0.40172558652005563,0.5185805265245922,0,6,16,136,3641
first1,catboost_fusion,S29,0,0.3947022031803489,0.5185805265245922,0,6,17,137,3642
first1,catboost_fusion,S29,0,0.23376853523848562,0.5185805265245922,0,6,18,138,3643
first1,catboost_fusion,S29,0,0.3793636044107221,0.5185805265245922,0,6,19,139,3644
first1,catboost_fusion,S29,0,0.36797646092946434,0.5185805265245922,0,6,20,140,3645
first1,catboost_fusion,S29,0,0.37430909634120907,0.5185805265245922,0,6,21,141,3646
first1,catboost_fusion,S29,0,0.28457449220869613,0.5185805265245922,0,6,22,142,3647
first1,catboost_fusion,S29,0,0.3875587265139011,0.5185805265245922,0,6,23,143,3648
first1,catboost_fusion,S29,0,0.19052269873044025,0.5185805265245922,0,6,24,144,3649
first1,catboost_fusion,S30,0,0.2924527172701555,0.6239103577815998,0,1,1,1,3650
first1,catboost_fusion,S30,0,0.3615705458591861,0.6239103577815998,0,1,2,2,3651
first1,catboost_fusion,S30,0,0.2185109884462938,0.6239103577815998,0,1,3,3,3652
first1,catboost_fusion,S30,0,0.4135420535313402,0.6239103577815998,0,1,4,4,3653
first1,catboost_fusion,S30,0,0.21190168585396324,0.6239103577815998,0,1,5,5,3654
first1,catboost_fusion,S30,0,0.6304263000572791,0.6239103577815998,1,1,6,6,3655
first1,catboost_fusion,S30,0,0.23695111579990719,0.6239103577815998,0,1,7,7,3656
first1,catboost_fusion,S30,0,0.1870356027427868,0.6239103577815998,0,1,8,8,3657
first1,catboost_fusion,S30,0,0.3036045782699257,0.6239103577815998,0,1,9,9,3658
first1,catboost_fusion,S30,0,0.19575447154236372,0.6239103577815998,0,1,10,10,3659
first1,catboost_fusion,S30,0,0.3648039355482413,0.6239103577815998,0,1,11,11,3660
first1,catboost_fusion,S30,0,0.21620487968170637,0.6239103577815998,0,1,12,12,3661
first1,catboost_fusion,S30,1,0.7611835533299663,0.6239103577815998,1,1,13,13,3662
first1,catboost_fusion,S30,0,0.528575634767566,0.6239103577815998,0,1,14,14,3663
first1,catboost_fusion,S30,0,0.3997000558916159,0.6239103577815998,0,1,16,16,3664
first1,catboost_fusion,S30,0,0.28295099380655453,0.6239103577815998,0,1,17,17,3665
first1,catboost_fusion,S30,0,0.31430327099679006,0.6239103577815998,0,1,18,18,3666
first1,catboost_fusion,S30,0,0.1809785423251449,0.6239103577815998,0,1,19,19,3667
first1,catboost_fusion,S30,0,0.2552611609764341,0.6239103577815998,0,1,20,20,3668
first1,catboost_fusion,S30,0,0.2515921789718832,0.6239103577815998,0,1,21,21,3669
first1,catboost_fusion,S30,0,0.402648931381315,0.6239103577815998,0,1,22,22,3670
first1,catboost_fusion,S30,0,0.24016423063919706,0.6239103577815998,0,1,23,23,3671
first1,catboost_fusion,S30,0,0.16606926226092372,0.6239103577815998,0,1,24,24,3672
first1,catboost_fusion,S30,0,0.4048021219488527,0.6239103577815998,0,2,1,25,3673
first1,catboost_fusion,S30,1,0.5948312561060395,0.6239103577815998,0,2,2,26,3674
first1,catboost_fusion,S30,0,0.33294386954397603,0.6239103577815998,0,2,3,27,3675
first1,catboost_fusion,S30,0,0.24197349900998413,0.6239103577815998,0,2,4,28,3676
first1,catboost_fusion,S30,0,0.3232775848679903,0.6239103577815998,0,2,5,29,3677
first1,catboost_fusion,S30,0,0.32687526792785104,0.6239103577815998,0,2,6,30,3678
first1,catboost_fusion,S30,1,0.3373523274328802,0.6239103577815998,0,2,7,31,3679
first1,catboost_fusion,S30,0,0.6564200998746629,0.6239103577815998,1,2,8,32,3680
first1,catboost_fusion,S30,0,0.34319856167755874,0.6239103577815998,0,2,9,33,3681
first1,catboost_fusion,S30,0,0.3088787134649447,0.6239103577815998,0,2,10,34,3682
first1,catboost_fusion,S30,0,0.4494904164873265,0.6239103577815998,0,2,11,35,3683
first1,catboost_fusion,S30,0,0.2470387739680103,0.6239103577815998,0,2,12,36,3684
first1,catboost_fusion,S30,1,0.392404750866901,0.6239103577815998,0,2,13,37,3685
first1,catboost_fusion,S30,0,0.3974495666377932,0.6239103577815998,0,2,14,38,3686
first1,catboost_fusion,S30,0,0.4400337243824667,0.6239103577815998,0,2,16,40,3687
first1,catboost_fusion,S30,1,0.6006828725266721,0.6239103577815998,0,2,17,41,3688
first1,catboost_fusion,S30,0,0.2183090969428987,0.6239103577815998,0,2,18,42,3689
first1,catboost_fusion,S30,1,0.23841214928342083,0.6239103577815998,0,2,19,43,3690
first1,catboost_fusion,S30,0,0.25501748617008907,0.6239103577815998,0,2,20,44,3691
first1,catboost_fusion,S30,1,0.5083714052985409,0.6239103577815998,0,2,22,46,3692
first1,catboost_fusion,S30,0,0.3288112017849852,0.6239103577815998,0,2,23,47,3693
first1,catboost_fusion,S30,0,0.16339092837360772,0.6239103577815998,0,3,1,49,3694
first1,catboost_fusion,S30,0,0.30771196264783723,0.6239103577815998,0,3,2,50,3695
first1,catboost_fusion,S30,0,0.1937294959703355,0.6239103577815998,0,3,3,51,3696
first1,catboost_fusion,S30,1,0.10258684249660768,0.6239103577815998,0,3,4,52,3697
first1,catboost_fusion,S30,0,0.3030768638678383,0.6239103577815998,0,3,5,53,3698
first1,catboost_fusion,S30,0,0.22788525655716932,0.6239103577815998,0,3,6,54,3699
first1,catboost_fusion,S30,0,0.4916092133658904,0.6239103577815998,0,3,7,55,3700
first1,catboost_fusion,S30,1,0.35237852906662404,0.6239103577815998,0,3,8,56,3701
first1,catboost_fusion,S30,1,0.32836484610356903,0.6239103577815998,0,3,9,57,3702
first1,catboost_fusion,S30,0,0.28328906479420213,0.6239103577815998,0,3,10,58,3703
first1,catboost_fusion,S30,0,0.3543697417094779,0.6239103577815998,0,3,11,59,3704
first1,catboost_fusion,S30,0,0.10747555876614943,0.6239103577815998,0,3,12,60,3705
first1,catboost_fusion,S30,0,0.28107228989725863,0.6239103577815998,0,3,13,61,3706
first1,catboost_fusion,S30,0,0.43719448850539067,0.6239103577815998,0,3,15,63,3707
first1,catboost_fusion,S30,0,0.3375013117461253,0.6239103577815998,0,3,16,64,3708
first1,catboost_fusion,S30,0,0.357981465285194,0.6239103577815998,0,3,17,65,3709
first1,catboost_fusion,S30,0,0.27279801349200067,0.6239103577815998,0,3,18,66,3710
first1,catboost_fusion,S30,1,0.2587620199259789,0.6239103577815998,0,3,19,67,3711
first1,catboost_fusion,S30,0,0.47286128262352967,0.6239103577815998,0,3,20,68,3712
first1,catboost_fusion,S30,0,0.42239140816871285,0.6239103577815998,0,3,21,69,3713
first1,catboost_fusion,S30,0,0.2775364435885102,0.6239103577815998,0,3,22,70,3714
first1,catboost_fusion,S30,0,0.24632833611050756,0.6239103577815998,0,3,23,71,3715
first1,catboost_fusion,S30,0,0.3314739649852996,0.6239103577815998,0,3,24,72,3716
first1,catboost_fusion,S30,0,0.2785220091114988,0.6239103577815998,0,4,1,73,3717
first1,catboost_fusion,S30,0,0.2060287383230935,0.6239103577815998,0,4,2,74,3718
first1,catboost_fusion,S30,0,0.4925531344523277,0.6239103577815998,0,4,3,75,3719
first1,catboost_fusion,S30,0,0.30304924356205654,0.6239103577815998,0,4,4,76,3720
first1,catboost_fusion,S30,1,0.29665015818246016,0.6239103577815998,0,4,5,77,3721
first1,catboost_fusion,S30,0,0.2530947052925562,0.6239103577815998,0,4,6,78,3722
first1,catboost_fusion,S30,0,0.45262780242333595,0.6239103577815998,0,4,7,79,3723
first1,catboost_fusion,S30,0,0.3522157180354635,0.6239103577815998,0,4,9,81,3724
first1,catboost_fusion,S30,0,0.09307433271697194,0.6239103577815998,0,4,10,82,3725
first1,catboost_fusion,S30,0,0.32677073857558103,0.6239103577815998,0,4,11,83,3726
first1,catboost_fusion,S30,0,0.3776598628293414,0.6239103577815998,0,4,13,85,3727
first1,catboost_fusion,S30,0,0.33043135740572016,0.6239103577815998,0,4,14,86,3728
first1,catboost_fusion,S30,0,0.20463659307239968,0.6239103577815998,0,4,15,87,3729
first1,catboost_fusion,S30,0,0.22885819366446136,0.6239103577815998,0,4,16,88,3730
first1,catboost_fusion,S30,0,0.3032147655109328,0.6239103577815998,0,4,17,89,3731
first1,catboost_fusion,S30,0,0.2176104550390644,0.6239103577815998,0,4,18,90,3732
first1,catboost_fusion,S30,0,0.30063883034725786,0.6239103577815998,0,4,19,91,3733
first1,catboost_fusion,S30,0,0.2745241674762138,0.6239103577815998,0,4,20,92,3734
first1,catboost_fusion,S30,0,0.32396620984949404,0.6239103577815998,0,4,21,93,3735
first1,catboost_fusion,S30,0,0.21751114881807065,0.6239103577815998,0,4,22,94,3736
first1,catboost_fusion,S30,0,0.37419409533346676,0.6239103577815998,0,4,23,95,3737
first1,catboost_fusion,S30,0,0.23772985448248707,0.6239103577815998,0,4,24,96,3738
first1,catboost_fusion,S30,0,0.37360777026778175,0.6239103577815998,0,5,1,97,3739
first1,catboost_fusion,S30,0,0.07955702144397692,0.6239103577815998,0,5,2,98,3740
first1,catboost_fusion,S30,1,0.13020537674960472,0.6239103577815998,0,5,3,99,3741
first1,catboost_fusion,S30,0,0.31326465804641374,0.6239103577815998,0,5,5,101,3742
first1,catboost_fusion,S30,0,0.23300120896749515,0.6239103577815998,0,5,6,102,3743
first1,catboost_fusion,S30,0,0.35457942845454415,0.6239103577815998,0,5,8,104,3744
first1,catboost_fusion,S30,0,0.3496765702502322,0.6239103577815998,0,5,9,105,3745
first1,catboost_fusion,S30,0,0.2121478572397342,0.6239103577815998,0,5,10,106,3746
first1,catboost_fusion,S30,0,0.4231473787217019,0.6239103577815998,0,5,11,107,3747
first1,catboost_fusion,S30,0,0.2728307196673263,0.6239103577815998,0,5,12,108,3748
first1,catboost_fusion,S30,1,0.298983600844451,0.6239103577815998,0,5,13,109,3749
first1,catboost_fusion,S30,0,0.23443132585015813,0.6239103577815998,0,5,14,110,3750
first1,catboost_fusion,S30,0,0.29328907214086747,0.6239103577815998,0,5,15,111,3751
first1,catboost_fusion,S30,1,0.14628045715324664,0.6239103577815998,0,5,16,112,3752
first1,catboost_fusion,S30,0,0.12313758693371554,0.6239103577815998,0,5,18,114,3753
first1,catboost_fusion,S30,0,0.6259732582296548,0.6239103577815998,1,5,20,116,3754
first1,catboost_fusion,S30,1,0.6537956957294777,0.6239103577815998,1,5,21,117,3755
first1,catboost_fusion,S30,1,0.29483126465552467,0.6239103577815998,0,5,22,118,3756
first1,catboost_fusion,S30,0,0.2704969719123492,0.6239103577815998,0,5,23,119,3757
first1,catboost_fusion,S30,0,0.2768921346723147,0.6239103577815998,0,6,1,121,3758
first1,catboost_fusion,S30,0,0.38901266675315016,0.6239103577815998,0,6,2,122,3759
first1,catboost_fusion,S30,1,0.43382461576334447,0.6239103577815998,0,6,3,123,3760
first1,catboost_fusion,S30,0,0.4353428597481705,0.6239103577815998,0,6,4,124,3761
first1,catboost_fusion,S30,1,0.18736721230112005,0.6239103577815998,0,6,5,125,3762
first1,catboost_fusion,S30,0,0.1499570713635572,0.6239103577815998,0,6,6,126,3763
first1,catboost_fusion,S30,0,0.40216442944657954,0.6239103577815998,0,6,8,128,3764
first1,catboost_fusion,S30,0,0.3061854841553608,0.6239103577815998,0,6,9,129,3765
first1,catboost_fusion,S30,0,0.5149036461096074,0.6239103577815998,0,6,10,130,3766
first1,catboost_fusion,S30,0,0.2756758506918285,0.6239103577815998,0,6,11,131,3767
first1,catboost_fusion,S30,0,0.3211469779204647,0.6239103577815998,0,6,12,132,3768
first1,catboost_fusion,S30,0,0.4146760129258422,0.6239103577815998,0,6,13,133,3769
first1,catboost_fusion,S30,0,0.4267298914836457,0.6239103577815998,0,6,14,134,3770
first1,catboost_fusion,S30,0,0.4039990396871185,0.6239103577815998,0,6,15,135,3771
first1,catboost_fusion,S30,0,0.22049234844286267,0.6239103577815998,0,6,16,136,3772
first1,catboost_fusion,S30,0,0.3962939529808371,0.6239103577815998,0,6,17,137,3773
first1,catboost_fusion,S30,0,0.23883673575480302,0.6239103577815998,0,6,18,138,3774
first1,catboost_fusion,S30,0,0.3348905694895405,0.6239103577815998,0,6,19,139,3775
first1,catboost_fusion,S30,1,0.6598169545739958,0.6239103577815998,1,6,20,140,3776
first1,catboost_fusion,S30,0,0.34360904571642464,0.6239103577815998,0,6,21,141,3777
first1,catboost_fusion,S30,0,0.36394124569911884,0.6239103577815998,0,6,22,142,3778
first1,catboost_fusion,S30,0,0.3240385812873543,0.6239103577815998,0,6,23,143,3779
first1,catboost_fusion,S30,0,0.5688180888342833,0.6239103577815998,0,6,24,144,3780
first1,catboost_fusion,S31,0,0.6143165853154043,0.5113233602662854,1,1,1,1,3781
first1,catboost_fusion,S31,0,0.3331120962782322,0.5113233602662854,0,1,2,2,3782
first1,catboost_fusion,S31,0,0.3684935221814603,0.5113233602662854,0,1,3,3,3783
first1,catboost_fusion,S31,0,0.23332354200166852,0.5113233602662854,0,1,4,4,3784
first1,catboost_fusion,S31,0,0.31138615897956223,0.5113233602662854,0,1,5,5,3785
first1,catboost_fusion,S31,0,0.4104843761566566,0.5113233602662854,0,1,6,6,3786
first1,catboost_fusion,S31,0,0.471703523573754,0.5113233602662854,0,1,7,7,3787
first1,catboost_fusion,S31,0,0.45105818533527087,0.5113233602662854,0,1,8,8,3788
first1,catboost_fusion,S31,1,0.780275426759972,0.5113233602662854,1,1,9,9,3789
first1,catboost_fusion,S31,1,0.201956302344086,0.5113233602662854,0,1,10,10,3790
first1,catboost_fusion,S31,0,0.42632611689423733,0.5113233602662854,0,1,11,11,3791
first1,catboost_fusion,S31,1,0.551239028375168,0.5113233602662854,1,1,12,12,3792
first1,catboost_fusion,S31,0,0.16608680855824307,0.5113233602662854,0,1,13,13,3793
first1,catboost_fusion,S31,0,0.2723519922730665,0.5113233602662854,0,1,14,14,3794
first1,catboost_fusion,S31,0,0.3898762506029196,0.5113233602662854,0,1,15,15,3795
first1,catboost_fusion,S31,1,0.7247618099854867,0.5113233602662854,1,1,16,16,3796
first1,catboost_fusion,S31,0,0.414931169812457,0.5113233602662854,0,1,17,17,3797
first1,catboost_fusion,S31,0,0.334526964250803,0.5113233602662854,0,1,18,18,3798
first1,catboost_fusion,S31,0,0.22842591506202442,0.5113233602662854,0,1,19,19,3799
first1,catboost_fusion,S31,0,0.39000202920562316,0.5113233602662854,0,1,20,20,3800
first1,catboost_fusion,S31,0,0.3322600890476346,0.5113233602662854,0,1,21,21,3801
first1,catboost_fusion,S31,0,0.41877321955484187,0.5113233602662854,0,1,22,22,3802
first1,catboost_fusion,S31,0,0.5904792112868574,0.5113233602662854,1,1,23,23,3803
first1,catboost_fusion,S31,0,0.411493753572021,0.5113233602662854,0,1,24,24,3804
first1,catboost_fusion,S31,0,0.35658099088648876,0.5113233602662854,0,2,1,25,3805
first1,catboost_fusion,S31,0,0.21134818755753124,0.5113233602662854,0,2,2,26,3806
first1,catboost_fusion,S31,0,0.2067724070196789,0.5113233602662854,0,2,3,27,3807
first1,catboost_fusion,S31,0,0.2789993967083582,0.5113233602662854,0,2,4,28,3808
first1,catboost_fusion,S31,0,0.2874646738936451,0.5113233602662854,0,2,5,29,3809
first1,catboost_fusion,S31,0,0.35902574742496063,0.5113233602662854,0,2,6,30,3810
first1,catboost_fusion,S31,1,0.6361203503262688,0.5113233602662854,1,2,7,31,3811
first1,catboost_fusion,S31,0,0.7229505518232837,0.5113233602662854,1,2,8,32,3812
first1,catboost_fusion,S31,0,0.5170244947388033,0.5113233602662854,1,2,9,33,3813
first1,catboost_fusion,S31,0,0.5430635961444155,0.5113233602662854,1,2,10,34,3814
first1,catboost_fusion,S31,0,0.32358703417431994,0.5113233602662854,0,2,11,35,3815
first1,catboost_fusion,S31,0,0.3449445228660853,0.5113233602662854,0,2,12,36,3816
first1,catboost_fusion,S31,0,0.33300479884656214,0.5113233602662854,0,2,13,37,3817
first1,catboost_fusion,S31,1,0.3011269169784902,0.5113233602662854,0,2,14,38,3818
first1,catboost_fusion,S31,1,0.5834326826448915,0.5113233602662854,1,2,15,39,3819
first1,catboost_fusion,S31,0,0.6142393254116866,0.5113233602662854,1,2,16,40,3820
first1,catboost_fusion,S31,0,0.5298091316747111,0.5113233602662854,1,2,17,41,3821
first1,catboost_fusion,S31,1,0.5763649275289113,0.5113233602662854,1,2,18,42,3822
first1,catboost_fusion,S31,0,0.3745745083244028,0.5113233602662854,0,2,19,43,3823
first1,catboost_fusion,S31,0,0.43503833236984546,0.5113233602662854,0,2,20,44,3824
first1,catboost_fusion,S31,0,0.3727188123758556,0.5113233602662854,0,2,21,45,3825
first1,catboost_fusion,S31,0,0.40791027906423055,0.5113233602662854,0,2,22,46,3826
first1,catboost_fusion,S31,0,0.4449345905346563,0.5113233602662854,0,2,23,47,3827
first1,catboost_fusion,S31,0,0.426031921892254,0.5113233602662854,0,2,24,48,3828
first1,catboost_fusion,S31,1,0.725372752182673,0.5113233602662854,1,3,1,49,3829
first1,catboost_fusion,S31,1,0.23689336159127655,0.5113233602662854,0,3,2,50,3830
first1,catboost_fusion,S31,0,0.2661685262886273,0.5113233602662854,0,3,3,51,3831
first1,catboost_fusion,S31,0,0.6710417425661845,0.5113233602662854,1,3,4,52,3832
first1,catboost_fusion,S31,0,0.24197520705127978,0.5113233602662854,0,3,5,53,3833
first1,catboost_fusion,S31,1,0.6447835890822698,0.5113233602662854,1,3,6,54,3834
first1,catboost_fusion,S31,0,0.45468726714908286,0.5113233602662854,0,3,7,55,3835
first1,catboost_fusion,S31,0,0.40920867497583774,0.5113233602662854,0,3,8,56,3836
first1,catboost_fusion,S31,1,0.8041647656286519,0.5113233602662854,1,3,9,57,3837
first1,catboost_fusion,S31,0,0.448968235237503,0.5113233602662854,0,3,10,58,3838
first1,catboost_fusion,S31,0,0.23637766056071316,0.5113233602662854,0,3,11,59,3839
first1,catboost_fusion,S31,0,0.24386538159935706,0.5113233602662854,0,3,12,60,3840
first1,catboost_fusion,S31,1,0.6866577402026212,0.5113233602662854,1,3,13,61,3841
first1,catboost_fusion,S31,0,0.3984016234286694,0.5113233602662854,0,3,14,62,3842
first1,catboost_fusion,S31,1,0.4365359136225568,0.5113233602662854,0,3,15,63,3843
first1,catboost_fusion,S31,0,0.15506460794087235,0.5113233602662854,0,3,16,64,3844
first1,catboost_fusion,S31,0,0.4959742476244783,0.5113233602662854,0,3,17,65,3845
first1,catboost_fusion,S31,0,0.3816687426446337,0.5113233602662854,0,3,18,66,3846
first1,catboost_fusion,S31,0,0.27123786019123236,0.5113233602662854,0,3,19,67,3847
first1,catboost_fusion,S31,0,0.3646331742177888,0.5113233602662854,0,3,20,68,3848
first1,catboost_fusion,S31,1,0.5556916188975616,0.5113233602662854,1,3,21,69,3849
first1,catboost_fusion,S31,0,0.3897902821622014,0.5113233602662854,0,3,22,70,3850
first1,catboost_fusion,S31,0,0.26686290645505817,0.5113233602662854,0,3,23,71,3851
first1,catboost_fusion,S31,0,0.38410928101503766,0.5113233602662854,0,3,24,72,3852
first1,catboost_fusion,S31,1,0.1390264911551102,0.5113233602662854,0,4,1,73,3853
first1,catboost_fusion,S31,0,0.18331573709652507,0.5113233602662854,0,4,2,74,3854
first1,catboost_fusion,S31,0,0.14120816167065456,0.5113233602662854,0,4,3,75,3855
first1,catboost_fusion,S31,0,0.3407297200853229,0.5113233602662854,0,4,4,76,3856
first1,catboost_fusion,S31,0,0.30237604468964285,0.5113233602662854,0,4,5,77,3857
first1,catboost_fusion,S31,0,0.24231536546687574,0.5113233602662854,0,4,6,78,3858
first1,catboost_fusion,S31,0,0.4238874900521134,0.5113233602662854,0,4,7,79,3859
first1,catboost_fusion,S31,0,0.18736750628895849,0.5113233602662854,0,4,8,80,3860
first1,catboost_fusion,S31,0,0.23920355370093277,0.5113233602662854,0,4,9,81,3861
first1,catboost_fusion,S31,0,0.4028985084771473,0.5113233602662854,0,4,10,82,3862
first1,catboost_fusion,S31,0,0.36601678178330227,0.5113233602662854,0,4,11,83,3863
first1,catboost_fusion,S31,0,0.3397091179637847,0.5113233602662854,0,4,12,84,3864
first1,catboost_fusion,S31,0,0.18813072992785468,0.5113233602662854,0,4,13,85,3865
first1,catboost_fusion,S31,0,0.25165041477374306,0.5113233602662854,0,4,14,86,3866
first1,catboost_fusion,S31,0,0.22392044415498513,0.5113233602662854,0,4,15,87,3867
first1,catboost_fusion,S31,0,0.43815505085548584,0.5113233602662854,0,4,17,89,3868
first1,catboost_fusion,S31,0,0.3600079020048331,0.5113233602662854,0,4,19,91,3869
first1,catboost_fusion,S31,0,0.34549726025111377,0.5113233602662854,0,4,20,92,3870
first1,catboost_fusion,S31,0,0.3429076777127853,0.5113233602662854,0,4,21,93,3871
first1,catboost_fusion,S31,0,0.3333715385891796,0.5113233602662854,0,4,22,94,3872
first1,catboost_fusion,S31,0,0.3885034105958472,0.5113233602662854,0,4,23,95,3873
first1,catboost_fusion,S31,0,0.36395396987398027,0.5113233602662854,0,4,24,96,3874
first1,catboost_fusion,S31,0,0.2629614207083482,0.5113233602662854,0,5,1,97,3875
first1,catboost_fusion,S31,0,0.1650038676100991,0.5113233602662854,0,5,2,98,3876
first1,catboost_fusion,S31,1,0.22249645752569985,0.5113233602662854,0,5,3,99,3877
first1,catboost_fusion,S31,0,0.3456450300494098,0.5113233602662854,0,5,4,100,3878
first1,catboost_fusion,S31,0,0.23733070595354994,0.5113233602662854,0,5,5,101,3879
first1,catboost_fusion,S31,0,0.3438434639817824,0.5113233602662854,0,5,6,102,3880
first1,catboost_fusion,S31,1,0.5075705497520255,0.5113233602662854,0,5,7,103,3881
first1,catboost_fusion,S31,0,0.3381515924561191,0.5113233602662854,0,5,8,104,3882
first1,catboost_fusion,S31,0,0.2933021720541915,0.5113233602662854,0,5,9,105,3883
first1,catboost_fusion,S31,0,0.45713454776761653,0.5113233602662854,0,5,10,106,3884
first1,catboost_fusion,S31,0,0.3399772854205438,0.5113233602662854,0,5,11,107,3885
first1,catboost_fusion,S31,1,0.3065169891156486,0.5113233602662854,0,5,12,108,3886
first1,catboost_fusion,S31,0,0.30521899583532697,0.5113233602662854,0,5,13,109,3887
first1,catboost_fusion,S31,0,0.2270153142292086,0.5113233602662854,0,5,14,110,3888
first1,catboost_fusion,S31,0,0.39327957999676116,0.5113233602662854,0,5,15,111,3889
first1,catboost_fusion,S31,0,0.3470911194165784,0.5113233602662854,0,5,16,112,3890
first1,catboost_fusion,S31,0,0.29258952315010034,0.5113233602662854,0,5,17,113,3891
first1,catboost_fusion,S31,0,0.30009515461352576,0.5113233602662854,0,5,18,114,3892
first1,catboost_fusion,S31,0,0.3139161695351676,0.5113233602662854,0,5,19,115,3893
first1,catboost_fusion,S31,1,0.7329632952680815,0.5113233602662854,1,5,20,116,3894
first1,catboost_fusion,S31,0,0.3073123073259607,0.5113233602662854,0,5,21,117,3895
first1,catboost_fusion,S31,0,0.3220463471750605,0.5113233602662854,0,5,22,118,3896
first1,catboost_fusion,S31,0,0.3546845542943149,0.5113233602662854,0,5,23,119,3897
first1,catboost_fusion,S31,0,0.37405006581446,0.5113233602662854,0,5,24,120,3898
first1,catboost_fusion,S31,0,0.5182165389880009,0.5113233602662854,1,6,1,121,3899
first1,catboost_fusion,S31,0,0.2425669429436332,0.5113233602662854,0,6,2,122,3900
first1,catboost_fusion,S31,1,0.461048932438439,0.5113233602662854,0,6,3,123,3901
first1,catboost_fusion,S31,0,0.4194719596806528,0.5113233602662854,0,6,4,124,3902
first1,catboost_fusion,S31,0,0.2835481797815365,0.5113233602662854,0,6,5,125,3903
first1,catboost_fusion,S31,1,0.2936110603114024,0.5113233602662854,0,6,7,127,3904
first1,catboost_fusion,S31,1,0.3621832461476127,0.5113233602662854,0,6,8,128,3905
first1,catboost_fusion,S31,0,0.25014093895119294,0.5113233602662854,0,6,9,129,3906
first1,catboost_fusion,S31,0,0.18745926942625946,0.5113233602662854,0,6,10,130,3907
first1,catboost_fusion,S31,1,0.22076251134060815,0.5113233602662854,0,6,11,131,3908
first1,catboost_fusion,S31,0,0.22881256415796344,0.5113233602662854,0,6,12,132,3909
first1,catboost_fusion,S31,1,0.3253508615947726,0.5113233602662854,0,6,13,133,3910
first1,catboost_fusion,S31,0,0.3055343469447708,0.5113233602662854,0,6,14,134,3911
first1,catboost_fusion,S31,0,0.2393325988445315,0.5113233602662854,0,6,15,135,3912
first1,catboost_fusion,S31,0,0.4261446562646197,0.5113233602662854,0,6,16,136,3913
first1,catboost_fusion,S31,0,0.39182794577416763,0.5113233602662854,0,6,17,137,3914
first1,catboost_fusion,S31,0,0.3375203091365998,0.5113233602662854,0,6,18,138,3915
first1,catboost_fusion,S31,0,0.24006268724043517,0.5113233602662854,0,6,19,139,3916
first1,catboost_fusion,S31,0,0.30157387079717857,0.5113233602662854,0,6,20,140,3917
first1,catboost_fusion,S31,0,0.26390953377144727,0.5113233602662854,0,6,21,141,3918
first1,catboost_fusion,S31,0,0.30210878871741653,0.5113233602662854,0,6,22,142,3919
first1,catboost_fusion,S31,0,0.35612076103252666,0.5113233602662854,0,6,23,143,3920
first1,catboost_fusion,S31,0,0.39204250262821333,0.5113233602662854,0,6,24,144,3921
first1,catboost_fusion,S32,0,0.3008350158664614,0.4899794521379434,0,1,1,1,3922
first1,catboost_fusion,S32,0,0.2866928509321487,0.4899794521379434,0,1,2,2,3923
first1,catboost_fusion,S32,0,0.21638012328166475,0.4899794521379434,0,1,3,3,3924
first1,catboost_fusion,S32,0,0.30929517151472286,0.4899794521379434,0,1,4,4,3925
first1,catboost_fusion,S32,0,0.17302047661665543,0.4899794521379434,0,1,5,5,3926
first1,catboost_fusion,S32,1,0.28752149878606087,0.4899794521379434,0,1,6,6,3927
first1,catboost_fusion,S32,0,0.2825754459171436,0.4899794521379434,0,1,7,7,3928
first1,catboost_fusion,S32,0,0.34208821096188524,0.4899794521379434,0,1,8,8,3929
first1,catboost_fusion,S32,0,0.1443520851892025,0.4899794521379434,0,1,9,9,3930
first1,catboost_fusion,S32,0,0.3955104052778538,0.4899794521379434,0,1,10,10,3931
first1,catboost_fusion,S32,0,0.26494344270372056,0.4899794521379434,0,1,11,11,3932
first1,catboost_fusion,S32,0,0.2257062284161228,0.4899794521379434,0,1,12,12,3933
first1,catboost_fusion,S32,0,0.2636991530063699,0.4899794521379434,0,1,13,13,3934
first1,catboost_fusion,S32,1,0.40917719052701235,0.4899794521379434,0,1,14,14,3935
first1,catboost_fusion,S32,1,0.39574038041708864,0.4899794521379434,0,1,15,15,3936
first1,catboost_fusion,S32,0,0.269690387843323,0.4899794521379434,0,1,16,16,3937
first1,catboost_fusion,S32,0,0.3979445096587075,0.4899794521379434,0,1,17,17,3938
first1,catboost_fusion,S32,0,0.27986812032841457,0.4899794521379434,0,1,18,18,3939
first1,catboost_fusion,S32,0,0.21391603732861472,0.4899794521379434,0,1,19,19,3940
first1,catboost_fusion,S32,0,0.3740765711086133,0.4899794521379434,0,1,20,20,3941
first1,catboost_fusion,S32,0,0.43263628132932475,0.4899794521379434,0,1,21,21,3942
first1,catboost_fusion,S32,0,0.413314118252853,0.4899794521379434,0,1,22,22,3943
first1,catboost_fusion,S32,0,0.3847835793817625,0.4899794521379434,0,1,23,23,3944
first1,catboost_fusion,S32,0,0.1667076725913043,0.4899794521379434,0,1,24,24,3945
first1,catboost_fusion,S32,0,0.3864990541085906,0.4899794521379434,0,2,1,25,3946
first1,catboost_fusion,S32,0,0.45057914640635083,0.4899794521379434,0,2,2,26,3947
first1,catboost_fusion,S32,0,0.22386882995497168,0.4899794521379434,0,2,3,27,3948
first1,catboost_fusion,S32,1,0.6947671979094846,0.4899794521379434,1,2,4,28,3949
first1,catboost_fusion,S32,0,0.20911642168647102,0.4899794521379434,0,2,5,29,3950
first1,catboost_fusion,S32,0,0.45818162820151886,0.4899794521379434,0,2,6,30,3951
first1,catboost_fusion,S32,0,0.379569899697237,0.4899794521379434,0,2,7,31,3952
first1,catboost_fusion,S32,0,0.3238559508786086,0.4899794521379434,0,2,8,32,3953
first1,catboost_fusion,S32,1,0.5386756437315744,0.4899794521379434,1,2,9,33,3954
first1,catboost_fusion,S32,0,0.6557347524246352,0.4899794521379434,1,2,10,34,3955
first1,catboost_fusion,S32,0,0.5886575815319605,0.4899794521379434,1,2,11,35,3956
first1,catboost_fusion,S32,1,0.7376800490983155,0.4899794521379434,1,2,12,36,3957
first1,catboost_fusion,S32,0,0.4569711881691189,0.4899794521379434,0,2,13,37,3958
first1,catboost_fusion,S32,0,0.6556880708742681,0.4899794521379434,1,2,14,38,3959
first1,catboost_fusion,S32,0,0.36120388137795945,0.4899794521379434,0,2,15,39,3960
first1,catboost_fusion,S32,0,0.38655234754950324,0.4899794521379434,0,2,16,40,3961
first1,catboost_fusion,S32,0,0.6781287090564191,0.4899794521379434,1,2,17,41,3962
first1,catboost_fusion,S32,0,0.5744512522823392,0.4899794521379434,1,2,18,42,3963
first1,catboost_fusion,S32,0,0.33070392136423166,0.4899794521379434,0,2,19,43,3964
first1,catboost_fusion,S32,0,0.2385595939906476,0.4899794521379434,0,2,20,44,3965
first1,catboost_fusion,S32,0,0.3831786661862145,0.4899794521379434,0,2,21,45,3966
first1,catboost_fusion,S32,0,0.23251208149558517,0.4899794521379434,0,2,22,46,3967
first1,catboost_fusion,S32,0,0.3266701437359053,0.4899794521379434,0,2,23,47,3968
first1,catboost_fusion,S32,0,0.7571248253549375,0.4899794521379434,1,2,24,48,3969
first1,catboost_fusion,S32,1,0.7406555843645874,0.4899794521379434,1,3,1,49,3970
first1,catboost_fusion,S32,0,0.3327804857785629,0.4899794521379434,0,3,2,50,3971
first1,catboost_fusion,S32,0,0.2723551894245712,0.4899794521379434,0,3,3,51,3972
first1,catboost_fusion,S32,0,0.4721965980027648,0.4899794521379434,0,3,4,52,3973
first1,catboost_fusion,S32,0,0.719636807158211,0.4899794521379434,1,3,5,53,3974
first1,catboost_fusion,S32,0,0.47328847430157667,0.4899794521379434,0,3,6,54,3975
first1,catboost_fusion,S32,0,0.49540732980788527,0.4899794521379434,1,3,7,55,3976
first1,catboost_fusion,S32,0,0.343325151926828,0.4899794521379434,0,3,8,56,3977
first1,catboost_fusion,S32,0,0.5064381818006675,0.4899794521379434,1,3,9,57,3978
first1,catboost_fusion,S32,0,0.36354097422153725,0.4899794521379434,0,3,10,58,3979
first1,catboost_fusion,S32,1,0.3858603369834691,0.4899794521379434,0,3,11,59,3980
first1,catboost_fusion,S32,0,0.22501702036369955,0.4899794521379434,0,3,12,60,3981
first1,catboost_fusion,S32,0,0.464155783159195,0.4899794521379434,0,3,13,61,3982
first1,catboost_fusion,S32,0,0.42621443025983924,0.4899794521379434,0,3,14,62,3983
first1,catboost_fusion,S32,0,0.5553568904051575,0.4899794521379434,1,3,15,63,3984
first1,catboost_fusion,S32,0,0.2620270591557591,0.4899794521379434,0,3,16,64,3985
first1,catboost_fusion,S32,0,0.3834585141840761,0.4899794521379434,0,3,17,65,3986
first1,catboost_fusion,S32,0,0.4822177080315778,0.4899794521379434,0,3,18,66,3987
first1,catboost_fusion,S32,1,0.3065973680998114,0.4899794521379434,0,3,19,67,3988
first1,catboost_fusion,S32,0,0.2623877617390777,0.4899794521379434,0,3,20,68,3989
first1,catboost_fusion,S32,0,0.4010428327042811,0.4899794521379434,0,3,21,69,3990
first1,catboost_fusion,S32,0,0.29139036254583617,0.4899794521379434,0,3,22,70,3991
first1,catboost_fusion,S32,0,0.4246875160118299,0.4899794521379434,0,3,23,71,3992
first1,catboost_fusion,S32,0,0.4399812339171251,0.4899794521379434,0,3,24,72,3993
first1,catboost_fusion,S32,0,0.1998163716103428,0.4899794521379434,0,4,1,73,3994
first1,catboost_fusion,S32,0,0.2848354345678502,0.4899794521379434,0,4,2,74,3995
first1,catboost_fusion,S32,0,0.27260937442617744,0.4899794521379434,0,4,3,75,3996
first1,catboost_fusion,S32,0,0.2690964634472297,0.4899794521379434,0,4,4,76,3997
first1,catboost_fusion,S32,0,0.3277980083416351,0.4899794521379434,0,4,5,77,3998
first1,catboost_fusion,S32,0,0.2630441360690573,0.4899794521379434,0,4,6,78,3999
first1,catboost_fusion,S32,0,0.28100875233082345,0.4899794521379434,0,4,7,79,4000
first1,catboost_fusion,S32,0,0.3321676777517551,0.4899794521379434,0,4,8,80,4001
first1,catboost_fusion,S32,0,0.2645283637787923,0.4899794521379434,0,4,9,81,4002
first1,catboost_fusion,S32,0,0.4198466936140353,0.4899794521379434,0,4,10,82,4003
first1,catboost_fusion,S32,1,0.794462212224298,0.4899794521379434,1,4,11,83,4004
first1,catboost_fusion,S32,0,0.3807217978178325,0.4899794521379434,0,4,12,84,4005
first1,catboost_fusion,S32,0,0.26984988032391455,0.4899794521379434,0,4,13,85,4006
first1,catboost_fusion,S32,0,0.3217534746157742,0.4899794521379434,0,4,14,86,4007
first1,catboost_fusion,S32,0,0.2593499974608031,0.4899794521379434,0,4,15,87,4008
first1,catboost_fusion,S32,0,0.43638526406462397,0.4899794521379434,0,4,16,88,4009
first1,catboost_fusion,S32,0,0.21460589143252548,0.4899794521379434,0,4,17,89,4010
first1,catboost_fusion,S32,1,0.5785652886675929,0.4899794521379434,1,4,18,90,4011
first1,catboost_fusion,S32,0,0.40924641927076366,0.4899794521379434,0,4,19,91,4012
first1,catboost_fusion,S32,0,0.4525618343448092,0.4899794521379434,0,4,20,92,4013
first1,catboost_fusion,S32,0,0.33589540781225835,0.4899794521379434,0,4,21,93,4014
first1,catboost_fusion,S32,0,0.5779156256316663,0.4899794521379434,1,4,22,94,4015
first1,catboost_fusion,S32,0,0.3742967131690787,0.4899794521379434,0,4,23,95,4016
first1,catboost_fusion,S32,0,0.30960673193475424,0.4899794521379434,0,4,24,96,4017
first1,catboost_fusion,S32,0,0.37966650362120397,0.4899794521379434,0,5,1,97,4018
first1,catboost_fusion,S32,0,0.34432042963455434,0.4899794521379434,0,5,2,98,4019
first1,catboost_fusion,S32,0,0.3035737676659416,0.4899794521379434,0,5,3,99,4020
first1,catboost_fusion,S32,0,0.36320185465583577,0.4899794521379434,0,5,4,100,4021
first1,catboost_fusion,S32,0,0.24354373218259706,0.4899794521379434,0,5,5,101,4022
first1,catboost_fusion,S32,0,0.5120349813201187,0.4899794521379434,1,5,6,102,4023
first1,catboost_fusion,S32,1,0.2632892434002763,0.4899794521379434,0,5,7,103,4024
first1,catboost_fusion,S32,0,0.3659818576086287,0.4899794521379434,0,5,8,104,4025
first1,catboost_fusion,S32,1,0.38525013064823826,0.4899794521379434,0,5,9,105,4026
first1,catboost_fusion,S32,0,0.3157022048997925,0.4899794521379434,0,5,10,106,4027
first1,catboost_fusion,S32,0,0.3014771324060077,0.4899794521379434,0,5,11,107,4028
first1,catboost_fusion,S32,0,0.2697762938306672,0.4899794521379434,0,5,12,108,4029
first1,catboost_fusion,S32,0,0.5560245700658869,0.4899794521379434,1,5,13,109,4030
first1,catboost_fusion,S32,0,0.5020172568697902,0.4899794521379434,1,5,14,110,4031
first1,catboost_fusion,S32,0,0.6034552452187374,0.4899794521379434,1,5,15,111,4032
first1,catboost_fusion,S32,0,0.4024150067631283,0.4899794521379434,0,5,16,112,4033
first1,catboost_fusion,S32,0,0.5268310608051273,0.4899794521379434,1,5,17,113,4034
first1,catboost_fusion,S32,0,0.5417818855089508,0.4899794521379434,1,5,18,114,4035
first1,catboost_fusion,S32,1,0.7078706347705972,0.4899794521379434,1,5,19,115,4036
first1,catboost_fusion,S32,0,0.37411336597842065,0.4899794521379434,0,5,20,116,4037
first1,catboost_fusion,S32,0,0.3395902686743021,0.4899794521379434,0,5,21,117,4038
first1,catboost_fusion,S32,0,0.7350307231637723,0.4899794521379434,1,5,22,118,4039
first1,catboost_fusion,S32,0,0.4197658841027673,0.4899794521379434,0,5,23,119,4040
first1,catboost_fusion,S32,0,0.26340449650989617,0.4899794521379434,0,5,24,120,4041
first1,catboost_fusion,S32,0,0.16786835491678223,0.4899794521379434,0,6,1,121,4042
first1,catboost_fusion,S32,0,0.28472841738830434,0.4899794521379434,0,6,2,122,4043
first1,catboost_fusion,S32,0,0.38519412221867916,0.4899794521379434,0,6,3,123,4044
first1,catboost_fusion,S32,1,0.4750733120609506,0.4899794521379434,0,6,4,124,4045
first1,catboost_fusion,S32,0,0.37624696868769836,0.4899794521379434,0,6,5,125,4046
first1,catboost_fusion,S32,0,0.4111490402927692,0.4899794521379434,0,6,6,126,4047
first1,catboost_fusion,S32,0,0.3370586992646826,0.4899794521379434,0,6,7,127,4048
first1,catboost_fusion,S32,1,0.35332171306463683,0.4899794521379434,0,6,8,128,4049
first1,catboost_fusion,S32,0,0.1466304089707632,0.4899794521379434,0,6,9,129,4050
first1,catboost_fusion,S32,0,0.2169046764940987,0.4899794521379434,0,6,10,130,4051
first1,catboost_fusion,S32,0,0.6994701740516375,0.4899794521379434,1,6,11,131,4052
first1,catboost_fusion,S32,0,0.3212347320207022,0.4899794521379434,0,6,12,132,4053
first1,catboost_fusion,S32,1,0.626602206950763,0.4899794521379434,1,6,13,133,4054
first1,catboost_fusion,S32,0,0.2755033343794485,0.4899794521379434,0,6,14,134,4055
first1,catboost_fusion,S32,0,0.5166898439516978,0.4899794521379434,1,6,15,135,4056
first1,catboost_fusion,S32,0,0.4548250162645283,0.4899794521379434,0,6,16,136,4057
first1,catboost_fusion,S32,0,0.685326564478857,0.4899794521379434,1,6,17,137,4058
first1,catboost_fusion,S32,0,0.46808251886042157,0.4899794521379434,0,6,18,138,4059
first1,catboost_fusion,S32,0,0.34578953149105074,0.4899794521379434,0,6,19,139,4060
first1,catboost_fusion,S32,0,0.19663794056306863,0.4899794521379434,0,6,20,140,4061
first1,catboost_fusion,S32,0,0.24707768556243953,0.4899794521379434,0,6,21,141,4062
first1,catboost_fusion,S32,0,0.5030402957455812,0.4899794521379434,1,6,22,142,4063
first1,catboost_fusion,S32,0,0.27386672589812955,0.4899794521379434,0,6,23,143,4064
first1,catboost_fusion,S32,0,0.2146590123942088,0.4899794521379434,0,6,24,144,4065
first1,catboost_fusion,S33,0,0.2806871942708442,0.5261957396769277,0,1,2,2,4066
first1,catboost_fusion,S33,0,0.29802688837507846,0.5261957396769277,0,1,3,3,4067
first1,catboost_fusion,S33,0,0.4455683091987566,0.5261957396769277,0,1,4,4,4068
first1,catboost_fusion,S33,0,0.5907706877394964,0.5261957396769277,1,1,5,5,4069
first1,catboost_fusion,S33,1,0.3886209812293916,0.5261957396769277,0,1,6,6,4070
first1,catboost_fusion,S33,0,0.4705534033246389,0.5261957396769277,0,1,7,7,4071
first1,catboost_fusion,S33,0,0.5338574115036794,0.5261957396769277,1,1,8,8,4072
first1,catboost_fusion,S33,0,0.2807600564669019,0.5261957396769277,0,1,9,9,4073
first1,catboost_fusion,S33,0,0.33691704367098474,0.5261957396769277,0,1,10,10,4074
first1,catboost_fusion,S33,0,0.32620799424171654,0.5261957396769277,0,1,11,11,4075
first1,catboost_fusion,S33,1,0.5410563067557186,0.5261957396769277,1,1,12,12,4076
first1,catboost_fusion,S33,0,0.33036230901395114,0.5261957396769277,0,1,13,13,4077
first1,catboost_fusion,S33,0,0.3775903897225754,0.5261957396769277,0,1,14,14,4078
first1,catboost_fusion,S33,0,0.2684608861749322,0.5261957396769277,0,1,15,15,4079
first1,catboost_fusion,S33,1,0.35577875271172577,0.5261957396769277,0,1,16,16,4080
first1,catboost_fusion,S33,0,0.5206443692606294,0.5261957396769277,0,1,17,17,4081
first1,catboost_fusion,S33,0,0.28154348443770966,0.5261957396769277,0,1,18,18,4082
first1,catboost_fusion,S33,0,0.21789109370635076,0.5261957396769277,0,1,19,19,4083
first1,catboost_fusion,S33,0,0.34710420301516537,0.5261957396769277,0,1,20,20,4084
first1,catboost_fusion,S33,1,0.20172016968212184,0.5261957396769277,0,1,21,21,4085
first1,catboost_fusion,S33,0,0.31693719689591066,0.5261957396769277,0,1,22,22,4086
first1,catboost_fusion,S33,0,0.42961170224606343,0.5261957396769277,0,1,23,23,4087
first1,catboost_fusion,S33,0,0.14807468945398086,0.5261957396769277,0,1,24,24,4088
first1,catboost_fusion,S33,0,0.27964725380192795,0.5261957396769277,0,2,1,25,4089
first1,catboost_fusion,S33,0,0.296816045819428,0.5261957396769277,0,2,2,26,4090
first1,catboost_fusion,S33,0,0.1880542668057007,0.5261957396769277,0,2,3,27,4091
first1,catboost_fusion,S33,0,0.31687850240719617,0.5261957396769277,0,2,4,28,4092
first1,catboost_fusion,S33,0,0.25391998405353067,0.5261957396769277,0,2,5,29,4093
first1,catboost_fusion,S33,0,0.4240133568320659,0.5261957396769277,0,2,6,30,4094
first1,catboost_fusion,S33,0,0.3361935680453632,0.5261957396769277,0,2,7,31,4095
first1,catboost_fusion,S33,0,0.4495427791633257,0.5261957396769277,0,2,8,32,4096
first1,catboost_fusion,S33,0,0.3953375599988998,0.5261957396769277,0,2,9,33,4097
first1,catboost_fusion,S33,0,0.3305225787284263,0.5261957396769277,0,2,10,34,4098
first1,catboost_fusion,S33,0,0.3336133258782787,0.5261957396769277,0,2,11,35,4099
first1,catboost_fusion,S33,1,0.3745984043861575,0.5261957396769277,0,2,12,36,4100
first1,catboost_fusion,S33,0,0.17615444447014073,0.5261957396769277,0,2,13,37,4101
first1,catboost_fusion,S33,0,0.2994887693520016,0.5261957396769277,0,2,14,38,4102
first1,catboost_fusion,S33,0,0.23075780507976074,0.5261957396769277,0,2,15,39,4103
first1,catboost_fusion,S33,0,0.3315281837906047,0.5261957396769277,0,2,16,40,4104
first1,catboost_fusion,S33,1,0.589332719359054,0.5261957396769277,1,2,17,41,4105
first1,catboost_fusion,S33,0,0.5761555948519882,0.5261957396769277,1,2,18,42,4106
first1,catboost_fusion,S33,1,0.49806590680833546,0.5261957396769277,0,2,19,43,4107
first1,catboost_fusion,S33,0,0.31761508831729707,0.5261957396769277,0,2,20,44,4108
first1,catboost_fusion,S33,0,0.12105136042947266,0.5261957396769277,0,2,21,45,4109
first1,catboost_fusion,S33,0,0.43918652834130417,0.5261957396769277,0,2,22,46,4110
first1,catboost_fusion,S33,0,0.09637050858641973,0.5261957396769277,0,2,23,47,4111
first1,catboost_fusion,S33,0,0.43024540227648667,0.5261957396769277,0,3,1,49,4112
first1,catboost_fusion,S33,0,0.31752844334628194,0.5261957396769277,0,3,2,50,4113
first1,catboost_fusion,S33,0,0.266506573458213,0.5261957396769277,0,3,3,51,4114
first1,catboost_fusion,S33,1,0.6686984326438786,0.5261957396769277,1,3,4,52,4115
first1,catboost_fusion,S33,0,0.4215160060268905,0.5261957396769277,0,3,5,53,4116
first1,catboost_fusion,S33,0,0.420077462556903,0.5261957396769277,0,3,6,54,4117
first1,catboost_fusion,S33,0,0.46779025434678123,0.5261957396769277,0,3,7,55,4118
first1,catboost_fusion,S33,0,0.3498794956377585,0.5261957396769277,0,3,8,56,4119
first1,catboost_fusion,S33,1,0.312801012303494,0.5261957396769277,0,3,9,57,4120
first1,catboost_fusion,S33,0,0.457090241641741,0.5261957396769277,0,3,10,58,4121
first1,catboost_fusion,S33,0,0.3242562380412834,0.5261957396769277,0,3,11,59,4122
first1,catboost_fusion,S33,0,0.4277594812795506,0.5261957396769277,0,3,12,60,4123
first1,catboost_fusion,S33,0,0.2678099693868874,0.5261957396769277,0,3,13,61,4124
first1,catboost_fusion,S33,0,0.4644154257838744,0.5261957396769277,0,3,14,62,4125
first1,catboost_fusion,S33,0,0.35698054449799366,0.5261957396769277,0,3,15,63,4126
first1,catboost_fusion,S33,1,0.33121714399450086,0.5261957396769277,0,3,16,64,4127
first1,catboost_fusion,S33,0,0.23372688012948267,0.5261957396769277,0,3,17,65,4128
first1,catboost_fusion,S33,1,0.29240842777696424,0.5261957396769277,0,3,18,66,4129
first1,catboost_fusion,S33,1,0.39302073073123517,0.5261957396769277,0,3,19,67,4130
first1,catboost_fusion,S33,0,0.32238934791736096,0.5261957396769277,0,3,20,68,4131
first1,catboost_fusion,S33,0,0.2996953391777828,0.5261957396769277,0,3,21,69,4132
first1,catboost_fusion,S33,0,0.20646281961466242,0.5261957396769277,0,3,22,70,4133
first1,catboost_fusion,S33,0,0.3778475909997193,0.5261957396769277,0,3,23,71,4134
first1,catboost_fusion,S33,0,0.3963726379475799,0.5261957396769277,0,3,24,72,4135
first1,catboost_fusion,S33,0,0.23783794731873448,0.5261957396769277,0,4,1,73,4136
first1,catboost_fusion,S33,0,0.260757650730443,0.5261957396769277,0,4,3,75,4137
first1,catboost_fusion,S33,0,0.4128035158031416,0.5261957396769277,0,4,4,76,4138
first1,catboost_fusion,S33,1,0.25897101581796467,0.5261957396769277,0,4,5,77,4139
first1,catboost_fusion,S33,0,0.24414881837565425,0.5261957396769277,0,4,6,78,4140
first1,catboost_fusion,S33,0,0.21648978819351947,0.5261957396769277,0,4,7,79,4141
first1,catboost_fusion,S33,0,0.5508085513993761,0.5261957396769277,1,4,8,80,4142
first1,catboost_fusion,S33,0,0.41180071681297004,0.5261957396769277,0,4,9,81,4143
first1,catboost_fusion,S33,0,0.25092114501116297,0.5261957396769277,0,4,10,82,4144
first1,catboost_fusion,S33,1,0.6445472297870367,0.5261957396769277,1,4,14,86,4145
first1,catboost_fusion,S33,0,0.29219443832176367,0.5261957396769277,0,4,15,87,4146
first1,catboost_fusion,S33,0,0.2931986215806541,0.5261957396769277,0,4,16,88,4147
first1,catboost_fusion,S33,0,0.2518893615954201,0.5261957396769277,0,4,17,89,4148
first1,catboost_fusion,S33,0,0.3752212048357799,0.5261957396769277,0,4,18,90,4149
first1,catboost_fusion,S33,0,0.3385825099903103,0.5261957396769277,0,4,19,91,4150
first1,catboost_fusion,S33,0,0.7618980512681879,0.5261957396769277,1,4,20,92,4151
first1,catboost_fusion,S33,0,0.36045071946944135,0.5261957396769277,0,4,21,93,4152
first1,catboost_fusion,S33,1,0.45442300610361347,0.5261957396769277,0,5,3,99,4153
first1,catboost_fusion,S33,1,0.5038973684651668,0.5261957396769277,0,5,4,100,4154
first1,catboost_fusion,S33,0,0.4457011004539978,0.5261957396769277,0,5,5,101,4155
first1,catboost_fusion,S33,0,0.4431674705323073,0.5261957396769277,0,5,6,102,4156
first1,catboost_fusion,S33,0,0.24936155094817797,0.5261957396769277,0,5,8,104,4157
first1,catboost_fusion,S33,0,0.4377611372712199,0.5261957396769277,0,5,9,105,4158
first1,catboost_fusion,S33,0,0.44715940391366416,0.5261957396769277,0,5,11,107,4159
first1,catboost_fusion,S33,0,0.44020548150667144,0.5261957396769277,0,5,13,109,4160
first1,catboost_fusion,S33,1,0.11302620135905865,0.5261957396769277,0,5,14,110,4161
first1,catboost_fusion,S33,0,0.3232900113515181,0.5261957396769277,0,5,15,111,4162
first1,catboost_fusion,S33,0,0.5380989575163913,0.5261957396769277,1,5,16,112,4163
first1,catboost_fusion,S33,0,0.27182397490629917,0.5261957396769277,0,5,17,113,4164
first1,catboost_fusion,S33,0,0.5342484453365999,0.5261957396769277,1,5,19,115,4165
first1,catboost_fusion,S33,0,0.347798293043181,0.5261957396769277,0,5,20,116,4166
first1,catboost_fusion,S33,0,0.23090654013386744,0.5261957396769277,0,5,22,118,4167
first1,catboost_fusion,S33,0,0.4634336203917117,0.5261957396769277,0,5,23,119,4168
first1,catboost_fusion,S33,0,0.31052757472126785,0.5261957396769277,0,5,24,120,4169
first1,catboost_fusion,S33,1,0.4885110376745409,0.5261957396769277,0,6,1,121,4170
first1,catboost_fusion,S33,0,0.309350382098663,0.5261957396769277,0,6,3,123,4171
first1,catboost_fusion,S33,0,0.5057068539611765,0.5261957396769277,0,6,4,124,4172
first1,catboost_fusion,S33,0,0.18302573784787898,0.5261957396769277,0,6,5,125,4173
first1,catboost_fusion,S33,0,0.31826152991764245,0.5261957396769277,0,6,6,126,4174
first1,catboost_fusion,S33,0,0.38510015090840893,0.5261957396769277,0,6,7,127,4175
first1,catboost_fusion,S33,1,0.6423355427578659,0.5261957396769277,1,6,9,129,4176
first1,catboost_fusion,S33,1,0.6432455005586789,0.5261957396769277,1,6,10,130,4177
first1,catboost_fusion,S33,0,0.3980901565885051,0.5261957396769277,0,6,11,131,4178
first1,catboost_fusion,S33,0,0.5717636818554164,0.5261957396769277,1,6,12,132,4179
first1,catboost_fusion,S33,0,0.3994682425161767,0.5261957396769277,0,6,13,133,4180
first1,catboost_fusion,S33,0,0.28333981869050195,0.5261957396769277,0,6,14,134,4181
first1,catboost_fusion,S33,0,0.3754092760621729,0.5261957396769277,0,6,16,136,4182
first1,catboost_fusion,S33,0,0.30815330955543196,0.5261957396769277,0,6,17,137,4183
first1,catboost_fusion,S33,0,0.36462886502147246,0.5261957396769277,0,6,18,138,4184
first1,catboost_fusion,S33,0,0.22369225274184013,0.5261957396769277,0,6,19,139,4185
first1,catboost_fusion,S33,0,0.4015250843391658,0.5261957396769277,0,6,20,140,4186
first1,catboost_fusion,S33,1,0.3177714419896005,0.5261957396769277,0,6,22,142,4187
first1,catboost_fusion,S33,0,0.3658422530236213,0.5261957396769277,0,6,23,143,4188
first1,catboost_fusion,S33,0,0.2806158344657418,0.5261957396769277,0,6,24,144,4189
first1,catboost_fusion,S34,1,0.23549375122265478,0.5228527694442818,0,1,1,1,4190
first1,catboost_fusion,S34,0,0.585900968464027,0.5228527694442818,1,1,2,2,4191
first1,catboost_fusion,S34,0,0.5050772199537874,0.5228527694442818,0,1,3,3,4192
first1,catboost_fusion,S34,0,0.21169611092735416,0.5228527694442818,0,1,4,4,4193
first1,catboost_fusion,S34,0,0.3771366478130454,0.5228527694442818,0,1,5,5,4194
first1,catboost_fusion,S34,1,0.4445387628707444,0.5228527694442818,0,1,6,6,4195
first1,catboost_fusion,S34,0,0.33084322664388655,0.5228527694442818,0,1,7,7,4196
first1,catboost_fusion,S34,1,0.47828572823942894,0.5228527694442818,0,1,8,8,4197
first1,catboost_fusion,S34,0,0.37294009123835703,0.5228527694442818,0,1,9,9,4198
first1,catboost_fusion,S34,0,0.4154140137268767,0.5228527694442818,0,1,10,10,4199
first1,catboost_fusion,S34,0,0.2598729388743004,0.5228527694442818,0,1,11,11,4200
first1,catboost_fusion,S34,0,0.3257023467248727,0.5228527694442818,0,1,12,12,4201
first1,catboost_fusion,S34,1,0.1685747348068693,0.5228527694442818,0,1,13,13,4202
first1,catboost_fusion,S34,0,0.30938592621032374,0.5228527694442818,0,1,14,14,4203
first1,catboost_fusion,S34,1,0.41677148678374426,0.5228527694442818,0,1,15,15,4204
first1,catboost_fusion,S34,0,0.28798712138742555,0.5228527694442818,0,1,16,16,4205
first1,catboost_fusion,S34,1,0.7001223774920411,0.5228527694442818,1,1,17,17,4206
first1,catboost_fusion,S34,0,0.3166701715452866,0.5228527694442818,0,1,18,18,4207
first1,catboost_fusion,S34,1,0.18888188698515765,0.5228527694442818,0,1,19,19,4208
first1,catboost_fusion,S34,0,0.3566507014959114,0.5228527694442818,0,1,20,20,4209
first1,catboost_fusion,S34,0,0.32315686581019326,0.5228527694442818,0,1,21,21,4210
first1,catboost_fusion,S34,0,0.1692552814955967,0.5228527694442818,0,1,22,22,4211
first1,catboost_fusion,S34,0,0.36852855809321455,0.5228527694442818,0,1,23,23,4212
first1,catboost_fusion,S34,0,0.29594314301558416,0.5228527694442818,0,1,24,24,4213
first1,catboost_fusion,S34,0,0.399770252681074,0.5228527694442818,0,2,3,27,4214
first1,catboost_fusion,S34,0,0.21930938752065435,0.5228527694442818,0,2,4,28,4215
first1,catboost_fusion,S34,0,0.35058170508775427,0.5228527694442818,0,2,5,29,4216
first1,catboost_fusion,S34,0,0.3457142516378288,0.5228527694442818,0,2,6,30,4217
first1,catboost_fusion,S34,0,0.4716077407455813,0.5228527694442818,0,2,7,31,4218
first1,catboost_fusion,S34,0,0.11855734025251721,0.5228527694442818,0,2,8,32,4219
first1,catboost_fusion,S34,0,0.4336803946899912,0.5228527694442818,0,2,9,33,4220
first1,catboost_fusion,S34,0,0.3651071038345597,0.5228527694442818,0,2,10,34,4221
first1,catboost_fusion,S34,0,0.2498904121649902,0.5228527694442818,0,2,11,35,4222
first1,catboost_fusion,S34,0,0.6002945906678357,0.5228527694442818,1,2,12,36,4223
first1,catboost_fusion,S34,0,0.4166128683259106,0.5228527694442818,0,2,13,37,4224
first1,catboost_fusion,S34,0,0.2595685127546018,0.5228527694442818,0,2,14,38,4225
first1,catboost_fusion,S34,0,0.26446286554653564,0.5228527694442818,0,2,15,39,4226
first1,catboost_fusion,S34,0,0.33788203439613124,0.5228527694442818,0,2,16,40,4227
first1,catboost_fusion,S34,0,0.32165059664273393,0.5228527694442818,0,2,17,41,4228
first1,catboost_fusion,S34,0,0.5129013193389391,0.5228527694442818,0,2,18,42,4229
first1,catboost_fusion,S34,0,0.4484981587663216,0.5228527694442818,0,2,19,43,4230
first1,catboost_fusion,S34,0,0.6865675733518507,0.5228527694442818,1,2,20,44,4231
first1,catboost_fusion,S34,0,0.30651870929594077,0.5228527694442818,0,2,21,45,4232
first1,catboost_fusion,S34,0,0.33711629792561176,0.5228527694442818,0,2,22,46,4233
first1,catboost_fusion,S34,0,0.5752031393584883,0.5228527694442818,1,2,23,47,4234
first1,catboost_fusion,S34,0,0.34873982005744036,0.5228527694442818,0,2,24,48,4235
first1,catboost_fusion,S34,1,0.3308631184541431,0.5228527694442818,0,3,2,50,4236
first1,catboost_fusion,S34,0,0.3659703570230573,0.5228527694442818,0,3,3,51,4237
first1,catboost_fusion,S34,0,0.4024071664281689,0.5228527694442818,0,3,4,52,4238
first1,catboost_fusion,S34,0,0.22868879778241014,0.5228527694442818,0,3,5,53,4239
first1,catboost_fusion,S34,0,0.4103797698163571,0.5228527694442818,0,3,6,54,4240
first1,catboost_fusion,S34,0,0.29007770590332527,0.5228527694442818,0,3,7,55,4241
first1,catboost_fusion,S34,1,0.30592353843476267,0.5228527694442818,0,3,8,56,4242
first1,catboost_fusion,S34,0,0.3906218145647179,0.5228527694442818,0,3,9,57,4243
first1,catboost_fusion,S34,0,0.1806585779463878,0.5228527694442818,0,3,10,58,4244
first1,catboost_fusion,S34,0,0.22735832577312384,0.5228527694442818,0,3,11,59,4245
first1,catboost_fusion,S34,0,0.2673620225114633,0.5228527694442818,0,3,12,60,4246
first1,catboost_fusion,S34,1,0.32552668361805076,0.5228527694442818,0,3,13,61,4247
first1,catboost_fusion,S34,0,0.3156759316535794,0.5228527694442818,0,3,14,62,4248
first1,catboost_fusion,S34,0,0.3627396999938276,0.5228527694442818,0,3,15,63,4249
first1,catboost_fusion,S34,0,0.46040186343340905,0.5228527694442818,0,3,16,64,4250
first1,catboost_fusion,S34,0,0.4294636879548034,0.5228527694442818,0,3,17,65,4251
first1,catboost_fusion,S34,0,0.3398186987377542,0.5228527694442818,0,3,18,66,4252
first1,catboost_fusion,S34,0,0.402370211874981,0.5228527694442818,0,3,19,67,4253
first1,catboost_fusion,S34,0,0.3324815056097343,0.5228527694442818,0,3,20,68,4254
first1,catboost_fusion,S34,0,0.7517549690868207,0.5228527694442818,1,3,21,69,4255
first1,catboost_fusion,S34,0,0.4850613145073662,0.5228527694442818,0,3,22,70,4256
first1,catboost_fusion,S34,1,0.24735804984131973,0.5228527694442818,0,3,23,71,4257
first1,catboost_fusion,S34,1,0.2253532155269,0.5228527694442818,0,3,24,72,4258
first1,catboost_fusion,S34,0,0.4811728160999037,0.5228527694442818,0,4,1,73,4259
first1,catboost_fusion,S34,0,0.4231830126394506,0.5228527694442818,0,4,3,75,4260
first1,catboost_fusion,S34,0,0.29222296888052696,0.5228527694442818,0,4,4,76,4261
first1,catboost_fusion,S34,0,0.4207260139240234,0.5228527694442818,0,4,5,77,4262
first1,catboost_fusion,S34,0,0.39888746753812826,0.5228527694442818,0,4,6,78,4263
first1,catboost_fusion,S34,0,0.33196204667537477,0.5228527694442818,0,4,7,79,4264
first1,catboost_fusion,S34,0,0.2736125306004213,0.5228527694442818,0,4,8,80,4265
first1,catboost_fusion,S34,1,0.23866115738737884,0.5228527694442818,0,4,9,81,4266
first1,catboost_fusion,S34,0,0.36950917548234025,0.5228527694442818,0,4,10,82,4267
first1,catboost_fusion,S34,0,0.22349639027202253,0.5228527694442818,0,4,11,83,4268
first1,catboost_fusion,S34,0,0.2762380756251929,0.5228527694442818,0,4,12,84,4269
first1,catboost_fusion,S34,0,0.16294975432661107,0.5228527694442818,0,4,13,85,4270
first1,catboost_fusion,S34,0,0.2672930510995774,0.5228527694442818,0,4,14,86,4271
first1,catboost_fusion,S34,0,0.3924749625082447,0.5228527694442818,0,4,15,87,4272
first1,catboost_fusion,S34,0,0.26459875151787815,0.5228527694442818,0,4,16,88,4273
first1,catboost_fusion,S34,1,0.40906940699241484,0.5228527694442818,0,4,17,89,4274
first1,catboost_fusion,S34,0,0.17922332164259688,0.5228527694442818,0,4,18,90,4275
first1,catboost_fusion,S34,1,0.3531884347438266,0.5228527694442818,0,4,19,91,4276
first1,catboost_fusion,S34,0,0.3813594073043274,0.5228527694442818,0,4,20,92,4277
first1,catboost_fusion,S34,0,0.3439000469543827,0.5228527694442818,0,4,21,93,4278
first1,catboost_fusion,S34,0,0.27911331374052956,0.5228527694442818,0,4,22,94,4279
first1,catboost_fusion,S34,1,0.5064804487081606,0.5228527694442818,0,4,23,95,4280
first1,catboost_fusion,S34,1,0.3281975368751298,0.5228527694442818,0,4,24,96,4281
first1,catboost_fusion,S34,0,0.4356613612770808,0.5228527694442818,0,5,2,98,4282
first1,catboost_fusion,S34,0,0.33894318196559275,0.5228527694442818,0,5,3,99,4283
first1,catboost_fusion,S34,0,0.29058873948166875,0.5228527694442818,0,5,4,100,4284
first1,catboost_fusion,S34,0,0.2905794820496308,0.5228527694442818,0,5,5,101,4285
first1,catboost_fusion,S34,0,0.32799420654680467,0.5228527694442818,0,5,6,102,4286
first1,catboost_fusion,S34,1,0.32441729212949605,0.5228527694442818,0,5,7,103,4287
first1,catboost_fusion,S34,0,0.40792997980297524,0.5228527694442818,0,5,8,104,4288
first1,catboost_fusion,S34,0,0.4406556544146454,0.5228527694442818,0,5,9,105,4289
first1,catboost_fusion,S34,0,0.4880915888928574,0.5228527694442818,0,5,10,106,4290
first1,catboost_fusion,S34,0,0.3880395522050793,0.5228527694442818,0,5,11,107,4291
first1,catboost_fusion,S34,0,0.2990893625475424,0.5228527694442818,0,5,12,108,4292
first1,catboost_fusion,S34,0,0.3867233671559353,0.5228527694442818,0,5,13,109,4293
first1,catboost_fusion,S34,0,0.34422190037717393,0.5228527694442818,0,5,14,110,4294
first1,catboost_fusion,S34,0,0.3901467737218577,0.5228527694442818,0,5,15,111,4295
first1,catboost_fusion,S34,0,0.332822092332272,0.5228527694442818,0,5,16,112,4296
first1,catboost_fusion,S34,0,0.1838541142896837,0.5228527694442818,0,5,17,113,4297
first1,catboost_fusion,S34,0,0.36346648046905317,0.5228527694442818,0,5,18,114,4298
first1,catboost_fusion,S34,0,0.32452404022421333,0.5228527694442818,0,5,19,115,4299
first1,catboost_fusion,S34,0,0.2047690358863777,0.5228527694442818,0,5,20,116,4300
first1,catboost_fusion,S34,0,0.23895292363587228,0.5228527694442818,0,5,21,117,4301
first1,catboost_fusion,S34,0,0.1862320027637797,0.5228527694442818,0,5,22,118,4302
first1,catboost_fusion,S34,0,0.2248799684529928,0.5228527694442818,0,5,23,119,4303
first1,catboost_fusion,S34,0,0.2770885432620671,0.5228527694442818,0,5,24,120,4304
first1,catboost_fusion,S34,0,0.152798068318066,0.5228527694442818,0,6,2,122,4305
first1,catboost_fusion,S34,0,0.36286048285448286,0.5228527694442818,0,6,3,123,4306
first1,catboost_fusion,S34,0,0.33442727210576256,0.5228527694442818,0,6,4,124,4307
first1,catboost_fusion,S34,0,0.35218069609100067,0.5228527694442818,0,6,5,125,4308
first1,catboost_fusion,S34,0,0.5401857400270431,0.5228527694442818,1,6,6,126,4309
first1,catboost_fusion,S34,1,0.3097378822671371,0.5228527694442818,0,6,7,127,4310
first1,catboost_fusion,S34,0,0.3871087643064709,0.5228527694442818,0,6,8,128,4311
first1,catboost_fusion,S34,1,0.4296879187954128,0.5228527694442818,0,6,9,129,4312
first1,catboost_fusion,S34,1,0.27856976480203044,0.5228527694442818,0,6,10,130,4313
first1,catboost_fusion,S34,0,0.3682859839888308,0.5228527694442818,0,6,11,131,4314
first1,catboost_fusion,S34,0,0.22506735925756313,0.5228527694442818,0,6,12,132,4315
first1,catboost_fusion,S34,0,0.3561549885910413,0.5228527694442818,0,6,13,133,4316
first1,catboost_fusion,S34,0,0.27435013233957695,0.5228527694442818,0,6,14,134,4317
first1,catboost_fusion,S34,0,0.6118353306251372,0.5228527694442818,1,6,15,135,4318
first1,catboost_fusion,S34,0,0.4704329123262934,0.5228527694442818,0,6,16,136,4319
first1,catboost_fusion,S34,0,0.38040521685727646,0.5228527694442818,0,6,17,137,4320
first1,catboost_fusion,S34,0,0.3916431642655069,0.5228527694442818,0,6,18,138,4321
first1,catboost_fusion,S34,0,0.3529004056034755,0.5228527694442818,0,6,19,139,4322
first1,catboost_fusion,S34,0,0.3221611930707784,0.5228527694442818,0,6,20,140,4323
first1,catboost_fusion,S34,0,0.335895631277265,0.5228527694442818,0,6,21,141,4324
first1,catboost_fusion,S34,0,0.3088452655864133,0.5228527694442818,0,6,22,142,4325
first1,catboost_fusion,S34,0,0.4372823637542796,0.5228527694442818,0,6,23,143,4326
first1,catboost_fusion,S34,1,0.2800847455171406,0.5228527694442818,0,6,24,144,4327
first1,catboost_fusion,S35,0,0.7471978141736053,0.5143623257938533,1,1,1,1,4328
first1,catboost_fusion,S35,0,0.44224513673909366,0.5143623257938533,0,1,2,2,4329
first1,catboost_fusion,S35,0,0.19550958540263202,0.5143623257938533,0,1,3,3,4330
first1,catboost_fusion,S35,0,0.10239267179629262,0.5143623257938533,0,1,4,4,4331
first1,catboost_fusion,S35,0,0.3009796220693047,0.5143623257938533,0,1,5,5,4332
first1,catboost_fusion,S35,0,0.2894951668829282,0.5143623257938533,0,1,6,6,4333
first1,catboost_fusion,S35,0,0.32432544475686775,0.5143623257938533,0,1,7,7,4334
first1,catboost_fusion,S35,0,0.4834818868783395,0.5143623257938533,0,1,8,8,4335
first1,catboost_fusion,S35,0,0.34939098188585743,0.5143623257938533,0,1,9,9,4336
first1,catboost_fusion,S35,0,0.5321017483037632,0.5143623257938533,1,1,10,10,4337
first1,catboost_fusion,S35,0,0.28239186879105754,0.5143623257938533,0,1,11,11,4338
first1,catboost_fusion,S35,0,0.26157015956522667,0.5143623257938533,0,1,12,12,4339
first1,catboost_fusion,S35,0,0.3753242714430426,0.5143623257938533,0,1,13,13,4340
first1,catboost_fusion,S35,0,0.250404230819688,0.5143623257938533,0,1,14,14,4341
first1,catboost_fusion,S35,0,0.46065838257332287,0.5143623257938533,0,1,15,15,4342
first1,catboost_fusion,S35,0,0.26562875156991733,0.5143623257938533,0,1,16,16,4343
first1,catboost_fusion,S35,0,0.250970640239209,0.5143623257938533,0,1,17,17,4344
first1,catboost_fusion,S35,0,0.1806394180991889,0.5143623257938533,0,1,18,18,4345
first1,catboost_fusion,S35,0,0.2618115616078783,0.5143623257938533,0,1,19,19,4346
first1,catboost_fusion,S35,1,0.6429309499988483,0.5143623257938533,1,1,20,20,4347
first1,catboost_fusion,S35,0,0.2966980433271002,0.5143623257938533,0,1,21,21,4348
first1,catboost_fusion,S35,0,0.27939174860601024,0.5143623257938533,0,1,22,22,4349
first1,catboost_fusion,S35,0,0.2849209320628989,0.5143623257938533,0,1,23,23,4350
first1,catboost_fusion,S35,0,0.18190743815900262,0.5143623257938533,0,1,24,24,4351
first1,catboost_fusion,S35,1,0.7317201268118226,0.5143623257938533,1,2,1,25,4352
first1,catboost_fusion,S35,0,0.2554009673215739,0.5143623257938533,0,2,2,26,4353
first1,catboost_fusion,S35,0,0.42264995003164924,0.5143623257938533,0,2,3,27,4354
first1,catboost_fusion,S35,0,0.25657967612063587,0.5143623257938533,0,2,4,28,4355
first1,catboost_fusion,S35,0,0.3721134814217229,0.5143623257938533,0,2,5,29,4356
first1,catboost_fusion,S35,0,0.4562607046113368,0.5143623257938533,0,2,6,30,4357
first1,catboost_fusion,S35,0,0.47140489950312986,0.5143623257938533,0,2,7,31,4358
first1,catboost_fusion,S35,0,0.37751429268850123,0.5143623257938533,0,2,8,32,4359
first1,catboost_fusion,S35,0,0.5474240400372865,0.5143623257938533,1,2,9,33,4360
first1,catboost_fusion,S35,1,0.27609408435255534,0.5143623257938533,0,2,10,34,4361
first1,catboost_fusion,S35,0,0.21530036968894664,0.5143623257938533,0,2,11,35,4362
first1,catboost_fusion,S35,0,0.1333508628780537,0.5143623257938533,0,2,12,36,4363
first1,catboost_fusion,S35,0,0.6869181552610996,0.5143623257938533,1,2,13,37,4364
first1,catboost_fusion,S35,0,0.46868081508816534,0.5143623257938533,0,2,14,38,4365
first1,catboost_fusion,S35,0,0.3984186053224168,0.5143623257938533,0,2,15,39,4366
first1,catboost_fusion,S35,0,0.528310438578376,0.5143623257938533,1,2,16,40,4367
first1,catboost_fusion,S35,0,0.5492629299285499,0.5143623257938533,1,2,17,41,4368
first1,catboost_fusion,S35,0,0.7750693729615357,0.5143623257938533,1,2,18,42,4369
first1,catboost_fusion,S35,0,0.28501074556394196,0.5143623257938533,0,2,19,43,4370
first1,catboost_fusion,S35,0,0.4491582384861804,0.5143623257938533,0,2,20,44,4371
first1,catboost_fusion,S35,0,0.23732948173299823,0.5143623257938533,0,2,21,45,4372
first1,catboost_fusion,S35,0,0.30321099657692413,0.5143623257938533,0,2,22,46,4373
first1,catboost_fusion,S35,0,0.17886997349268316,0.5143623257938533,0,2,23,47,4374
first1,catboost_fusion,S35,0,0.5808315649423349,0.5143623257938533,1,2,24,48,4375
first1,catboost_fusion,S35,0,0.29329771951804495,0.5143623257938533,0,3,1,49,4376
first1,catboost_fusion,S35,0,0.2869432975277318,0.5143623257938533,0,3,2,50,4377
first1,catboost_fusion,S35,0,0.17485810409320904,0.5143623257938533,0,3,3,51,4378
first1,catboost_fusion,S35,1,0.5992662404256212,0.5143623257938533,1,3,4,52,4379
first1,catboost_fusion,S35,0,0.22460371500375956,0.5143623257938533,0,3,5,53,4380
first1,catboost_fusion,S35,0,0.3238666093322888,0.5143623257938533,0,3,6,54,4381
first1,catboost_fusion,S35,0,0.2741835323763709,0.5143623257938533,0,3,7,55,4382
first1,catboost_fusion,S35,1,0.22578823608383106,0.5143623257938533,0,3,8,56,4383
first1,catboost_fusion,S35,0,0.2686382977677987,0.5143623257938533,0,3,9,57,4384
first1,catboost_fusion,S35,0,0.29485397401024166,0.5143623257938533,0,3,10,58,4385
first1,catboost_fusion,S35,0,0.2022579485072393,0.5143623257938533,0,3,11,59,4386
first1,catboost_fusion,S35,0,0.4313106120915199,0.5143623257938533,0,3,12,60,4387
first1,catboost_fusion,S35,0,0.18387567829775858,0.5143623257938533,0,3,13,61,4388
first1,catboost_fusion,S35,0,0.19754419248696756,0.5143623257938533,0,3,14,62,4389
first1,catboost_fusion,S35,0,0.6115692181078983,0.5143623257938533,1,3,15,63,4390
first1,catboost_fusion,S35,0,0.25011527220829044,0.5143623257938533,0,3,16,64,4391
first1,catboost_fusion,S35,0,0.2888296542164269,0.5143623257938533,0,3,17,65,4392
first1,catboost_fusion,S35,0,0.2545562277351132,0.5143623257938533,0,3,18,66,4393
first1,catboost_fusion,S35,0,0.35325151984481096,0.5143623257938533,0,3,19,67,4394
first1,catboost_fusion,S35,0,0.3727522614727691,0.5143623257938533,0,3,20,68,4395
first1,catboost_fusion,S35,1,0.7206590680666328,0.5143623257938533,1,3,21,69,4396
first1,catboost_fusion,S35,1,0.1867515072641005,0.5143623257938533,0,3,22,70,4397
first1,catboost_fusion,S35,0,0.09611620008786363,0.5143623257938533,0,3,23,71,4398
first1,catboost_fusion,S35,0,0.278587528122918,0.5143623257938533,0,3,24,72,4399
first1,catboost_fusion,S35,0,0.46321917313709665,0.5143623257938533,0,4,1,73,4400
first1,catboost_fusion,S35,0,0.1405880165598973,0.5143623257938533,0,4,2,74,4401
first1,catboost_fusion,S35,0,0.10166858914076178,0.5143623257938533,0,4,3,75,4402
first1,catboost_fusion,S35,0,0.09350759277071356,0.5143623257938533,0,4,4,76,4403
first1,catboost_fusion,S35,0,0.5489389568414246,0.5143623257938533,1,4,5,77,4404
first1,catboost_fusion,S35,0,0.36685866050720495,0.5143623257938533,0,4,6,78,4405
first1,catboost_fusion,S35,0,0.24412259634943526,0.5143623257938533,0,4,7,79,4406
first1,catboost_fusion,S35,0,0.4616125850444958,0.5143623257938533,0,4,8,80,4407
first1,catboost_fusion,S35,0,0.3479996155582303,0.5143623257938533,0,4,9,81,4408
first1,catboost_fusion,S35,0,0.6802299006048969,0.5143623257938533,1,4,10,82,4409
first1,catboost_fusion,S35,0,0.5018701710572172,0.5143623257938533,0,4,11,83,4410
first1,catboost_fusion,S35,0,0.32545063590839457,0.5143623257938533,0,4,12,84,4411
first1,catboost_fusion,S35,1,0.7937015477338756,0.5143623257938533,1,4,13,85,4412
first1,catboost_fusion,S35,0,0.1922489368364785,0.5143623257938533,0,4,14,86,4413
first1,catboost_fusion,S35,0,0.2216787083617673,0.5143623257938533,0,4,15,87,4414
first1,catboost_fusion,S35,0,0.21850253163389596,0.5143623257938533,0,4,16,88,4415
first1,catboost_fusion,S35,1,0.2509426296105402,0.5143623257938533,0,4,17,89,4416
first1,catboost_fusion,S35,0,0.2956713309339673,0.5143623257938533,0,4,18,90,4417
first1,catboost_fusion,S35,0,0.39796350679981607,0.5143623257938533,0,4,19,91,4418
first1,catboost_fusion,S35,0,0.3874370795747057,0.5143623257938533,0,4,20,92,4419
first1,catboost_fusion,S35,0,0.41211277714511246,0.5143623257938533,0,4,21,93,4420
first1,catboost_fusion,S35,0,0.2862834251284952,0.5143623257938533,0,4,22,94,4421
first1,catboost_fusion,S35,0,0.36347676334297535,0.5143623257938533,0,4,23,95,4422
first1,catboost_fusion,S35,0,0.28636767276560265,0.5143623257938533,0,4,24,96,4423
first1,catboost_fusion,S35,1,0.5549928034420979,0.5143623257938533,1,5,1,97,4424
first1,catboost_fusion,S35,0,0.3579528921983877,0.5143623257938533,0,5,2,98,4425
first1,catboost_fusion,S35,0,0.5424976498935729,0.5143623257938533,1,5,3,99,4426
first1,catboost_fusion,S35,0,0.3129013618117621,0.5143623257938533,0,5,4,100,4427
first1,catboost_fusion,S35,0,0.42176565635545243,0.5143623257938533,0,5,5,101,4428
first1,catboost_fusion,S35,0,0.631616175015776,0.5143623257938533,1,5,6,102,4429
first1,catboost_fusion,S35,0,0.5010321848947796,0.5143623257938533,0,5,7,103,4430
first1,catboost_fusion,S35,0,0.4420996360239945,0.5143623257938533,0,5,8,104,4431
first1,catboost_fusion,S35,0,0.35633698853820267,0.5143623257938533,0,5,9,105,4432
first1,catboost_fusion,S35,0,0.5148919270129085,0.5143623257938533,1,5,10,106,4433
first1,catboost_fusion,S35,0,0.29401489521580904,0.5143623257938533,0,5,11,107,4434
first1,catboost_fusion,S35,1,0.32250704057135493,0.5143623257938533,0,5,12,108,4435
first1,catboost_fusion,S35,0,0.46619487666725934,0.5143623257938533,0,5,13,109,4436
first1,catboost_fusion,S35,0,0.2450500586937086,0.5143623257938533,0,5,14,110,4437
first1,catboost_fusion,S35,0,0.5001834470084073,0.5143623257938533,0,5,15,111,4438
first1,catboost_fusion,S35,0,0.35046936012672864,0.5143623257938533,0,5,16,112,4439
first1,catboost_fusion,S35,0,0.7849461989330679,0.5143623257938533,1,5,17,113,4440
first1,catboost_fusion,S35,0,0.28924077667806586,0.5143623257938533,0,5,18,114,4441
first1,catboost_fusion,S35,1,0.4026126517369495,0.5143623257938533,0,5,19,115,4442
first1,catboost_fusion,S35,0,0.36797103662370445,0.5143623257938533,0,5,20,116,4443
first1,catboost_fusion,S35,0,0.25049035236156586,0.5143623257938533,0,5,21,117,4444
first1,catboost_fusion,S35,0,0.3082172780833009,0.5143623257938533,0,5,22,118,4445
first1,catboost_fusion,S35,0,0.3220475347057774,0.5143623257938533,0,5,23,119,4446
first1,catboost_fusion,S35,1,0.784809515829872,0.5143623257938533,1,5,24,120,4447
first1,catboost_fusion,S35,1,0.3581858125922985,0.5143623257938533,0,6,1,121,4448
first1,catboost_fusion,S35,1,0.3500976407219674,0.5143623257938533,0,6,2,122,4449
first1,catboost_fusion,S35,0,0.3059390166746798,0.5143623257938533,0,6,3,123,4450
first1,catboost_fusion,S35,0,0.15730906073103637,0.5143623257938533,0,6,4,124,4451
first1,catboost_fusion,S35,0,0.0875946511318829,0.5143623257938533,0,6,5,125,4452
first1,catboost_fusion,S35,0,0.21567166018758763,0.5143623257938533,0,6,6,126,4453
first1,catboost_fusion,S35,0,0.11206761803853375,0.5143623257938533,0,6,7,127,4454
first1,catboost_fusion,S35,0,0.17798293173313753,0.5143623257938533,0,6,8,128,4455
first1,catboost_fusion,S35,0,0.16080621393411706,0.5143623257938533,0,6,9,129,4456
first1,catboost_fusion,S35,0,0.06846190579128326,0.5143623257938533,0,6,10,130,4457
first1,catboost_fusion,S35,0,0.3095025071965665,0.5143623257938533,0,6,11,131,4458
first1,catboost_fusion,S35,0,0.2056248698796236,0.5143623257938533,0,6,12,132,4459
first1,catboost_fusion,S35,0,0.2467344814650412,0.5143623257938533,0,6,13,133,4460
first1,catboost_fusion,S35,0,0.03944074782417718,0.5143623257938533,0,6,14,134,4461
first1,catboost_fusion,S35,0,0.41593135009356885,0.5143623257938533,0,6,15,135,4462
first1,catboost_fusion,S35,0,0.24180548705223381,0.5143623257938533,0,6,16,136,4463
first1,catboost_fusion,S35,1,0.3371871407554956,0.5143623257938533,0,6,17,137,4464
first1,catboost_fusion,S35,1,0.2183555426391639,0.5143623257938533,0,6,18,138,4465
first1,catboost_fusion,S35,0,0.29261968518004655,0.5143623257938533,0,6,19,139,4466
first1,catboost_fusion,S35,0,0.35008649652755297,0.5143623257938533,0,6,20,140,4467
first1,catboost_fusion,S35,0,0.29276629235392154,0.5143623257938533,0,6,21,141,4468
first1,catboost_fusion,S35,0,0.16154412022727468,0.5143623257938533,0,6,22,142,4469
first1,catboost_fusion,S35,0,0.18878339486228812,0.5143623257938533,0,6,23,143,4470
first1,catboost_fusion,S35,0,0.4366906037081408,0.5143623257938533,0,6,24,144,4471
first1,catboost_fusion,S36,0,0.2939071593146648,0.5508642435651473,0,1,1,1,4472
first1,catboost_fusion,S36,0,0.28170410161197035,0.5508642435651473,0,1,2,2,4473
first1,catboost_fusion,S36,0,0.2531933342766236,0.5508642435651473,0,1,3,3,4474
first1,catboost_fusion,S36,0,0.22090508325878408,0.5508642435651473,0,1,4,4,4475
first1,catboost_fusion,S36,1,0.19649169976820777,0.5508642435651473,0,1,5,5,4476
first1,catboost_fusion,S36,0,0.18822807049554008,0.5508642435651473,0,1,6,6,4477
first1,catboost_fusion,S36,0,0.389365209860965,0.5508642435651473,0,1,7,7,4478
first1,catboost_fusion,S36,0,0.334279587356177,0.5508642435651473,0,1,8,8,4479
first1,catboost_fusion,S36,0,0.16952469128756256,0.5508642435651473,0,1,9,9,4480
first1,catboost_fusion,S36,0,0.12961887289245513,0.5508642435651473,0,1,10,10,4481
first1,catboost_fusion,S36,0,0.0803855596367061,0.5508642435651473,0,1,11,11,4482
first1,catboost_fusion,S36,0,0.1765365939969975,0.5508642435651473,0,1,12,12,4483
first1,catboost_fusion,S36,1,0.22000324384321784,0.5508642435651473,0,1,13,13,4484
first1,catboost_fusion,S36,0,0.45620141461642916,0.5508642435651473,0,1,14,14,4485
first1,catboost_fusion,S36,0,0.3355658471516657,0.5508642435651473,0,1,15,15,4486
first1,catboost_fusion,S36,0,0.24509041731853098,0.5508642435651473,0,1,16,16,4487
first1,catboost_fusion,S36,0,0.19176634349315344,0.5508642435651473,0,1,17,17,4488
first1,catboost_fusion,S36,0,0.26081258884819775,0.5508642435651473,0,1,18,18,4489
first1,catboost_fusion,S36,0,0.10876216889251747,0.5508642435651473,0,1,19,19,4490
first1,catboost_fusion,S36,0,0.11236084728149662,0.5508642435651473,0,1,20,20,4491
first1,catboost_fusion,S36,0,0.12860670733801485,0.5508642435651473,0,1,21,21,4492
first1,catboost_fusion,S36,0,0.4384068670278935,0.5508642435651473,0,1,22,22,4493
first1,catboost_fusion,S36,0,0.27001732580369275,0.5508642435651473,0,1,23,23,4494
first1,catboost_fusion,S36,0,0.1825785690240508,0.5508642435651473,0,1,24,24,4495
first1,catboost_fusion,S36,0,0.2363214704818973,0.5508642435651473,0,2,1,25,4496
first1,catboost_fusion,S36,0,0.258929364126289,0.5508642435651473,0,2,2,26,4497
first1,catboost_fusion,S36,0,0.17543139127427768,0.5508642435651473,0,2,3,27,4498
first1,catboost_fusion,S36,0,0.24414706160196087,0.5508642435651473,0,2,4,28,4499
first1,catboost_fusion,S36,0,0.2837641872530771,0.5508642435651473,0,2,5,29,4500
first1,catboost_fusion,S36,0,0.2816412741121374,0.5508642435651473,0,2,6,30,4501
first1,catboost_fusion,S36,0,0.09100646618360411,0.5508642435651473,0,2,7,31,4502
first1,catboost_fusion,S36,0,0.2544381877841791,0.5508642435651473,0,2,9,33,4503
first1,catboost_fusion,S36,0,0.10581507343869413,0.5508642435651473,0,2,10,34,4504
first1,catboost_fusion,S36,0,0.10010732020873446,0.5508642435651473,0,2,11,35,4505
first1,catboost_fusion,S36,0,0.13986836013484774,0.5508642435651473,0,2,12,36,4506
first1,catboost_fusion,S36,0,0.27450157059468144,0.5508642435651473,0,2,13,37,4507
first1,catboost_fusion,S36,0,0.12877097380342714,0.5508642435651473,0,2,14,38,4508
first1,catboost_fusion,S36,0,0.16143149379340646,0.5508642435651473,0,2,15,39,4509
first1,catboost_fusion,S36,0,0.12841588204782964,0.5508642435651473,0,2,16,40,4510
first1,catboost_fusion,S36,1,0.15618728715158164,0.5508642435651473,0,2,17,41,4511
first1,catboost_fusion,S36,0,0.22280607142179373,0.5508642435651473,0,2,18,42,4512
first1,catboost_fusion,S36,1,0.4528734633520668,0.5508642435651473,0,2,19,43,4513
first1,catboost_fusion,S36,0,0.48152491584589796,0.5508642435651473,0,2,20,44,4514
first1,catboost_fusion,S36,0,0.15857083416623524,0.5508642435651473,0,2,21,45,4515
first1,catboost_fusion,S36,0,0.20253809485929838,0.5508642435651473,0,2,22,46,4516
first1,catboost_fusion,S36,0,0.20544514236174208,0.5508642435651473,0,2,23,47,4517
first1,catboost_fusion,S36,0,0.34866389415268395,0.5508642435651473,0,2,24,48,4518
first1,catboost_fusion,S36,0,0.10398869079100509,0.5508642435651473,0,3,1,49,4519
first1,catboost_fusion,S36,0,0.10330917150700525,0.5508642435651473,0,3,2,50,4520
first1,catboost_fusion,S36,1,0.11913964379598026,0.5508642435651473,0,3,3,51,4521
first1,catboost_fusion,S36,0,0.19002691258202367,0.5508642435651473,0,3,4,52,4522
first1,catboost_fusion,S36,0,0.2471450171319622,0.5508642435651473,0,3,5,53,4523
first1,catboost_fusion,S36,0,0.06248222063226015,0.5508642435651473,0,3,6,54,4524
first1,catboost_fusion,S36,0,0.24671018925331673,0.5508642435651473,0,3,7,55,4525
first1,catboost_fusion,S36,0,0.08278699972841622,0.5508642435651473,0,3,8,56,4526
first1,catboost_fusion,S36,0,0.13727885042841453,0.5508642435651473,0,3,9,57,4527
first1,catboost_fusion,S36,1,0.13364055871370495,0.5508642435651473,0,3,10,58,4528
first1,catboost_fusion,S36,0,0.14625474816491332,0.5508642435651473,0,3,11,59,4529
first1,catboost_fusion,S36,0,0.11811031267260605,0.5508642435651473,0,3,12,60,4530
first1,catboost_fusion,S36,0,0.060121657321639675,0.5508642435651473,0,3,13,61,4531
first1,catboost_fusion,S36,0,0.12506453707505333,0.5508642435651473,0,3,14,62,4532
first1,catboost_fusion,S36,0,0.2014670975812458,0.5508642435651473,0,3,15,63,4533
first1,catboost_fusion,S36,0,0.1510489740771789,0.5508642435651473,0,3,16,64,4534
first1,catboost_fusion,S36,0,0.29553736483843335,0.5508642435651473,0,3,17,65,4535
first1,catboost_fusion,S36,0,0.4255976652322605,0.5508642435651473,0,3,18,66,4536
first1,catboost_fusion,S36,1,0.07113744552853864,0.5508642435651473,0,3,19,67,4537
first1,catboost_fusion,S36,0,0.09418862227386372,0.5508642435651473,0,3,20,68,4538
first1,catboost_fusion,S36,0,0.3161289775404971,0.5508642435651473,0,3,21,69,4539
first1,catboost_fusion,S36,0,0.1344754169750556,0.5508642435651473,0,3,22,70,4540
first1,catboost_fusion,S36,0,0.1089928529618601,0.5508642435651473,0,3,23,71,4541
first1,catboost_fusion,S36,0,0.19706020338533284,0.5508642435651473,0,3,24,72,4542
first1,catboost_fusion,S36,0,0.1858668354774706,0.5508642435651473,0,4,1,73,4543
first1,catboost_fusion,S36,0,0.06922586813432843,0.5508642435651473,0,4,2,74,4544
first1,catboost_fusion,S36,0,0.14585118505519878,0.5508642435651473,0,4,3,75,4545
first1,catboost_fusion,S36,0,0.186729174782019,0.5508642435651473,0,4,4,76,4546
first1,catboost_fusion,S36,0,0.1447916214891151,0.5508642435651473,0,4,5,77,4547
first1,catboost_fusion,S36,0,0.10855811659822578,0.5508642435651473,0,4,6,78,4548
first1,catboost_fusion,S36,0,0.16498678507381673,0.5508642435651473,0,4,8,80,4549
first1,catboost_fusion,S36,1,0.2205288945268746,0.5508642435651473,0,4,9,81,4550
first1,catboost_fusion,S36,0,0.06997537732248693,0.5508642435651473,0,4,10,82,4551
first1,catboost_fusion,S36,0,0.18725704673790025,0.5508642435651473,0,4,11,83,4552
first1,catboost_fusion,S36,0,0.1584954861337025,0.5508642435651473,0,4,12,84,4553
first1,catboost_fusion,S36,0,0.25271856316894886,0.5508642435651473,0,4,13,85,4554
first1,catboost_fusion,S36,0,0.09821372658638299,0.5508642435651473,0,4,14,86,4555
first1,catboost_fusion,S36,0,0.05192665741215207,0.5508642435651473,0,4,15,87,4556
first1,catboost_fusion,S36,1,0.13901330274741153,0.5508642435651473,0,4,16,88,4557
first1,catboost_fusion,S36,0,0.07217100010821324,0.5508642435651473,0,4,17,89,4558
first1,catboost_fusion,S36,0,0.10626043881632266,0.5508642435651473,0,4,18,90,4559
first1,catboost_fusion,S36,0,0.1691013721326225,0.5508642435651473,0,4,19,91,4560
first1,catboost_fusion,S36,0,0.12085975356156653,0.5508642435651473,0,4,20,92,4561
first1,catboost_fusion,S36,0,0.12414036227618301,0.5508642435651473,0,4,21,93,4562
first1,catboost_fusion,S36,0,0.1997176871128042,0.5508642435651473,0,4,22,94,4563
first1,catboost_fusion,S36,0,0.2313775576836793,0.5508642435651473,0,4,23,95,4564
first1,catboost_fusion,S36,0,0.21546899628473234,0.5508642435651473,0,4,24,96,4565
first1,catboost_fusion,S36,0,0.16825807312440974,0.5508642435651473,0,5,1,97,4566
first1,catboost_fusion,S36,0,0.21809348779983947,0.5508642435651473,0,5,2,98,4567
first1,catboost_fusion,S36,1,0.30333140908530454,0.5508642435651473,0,5,3,99,4568
first1,catboost_fusion,S36,0,0.2355872076533726,0.5508642435651473,0,5,4,100,4569
first1,catboost_fusion,S36,0,0.21551529382729634,0.5508642435651473,0,5,5,101,4570
first1,catboost_fusion,S36,0,0.1935589350003884,0.5508642435651473,0,5,6,102,4571
first1,catboost_fusion,S36,1,0.3059191660733755,0.5508642435651473,0,5,7,103,4572
first1,catboost_fusion,S36,0,0.11886535236581781,0.5508642435651473,0,5,8,104,4573
first1,catboost_fusion,S36,0,0.25150302829095195,0.5508642435651473,0,5,9,105,4574
first1,catboost_fusion,S36,0,0.37772428287107584,0.5508642435651473,0,5,10,106,4575
first1,catboost_fusion,S36,0,0.32247075601772984,0.5508642435651473,0,5,12,108,4576
first1,catboost_fusion,S36,0,0.5655087743885184,0.5508642435651473,1,5,13,109,4577
first1,catboost_fusion,S36,0,0.2415065796290746,0.5508642435651473,0,5,14,110,4578
first1,catboost_fusion,S36,0,0.2584276693820117,0.5508642435651473,0,5,15,111,4579
first1,catboost_fusion,S36,0,0.11359141404059063,0.5508642435651473,0,5,16,112,4580
first1,catboost_fusion,S36,0,0.2772317838286265,0.5508642435651473,0,5,17,113,4581
first1,catboost_fusion,S36,0,0.31124285452193357,0.5508642435651473,0,5,18,114,4582
first1,catboost_fusion,S36,0,0.09372356047029816,0.5508642435651473,0,5,19,115,4583
first1,catboost_fusion,S36,0,0.11552180781338466,0.5508642435651473,0,5,20,116,4584
first1,catboost_fusion,S36,0,0.237801729063196,0.5508642435651473,0,5,21,117,4585
first1,catboost_fusion,S36,1,0.14663445704848152,0.5508642435651473,0,5,22,118,4586
first1,catboost_fusion,S36,0,0.05874735266977163,0.5508642435651473,0,5,23,119,4587
first1,catboost_fusion,S36,0,0.058000657816309344,0.5508642435651473,0,5,24,120,4588
first1,catboost_fusion,S36,0,0.15483465564748464,0.5508642435651473,0,6,1,121,4589
first1,catboost_fusion,S36,0,0.1784683115651485,0.5508642435651473,0,6,2,122,4590
first1,catboost_fusion,S36,0,0.09422287805248149,0.5508642435651473,0,6,3,123,4591
first1,catboost_fusion,S36,1,0.30884638593727654,0.5508642435651473,0,6,4,124,4592
first1,catboost_fusion,S36,0,0.2940225570743066,0.5508642435651473,0,6,5,125,4593
first1,catboost_fusion,S36,0,0.2040781137233809,0.5508642435651473,0,6,6,126,4594
first1,catboost_fusion,S36,0,0.09186637662727352,0.5508642435651473,0,6,7,127,4595
first1,catboost_fusion,S36,0,0.24260752853536,0.5508642435651473,0,6,9,129,4596
first1,catboost_fusion,S36,0,0.19353045222622944,0.5508642435651473,0,6,10,130,4597
first1,catboost_fusion,S36,0,0.09206326207680615,0.5508642435651473,0,6,11,131,4598
first1,catboost_fusion,S36,0,0.0985937246815475,0.5508642435651473,0,6,12,132,4599
first1,catboost_fusion,S36,0,0.06466252356350201,0.5508642435651473,0,6,13,133,4600
first1,catboost_fusion,S36,0,0.11091514459098334,0.5508642435651473,0,6,15,135,4601
first1,catboost_fusion,S36,0,0.08300007774433839,0.5508642435651473,0,6,16,136,4602
first1,catboost_fusion,S36,0,0.07369424497543828,0.5508642435651473,0,6,17,137,4603
first1,catboost_fusion,S36,0,0.21487640185735263,0.5508642435651473,0,6,18,138,4604
first1,catboost_fusion,S36,0,0.0964127883244341,0.5508642435651473,0,6,19,139,4605
first1,catboost_fusion,S36,0,0.1899219276488146,0.5508642435651473,0,6,20,140,4606
first1,catboost_fusion,S36,0,0.048509634322102715,0.5508642435651473,0,6,21,141,4607
first1,catboost_fusion,S36,0,0.28133746981888735,0.5508642435651473,0,6,22,142,4608
first1,catboost_fusion,S36,0,0.2874392592213589,0.5508642435651473,0,6,23,143,4609
first1,catboost_fusion,S36,1,0.5495826914187858,0.5508642435651473,0,6,24,144,4610
first1,catboost_fusion,S37,0,0.6418403469740269,0.5549183505083012,1,1,1,1,4611
first1,catboost_fusion,S37,0,0.7538260540500293,0.5549183505083012,1,1,2,2,4612
first1,catboost_fusion,S37,0,0.5110256986954311,0.5549183505083012,0,1,3,3,4613
first1,catboost_fusion,S37,0,0.23815823036025224,0.5549183505083012,0,1,4,4,4614
first1,catboost_fusion,S37,0,0.27651390264916176,0.5549183505083012,0,1,5,5,4615
first1,catboost_fusion,S37,0,0.19453905016107106,0.5549183505083012,0,1,6,6,4616
first1,catboost_fusion,S37,0,0.1932891493393515,0.5549183505083012,0,1,7,7,4617
first1,catboost_fusion,S37,0,0.2999330099924758,0.5549183505083012,0,1,8,8,4618
first1,catboost_fusion,S37,1,0.6077705108145482,0.5549183505083012,1,1,9,9,4619
first1,catboost_fusion,S37,0,0.2485340440404371,0.5549183505083012,0,1,10,10,4620
first1,catboost_fusion,S37,0,0.532836454382362,0.5549183505083012,0,1,11,11,4621
first1,catboost_fusion,S37,0,0.2944972600572329,0.5549183505083012,0,1,12,12,4622
first1,catboost_fusion,S37,0,0.5848504815460251,0.5549183505083012,1,1,13,13,4623
first1,catboost_fusion,S37,0,0.3847572732746043,0.5549183505083012,0,1,14,14,4624
first1,catboost_fusion,S37,0,0.2564595189325186,0.5549183505083012,0,1,15,15,4625
first1,catboost_fusion,S37,1,0.6831564600890844,0.5549183505083012,1,1,16,16,4626
first1,catboost_fusion,S37,0,0.7401596699310699,0.5549183505083012,1,1,17,17,4627
first1,catboost_fusion,S37,0,0.23365074927219975,0.5549183505083012,0,1,18,18,4628
first1,catboost_fusion,S37,1,0.31900332401525383,0.5549183505083012,0,1,19,19,4629
first1,catboost_fusion,S37,0,0.42597427809563615,0.5549183505083012,0,1,20,20,4630
first1,catboost_fusion,S37,0,0.28038406543825556,0.5549183505083012,0,1,21,21,4631
first1,catboost_fusion,S37,0,0.27380890770888494,0.5549183505083012,0,1,22,22,4632
first1,catboost_fusion,S37,0,0.29627584445699223,0.5549183505083012,0,1,23,23,4633
first1,catboost_fusion,S37,0,0.3528955086676767,0.5549183505083012,0,1,24,24,4634
first1,catboost_fusion,S37,0,0.6837595863897581,0.5549183505083012,1,2,1,25,4635
first1,catboost_fusion,S37,1,0.662818484504414,0.5549183505083012,1,2,2,26,4636
first1,catboost_fusion,S37,0,0.36411354523689826,0.5549183505083012,0,2,3,27,4637
first1,catboost_fusion,S37,0,0.2739620809888963,0.5549183505083012,0,2,4,28,4638
first1,catboost_fusion,S37,0,0.2991058891869906,0.5549183505083012,0,2,5,29,4639
first1,catboost_fusion,S37,0,0.3739830693754247,0.5549183505083012,0,2,6,30,4640
first1,catboost_fusion,S37,0,0.2247036678709615,0.5549183505083012,0,2,7,31,4641
first1,catboost_fusion,S37,0,0.30219032530653117,0.5549183505083012,0,2,8,32,4642
first1,catboost_fusion,S37,0,0.344363325769151,0.5549183505083012,0,2,9,33,4643
first1,catboost_fusion,S37,0,0.5309123473043146,0.5549183505083012,0,2,10,34,4644
first1,catboost_fusion,S37,0,0.38879363863990185,0.5549183505083012,0,2,11,35,4645
first1,catboost_fusion,S37,0,0.33178708433539134,0.5549183505083012,0,2,12,36,4646
first1,catboost_fusion,S37,0,0.5642388683052645,0.5549183505083012,1,2,13,37,4647
first1,catboost_fusion,S37,0,0.6590903080779622,0.5549183505083012,1,2,14,38,4648
first1,catboost_fusion,S37,0,0.38362214858690985,0.5549183505083012,0,2,15,39,4649
first1,catboost_fusion,S37,0,0.2804943224100204,0.5549183505083012,0,2,16,40,4650
first1,catboost_fusion,S37,0,0.4439450596500829,0.5549183505083012,0,2,17,41,4651
first1,catboost_fusion,S37,0,0.30108970573546506,0.5549183505083012,0,2,18,42,4652
first1,catboost_fusion,S37,0,0.4803314178749294,0.5549183505083012,0,2,19,43,4653
first1,catboost_fusion,S37,0,0.283451005563028,0.5549183505083012,0,2,20,44,4654
first1,catboost_fusion,S37,0,0.18785577793058925,0.5549183505083012,0,2,21,45,4655
first1,catboost_fusion,S37,1,0.3399375537134957,0.5549183505083012,0,2,22,46,4656
first1,catboost_fusion,S37,0,0.4206169185305226,0.5549183505083012,0,2,23,47,4657
first1,catboost_fusion,S37,0,0.3446492164284888,0.5549183505083012,0,2,24,48,4658
first1,catboost_fusion,S37,0,0.6980872489808021,0.5549183505083012,1,3,1,49,4659
first1,catboost_fusion,S37,0,0.5506045357111706,0.5549183505083012,0,3,2,50,4660
first1,catboost_fusion,S37,0,0.21723592554973464,0.5549183505083012,0,3,3,51,4661
first1,catboost_fusion,S37,0,0.5958673954722984,0.5549183505083012,1,3,4,52,4662
first1,catboost_fusion,S37,0,0.6398787132627909,0.5549183505083012,1,3,5,53,4663
first1,catboost_fusion,S37,0,0.6881053824044812,0.5549183505083012,1,3,6,54,4664
first1,catboost_fusion,S37,0,0.4989522681099757,0.5549183505083012,0,3,7,55,4665
first1,catboost_fusion,S37,1,0.6556530507682954,0.5549183505083012,1,3,8,56,4666
first1,catboost_fusion,S37,0,0.2964579297123315,0.5549183505083012,0,3,9,57,4667
first1,catboost_fusion,S37,1,0.29999314739288757,0.5549183505083012,0,3,10,58,4668
first1,catboost_fusion,S37,0,0.6352418049487113,0.5549183505083012,1,3,11,59,4669
first1,catboost_fusion,S37,1,0.6331363869107761,0.5549183505083012,1,3,12,60,4670
first1,catboost_fusion,S37,0,0.6824171154525279,0.5549183505083012,1,3,13,61,4671
first1,catboost_fusion,S37,0,0.2679262615573688,0.5549183505083012,0,3,14,62,4672
first1,catboost_fusion,S37,0,0.37467019395588086,0.5549183505083012,0,3,15,63,4673
first1,catboost_fusion,S37,1,0.45785386514655274,0.5549183505083012,0,3,16,64,4674
first1,catboost_fusion,S37,0,0.3474765500185619,0.5549183505083012,0,3,17,65,4675
first1,catboost_fusion,S37,0,0.6438821472779515,0.5549183505083012,1,3,18,66,4676
first1,catboost_fusion,S37,0,0.18724180633495094,0.5549183505083012,0,3,19,67,4677
first1,catboost_fusion,S37,0,0.28578870164695835,0.5549183505083012,0,3,20,68,4678
first1,catboost_fusion,S37,0,0.250743408239839,0.5549183505083012,0,3,21,69,4679
first1,catboost_fusion,S37,0,0.3590562219073817,0.5549183505083012,0,3,22,70,4680
first1,catboost_fusion,S37,0,0.28763043079564726,0.5549183505083012,0,3,23,71,4681
first1,catboost_fusion,S37,0,0.4109650287638504,0.5549183505083012,0,3,24,72,4682
first1,catboost_fusion,S37,0,0.5145476338322957,0.5549183505083012,0,4,1,73,4683
first1,catboost_fusion,S37,1,0.5573590571139506,0.5549183505083012,1,4,2,74,4684
first1,catboost_fusion,S37,0,0.22439920097936278,0.5549183505083012,0,4,3,75,4685
first1,catboost_fusion,S37,0,0.3645346800575707,0.5549183505083012,0,4,4,76,4686
first1,catboost_fusion,S37,0,0.7234431530243899,0.5549183505083012,1,4,5,77,4687
first1,catboost_fusion,S37,0,0.3348191165646756,0.5549183505083012,0,4,6,78,4688
first1,catboost_fusion,S37,0,0.155481746743033,0.5549183505083012,0,4,7,79,4689
first1,catboost_fusion,S37,0,0.3781383971915377,0.5549183505083012,0,4,8,80,4690
first1,catboost_fusion,S37,0,0.6066444526484652,0.5549183505083012,1,4,9,81,4691
first1,catboost_fusion,S37,1,0.7554018279318453,0.5549183505083012,1,4,10,82,4692
first1,catboost_fusion,S37,0,0.24723539128811184,0.5549183505083012,0,4,11,83,4693
first1,catboost_fusion,S37,0,0.3464329059410914,0.5549183505083012,0,4,12,84,4694
first1,catboost_fusion,S37,0,0.606064331736167,0.5549183505083012,1,4,13,85,4695
first1,catboost_fusion,S37,0,0.6772243229171244,0.5549183505083012,1,4,14,86,4696
first1,catboost_fusion,S37,0,0.6914918837027113,0.5549183505083012,1,4,15,87,4697
first1,catboost_fusion,S37,1,0.2893417179963094,0.5549183505083012,0,4,16,88,4698
first1,catboost_fusion,S37,0,0.3854710546994211,0.5549183505083012,0,4,17,89,4699
first1,catboost_fusion,S37,0,0.289098083669324,0.5549183505083012,0,4,18,90,4700
first1,catboost_fusion,S37,1,0.28388846406587637,0.5549183505083012,0,4,19,91,4701
first1,catboost_fusion,S37,0,0.23153699785168666,0.5549183505083012,0,4,20,92,4702
first1,catboost_fusion,S37,0,0.21634740426449614,0.5549183505083012,0,4,21,93,4703
first1,catboost_fusion,S37,0,0.39956981567764216,0.5549183505083012,0,4,22,94,4704
first1,catboost_fusion,S37,0,0.2491141616888019,0.5549183505083012,0,4,23,95,4705
first1,catboost_fusion,S37,0,0.2276102070756404,0.5549183505083012,0,4,24,96,4706
first1,catboost_fusion,S37,1,0.5643281076026198,0.5549183505083012,1,5,1,97,4707
first1,catboost_fusion,S37,0,0.5612538376068187,0.5549183505083012,1,5,2,98,4708
first1,catboost_fusion,S37,0,0.1523727699282671,0.5549183505083012,0,5,3,99,4709
first1,catboost_fusion,S37,1,0.645566376359763,0.5549183505083012,1,5,4,100,4710
first1,catboost_fusion,S37,0,0.5825663010806645,0.5549183505083012,1,5,5,101,4711
first1,catboost_fusion,S37,0,0.6592125382003675,0.5549183505083012,1,5,6,102,4712
first1,catboost_fusion,S37,1,0.4990869548797164,0.5549183505083012,0,5,7,103,4713
first1,catboost_fusion,S37,0,0.33976942160130236,0.5549183505083012,0,5,8,104,4714
first1,catboost_fusion,S37,1,0.27508075606432564,0.5549183505083012,0,5,9,105,4715
first1,catboost_fusion,S37,0,0.34298490184236535,0.5549183505083012,0,5,10,106,4716
first1,catboost_fusion,S37,0,0.3459435878558686,0.5549183505083012,0,5,11,107,4717
first1,catboost_fusion,S37,0,0.30740476585709736,0.5549183505083012,0,5,12,108,4718
first1,catboost_fusion,S37,0,0.36039368584094295,0.5549183505083012,0,5,13,109,4719
first1,catboost_fusion,S37,0,0.4086458245504506,0.5549183505083012,0,5,14,110,4720
first1,catboost_fusion,S37,0,0.31872589943665286,0.5549183505083012,0,5,15,111,4721
first1,catboost_fusion,S37,0,0.5132961512755753,0.5549183505083012,0,5,16,112,4722
first1,catboost_fusion,S37,0,0.3448309861598622,0.5549183505083012,0,5,17,113,4723
first1,catboost_fusion,S37,1,0.21003718908985186,0.5549183505083012,0,5,18,114,4724
first1,catboost_fusion,S37,0,0.27427025417071144,0.5549183505083012,0,5,19,115,4725
first1,catboost_fusion,S37,0,0.19512982842277268,0.5549183505083012,0,5,20,116,4726
first1,catboost_fusion,S37,0,0.35436789809808156,0.5549183505083012,0,5,21,117,4727
first1,catboost_fusion,S37,0,0.3345294064238429,0.5549183505083012,0,5,22,118,4728
first1,catboost_fusion,S37,0,0.3930898005163518,0.5549183505083012,0,5,23,119,4729
first1,catboost_fusion,S37,0,0.6589410249231376,0.5549183505083012,1,5,24,120,4730
first1,catboost_fusion,S37,0,0.6272813186995834,0.5549183505083012,1,6,1,121,4731
first1,catboost_fusion,S37,1,0.31189788213451214,0.5549183505083012,0,6,2,122,4732
first1,catboost_fusion,S37,0,0.5652261694479275,0.5549183505083012,1,6,3,123,4733
first1,catboost_fusion,S37,1,0.1792185755149728,0.5549183505083012,0,6,4,124,4734
first1,catboost_fusion,S37,0,0.1820785572945932,0.5549183505083012,0,6,5,125,4735
first1,catboost_fusion,S37,0,0.3924482041951106,0.5549183505083012,0,6,6,126,4736
first1,catboost_fusion,S37,0,0.21779863899216645,0.5549183505083012,0,6,7,127,4737
first1,catboost_fusion,S37,0,0.39205957872101377,0.5549183505083012,0,6,8,128,4738
first1,catboost_fusion,S37,1,0.36857384764095324,0.5549183505083012,0,6,9,129,4739
first1,catboost_fusion,S37,0,0.7104182943704657,0.5549183505083012,1,6,10,130,4740
first1,catboost_fusion,S37,0,0.38918921903491466,0.5549183505083012,0,6,11,131,4741
first1,catboost_fusion,S37,0,0.3654645967944816,0.5549183505083012,0,6,12,132,4742
first1,catboost_fusion,S37,0,0.4734842141187974,0.5549183505083012,0,6,13,133,4743
first1,catboost_fusion,S37,0,0.33084595087567875,0.5549183505083012,0,6,14,134,4744
first1,catboost_fusion,S37,0,0.26172513990769597,0.5549183505083012,0,6,15,135,4745
first1,catboost_fusion,S37,0,0.3913569212172522,0.5549183505083012,0,6,16,136,4746
first1,catboost_fusion,S37,0,0.30334454604045685,0.5549183505083012,0,6,17,137,4747
first1,catboost_fusion,S37,0,0.2497333893849886,0.5549183505083012,0,6,18,138,4748
first1,catboost_fusion,S37,0,0.4302808353903181,0.5549183505083012,0,6,19,139,4749
first1,catboost_fusion,S37,0,0.25954839742665203,0.5549183505083012,0,6,20,140,4750
first1,catboost_fusion,S37,1,0.6690749171598586,0.5549183505083012,1,6,21,141,4751
first1,catboost_fusion,S37,0,0.23584611416833037,0.5549183505083012,0,6,22,142,4752
first1,catboost_fusion,S37,0,0.36475265467537055,0.5549183505083012,0,6,23,143,4753
first1,catboost_fusion,S37,0,0.3891602381767872,0.5549183505083012,0,6,24,144,4754
first1,catboost_fusion,S38,0,0.3228043760107972,0.5523911764495596,0,1,1,1,4755
first1,catboost_fusion,S38,0,0.2115355788522168,0.5523911764495596,0,1,2,2,4756
first1,catboost_fusion,S38,0,0.3859003323825556,0.5523911764495596,0,1,3,3,4757
first1,catboost_fusion,S38,1,0.3108203407900295,0.5523911764495596,0,1,4,4,4758
first1,catboost_fusion,S38,0,0.22938384781110552,0.5523911764495596,0,1,5,5,4759
first1,catboost_fusion,S38,0,0.4443835743480419,0.5523911764495596,0,1,6,6,4760
first1,catboost_fusion,S38,0,0.6025484025329905,0.5523911764495596,1,1,7,7,4761
first1,catboost_fusion,S38,0,0.3123844882213738,0.5523911764495596,0,1,8,8,4762
first1,catboost_fusion,S38,0,0.48026632181511253,0.5523911764495596,0,1,9,9,4763
first1,catboost_fusion,S38,1,0.3192392881162452,0.5523911764495596,0,1,10,10,4764
first1,catboost_fusion,S38,0,0.40773986685396413,0.5523911764495596,0,1,11,11,4765
first1,catboost_fusion,S38,0,0.5026803191229604,0.5523911764495596,0,1,12,12,4766
first1,catboost_fusion,S38,0,0.4177094766776418,0.5523911764495596,0,1,13,13,4767
first1,catboost_fusion,S38,1,0.46465078820193745,0.5523911764495596,0,1,14,14,4768
first1,catboost_fusion,S38,0,0.47063037627219245,0.5523911764495596,0,1,16,16,4769
first1,catboost_fusion,S38,0,0.33930416023839305,0.5523911764495596,0,1,17,17,4770
first1,catboost_fusion,S38,0,0.475838584003717,0.5523911764495596,0,1,18,18,4771
first1,catboost_fusion,S38,0,0.31829552008595213,0.5523911764495596,0,1,19,19,4772
first1,catboost_fusion,S38,0,0.4501962644066542,0.5523911764495596,0,1,20,20,4773
first1,catboost_fusion,S38,0,0.6486800212890458,0.5523911764495596,1,1,21,21,4774
first1,catboost_fusion,S38,0,0.3105499035750343,0.5523911764495596,0,1,22,22,4775
first1,catboost_fusion,S38,0,0.6413504263000286,0.5523911764495596,1,1,23,23,4776
first1,catboost_fusion,S38,1,0.387374263491412,0.5523911764495596,0,1,24,24,4777
first1,catboost_fusion,S38,0,0.27879837950026815,0.5523911764495596,0,2,1,25,4778
first1,catboost_fusion,S38,0,0.26573296180347533,0.5523911764495596,0,2,2,26,4779
first1,catboost_fusion,S38,1,0.4252403575759555,0.5523911764495596,0,2,3,27,4780
first1,catboost_fusion,S38,0,0.4121577378892606,0.5523911764495596,0,2,4,28,4781
first1,catboost_fusion,S38,0,0.35531539335817897,0.5523911764495596,0,2,5,29,4782
first1,catboost_fusion,S38,0,0.3595071316718205,0.5523911764495596,0,2,6,30,4783
first1,catboost_fusion,S38,0,0.2617006179604977,0.5523911764495596,0,2,8,32,4784
first1,catboost_fusion,S38,0,0.3049208370888755,0.5523911764495596,0,2,9,33,4785
first1,catboost_fusion,S38,0,0.6299522268597416,0.5523911764495596,1,2,10,34,4786
first1,catboost_fusion,S38,0,0.28551804603614717,0.5523911764495596,0,2,11,35,4787
first1,catboost_fusion,S38,1,0.7918969363690664,0.5523911764495596,1,2,12,36,4788
first1,catboost_fusion,S38,0,0.29063897504225866,0.5523911764495596,0,2,13,37,4789
first1,catboost_fusion,S38,0,0.4001989030461125,0.5523911764495596,0,2,14,38,4790
first1,catboost_fusion,S38,1,0.46349840810855086,0.5523911764495596,0,2,15,39,4791
first1,catboost_fusion,S38,0,0.3167789214672152,0.5523911764495596,0,2,16,40,4792
first1,catboost_fusion,S38,0,0.35246820134406537,0.5523911764495596,0,2,17,41,4793
first1,catboost_fusion,S38,0,0.6358048373993564,0.5523911764495596,1,2,18,42,4794
first1,catboost_fusion,S38,0,0.7454951252026629,0.5523911764495596,1,2,19,43,4795
first1,catboost_fusion,S38,0,0.4722382892099589,0.5523911764495596,0,2,20,44,4796
first1,catboost_fusion,S38,0,0.6802496969428835,0.5523911764495596,1,2,21,45,4797
first1,catboost_fusion,S38,0,0.37242377490215917,0.5523911764495596,0,2,22,46,4798
first1,catboost_fusion,S38,1,0.4188382290732761,0.5523911764495596,0,2,23,47,4799
first1,catboost_fusion,S38,0,0.26327236406801674,0.5523911764495596,0,2,24,48,4800
first1,catboost_fusion,S38,1,0.5505787122088056,0.5523911764495596,0,3,1,49,4801
first1,catboost_fusion,S38,1,0.44618002475795976,0.5523911764495596,0,3,2,50,4802
first1,catboost_fusion,S38,0,0.5764422468942495,0.5523911764495596,1,3,3,51,4803
first1,catboost_fusion,S38,0,0.3925532468777806,0.5523911764495596,0,3,4,52,4804
first1,catboost_fusion,S38,0,0.43718113564747263,0.5523911764495596,0,3,5,53,4805
first1,catboost_fusion,S38,0,0.24860745692185549,0.5523911764495596,0,3,6,54,4806
first1,catboost_fusion,S38,0,0.29234896900996055,0.5523911764495596,0,3,7,55,4807
first1,catboost_fusion,S38,0,0.1632821664634126,0.5523911764495596,0,3,8,56,4808
first1,catboost_fusion,S38,1,0.21186741469205134,0.5523911764495596,0,3,9,57,4809
first1,catboost_fusion,S38,0,0.29457820100764565,0.5523911764495596,0,3,10,58,4810
first1,catboost_fusion,S38,0,0.38066803209375627,0.5523911764495596,0,3,11,59,4811
first1,catboost_fusion,S38,0,0.4079922231077692,0.5523911764495596,0,3,12,60,4812
first1,catboost_fusion,S38,0,0.3072759503049246,0.5523911764495596,0,3,13,61,4813
first1,catboost_fusion,S38,0,0.210105469962215,0.5523911764495596,0,3,14,62,4814
first1,catboost_fusion,S38,0,0.4322280686388617,0.5523911764495596,0,3,15,63,4815
first1,catboost_fusion,S38,0,0.3464878846505852,0.5523911764495596,0,3,16,64,4816
first1,catboost_fusion,S38,0,0.30919063399368363,0.5523911764495596,0,3,17,65,4817
first1,catboost_fusion,S38,0,0.4495091460650067,0.5523911764495596,0,3,18,66,4818
first1,catboost_fusion,S38,0,0.4768779767836618,0.5523911764495596,0,3,19,67,4819
first1,catboost_fusion,S38,1,0.2927710955080281,0.5523911764495596,0,3,20,68,4820
first1,catboost_fusion,S38,0,0.3721269894445503,0.5523911764495596,0,3,21,69,4821
first1,catboost_fusion,S38,0,0.5515981233873238,0.5523911764495596,0,3,22,70,4822
first1,catboost_fusion,S38,0,0.46832559776821453,0.5523911764495596,0,3,23,71,4823
first1,catboost_fusion,S38,0,0.6921468346024824,0.5523911764495596,1,3,24,72,4824
first1,catboost_fusion,S38,0,0.35600161995714236,0.5523911764495596,0,4,1,73,4825
first1,catboost_fusion,S38,0,0.353561660534679,0.5523911764495596,0,4,2,74,4826
first1,catboost_fusion,S38,1,0.3081095545852021,0.5523911764495596,0,4,3,75,4827
first1,catboost_fusion,S38,0,0.7175045512668419,0.5523911764495596,1,4,4,76,4828
first1,catboost_fusion,S38,0,0.1863338540649874,0.5523911764495596,0,4,5,77,4829
first1,catboost_fusion,S38,0,0.2798763312943267,0.5523911764495596,0,4,6,78,4830
first1,catboost_fusion,S38,0,0.21675196820381665,0.5523911764495596,0,4,7,79,4831
first1,catboost_fusion,S38,0,0.3783713861596022,0.5523911764495596,0,4,8,80,4832
first1,catboost_fusion,S38,0,0.28836162705060003,0.5523911764495596,0,4,9,81,4833
first1,catboost_fusion,S38,0,0.24339906364233016,0.5523911764495596,0,4,10,82,4834
first1,catboost_fusion,S38,0,0.5115027364380439,0.5523911764495596,0,4,11,83,4835
first1,catboost_fusion,S38,0,0.29572426559543213,0.5523911764495596,0,4,12,84,4836
first1,catboost_fusion,S38,1,0.32389540454915655,0.5523911764495596,0,4,13,85,4837
first1,catboost_fusion,S38,0,0.28106525290741474,0.5523911764495596,0,4,14,86,4838
first1,catboost_fusion,S38,0,0.39129532811458323,0.5523911764495596,0,4,15,87,4839
first1,catboost_fusion,S38,0,0.5366667935383719,0.5523911764495596,0,4,16,88,4840
first1,catboost_fusion,S38,0,0.218444735575749,0.5523911764495596,0,4,17,89,4841
first1,catboost_fusion,S38,1,0.3297800191065065,0.5523911764495596,0,4,19,91,4842
first1,catboost_fusion,S38,0,0.41325371320806054,0.5523911764495596,0,4,20,92,4843
first1,catboost_fusion,S38,0,0.339718023876949,0.5523911764495596,0,4,21,93,4844
first1,catboost_fusion,S38,0,0.20826760230490268,0.5523911764495596,0,4,22,94,4845
first1,catboost_fusion,S38,0,0.15773228606891695,0.5523911764495596,0,4,23,95,4846
first1,catboost_fusion,S38,0,0.2733023777108167,0.5523911764495596,0,4,24,96,4847
first1,catboost_fusion,S38,1,0.22666084380230683,0.5523911764495596,0,5,1,97,4848
first1,catboost_fusion,S38,0,0.16520417307479218,0.5523911764495596,0,5,2,98,4849
first1,catboost_fusion,S38,1,0.2582442421905537,0.5523911764495596,0,5,3,99,4850
first1,catboost_fusion,S38,0,0.18535277436121558,0.5523911764495596,0,5,4,100,4851
first1,catboost_fusion,S38,0,0.2772646184733248,0.5523911764495596,0,5,5,101,4852
first1,catboost_fusion,S38,0,0.30374445511620907,0.5523911764495596,0,5,6,102,4853
first1,catboost_fusion,S38,1,0.2986951496662928,0.5523911764495596,0,5,7,103,4854
first1,catboost_fusion,S38,0,0.22748262138304146,0.5523911764495596,0,5,8,104,4855
first1,catboost_fusion,S38,0,0.44814142963125203,0.5523911764495596,0,5,9,105,4856
first1,catboost_fusion,S38,0,0.2737140205610225,0.5523911764495596,0,5,10,106,4857
first1,catboost_fusion,S38,0,0.5333830883114198,0.5523911764495596,0,5,11,107,4858
first1,catboost_fusion,S38,0,0.2536178227955491,0.5523911764495596,0,5,12,108,4859
first1,catboost_fusion,S38,0,0.3222425750897016,0.5523911764495596,0,5,13,109,4860
first1,catboost_fusion,S38,1,0.27645645306323396,0.5523911764495596,0,5,14,110,4861
first1,catboost_fusion,S38,0,0.3135624378849568,0.5523911764495596,0,5,15,111,4862
first1,catboost_fusion,S38,0,0.4185050427925513,0.5523911764495596,0,5,16,112,4863
first1,catboost_fusion,S38,0,0.5814213182709304,0.5523911764495596,1,5,17,113,4864
first1,catboost_fusion,S38,0,0.8037361287501883,0.5523911764495596,1,5,18,114,4865
first1,catboost_fusion,S38,0,0.4250502027993202,0.5523911764495596,0,5,19,115,4866
first1,catboost_fusion,S38,0,0.3178697887739971,0.5523911764495596,0,5,20,116,4867
first1,catboost_fusion,S38,0,0.6800571607045391,0.5523911764495596,1,5,21,117,4868
first1,catboost_fusion,S38,0,0.2878869287104389,0.5523911764495596,0,5,22,118,4869
first1,catboost_fusion,S38,1,0.39338884046071326,0.5523911764495596,0,5,23,119,4870
first1,catboost_fusion,S38,0,0.6027249796955794,0.5523911764495596,1,5,24,120,4871
first1,catboost_fusion,S38,0,0.4275304499706133,0.5523911764495596,0,6,1,121,4872
first1,catboost_fusion,S38,0,0.2735384232645192,0.5523911764495596,0,6,2,122,4873
first1,catboost_fusion,S38,0,0.26483286352119145,0.5523911764495596,0,6,3,123,4874
first1,catboost_fusion,S38,0,0.2760976298023337,0.5523911764495596,0,6,4,124,4875
first1,catboost_fusion,S38,1,0.2575620196004481,0.5523911764495596,0,6,5,125,4876
first1,catboost_fusion,S38,1,0.41196950860423254,0.5523911764495596,0,6,6,126,4877
first1,catboost_fusion,S38,0,0.43360871100446613,0.5523911764495596,0,6,7,127,4878
first1,catboost_fusion,S38,1,0.3850663272774444,0.5523911764495596,0,6,8,128,4879
first1,catboost_fusion,S38,1,0.5135427715176312,0.5523911764495596,0,6,9,129,4880
first1,catboost_fusion,S38,0,0.21296086085828067,0.5523911764495596,0,6,10,130,4881
first1,catboost_fusion,S38,0,0.5510108788848601,0.5523911764495596,0,6,11,131,4882
first1,catboost_fusion,S38,0,0.4718149120723365,0.5523911764495596,0,6,12,132,4883
first1,catboost_fusion,S38,0,0.2789824598324657,0.5523911764495596,0,6,13,133,4884
first1,catboost_fusion,S38,0,0.27343270981421813,0.5523911764495596,0,6,14,134,4885
first1,catboost_fusion,S38,0,0.5248676057124639,0.5523911764495596,0,6,15,135,4886
first1,catboost_fusion,S38,0,0.3211684696265196,0.5523911764495596,0,6,16,136,4887
first1,catboost_fusion,S38,1,0.4157402648640626,0.5523911764495596,0,6,17,137,4888
first1,catboost_fusion,S38,0,0.3087040943824645,0.5523911764495596,0,6,18,138,4889
first1,catboost_fusion,S38,1,0.5139280596553791,0.5523911764495596,0,6,19,139,4890
first1,catboost_fusion,S38,0,0.4567751938489207,0.5523911764495596,0,6,20,140,4891
first1,catboost_fusion,S38,0,0.3747535190970723,0.5523911764495596,0,6,21,141,4892
first1,catboost_fusion,S38,0,0.4533914293555319,0.5523911764495596,0,6,22,142,4893
first1,catboost_fusion,S38,1,0.5229674990742934,0.5523911764495596,0,6,23,143,4894
first1,catboost_fusion,S38,0,0.453213349173387,0.5523911764495596,0,6,24,144,4895
first1,catboost_fusion,S39,0,0.3951913727622662,0.573065888229341,0,1,1,1,4896
first1,catboost_fusion,S39,0,0.4027669443888671,0.573065888229341,0,1,2,2,4897
first1,catboost_fusion,S39,0,0.2976492208063678,0.573065888229341,0,1,3,3,4898
first1,catboost_fusion,S39,0,0.33072329220624574,0.573065888229341,0,1,4,4,4899
first1,catboost_fusion,S39,0,0.2509181204110697,0.573065888229341,0,1,5,5,4900
first1,catboost_fusion,S39,0,0.06501775192043,0.573065888229341,0,1,6,6,4901
first1,catboost_fusion,S39,0,0.2963708930701216,0.573065888229341,0,1,7,7,4902
first1,catboost_fusion,S39,1,0.5642849182092979,0.573065888229341,0,1,8,8,4903
first1,catboost_fusion,S39,0,0.3212273090498396,0.573065888229341,0,1,9,9,4904
first1,catboost_fusion,S39,0,0.2699635500235078,0.573065888229341,0,1,10,10,4905
first1,catboost_fusion,S39,0,0.2963753567048542,0.573065888229341,0,1,11,11,4906
first1,catboost_fusion,S39,0,0.16884674668740235,0.573065888229341,0,1,12,12,4907
first1,catboost_fusion,S39,0,0.5234284975678807,0.573065888229341,0,1,13,13,4908
first1,catboost_fusion,S39,0,0.3454465707013894,0.573065888229341,0,1,14,14,4909
first1,catboost_fusion,S39,0,0.402653339480469,0.573065888229341,0,1,15,15,4910
first1,catboost_fusion,S39,1,0.49700373242111606,0.573065888229341,0,1,16,16,4911
first1,catboost_fusion,S39,0,0.23273872876427004,0.573065888229341,0,1,17,17,4912
first1,catboost_fusion,S39,1,0.32053405848635824,0.573065888229341,0,1,18,18,4913
first1,catboost_fusion,S39,1,0.5057949044737697,0.573065888229341,0,1,19,19,4914
first1,catboost_fusion,S39,0,0.2394850569115867,0.573065888229341,0,1,20,20,4915
first1,catboost_fusion,S39,0,0.28060305161307414,0.573065888229341,0,1,21,21,4916
first1,catboost_fusion,S39,0,0.22218544707015797,0.573065888229341,0,1,22,22,4917
first1,catboost_fusion,S39,0,0.3591638916514818,0.573065888229341,0,1,23,23,4918
first1,catboost_fusion,S39,0,0.22846449870845223,0.573065888229341,0,1,24,24,4919
first1,catboost_fusion,S39,0,0.30416693448821736,0.573065888229341,0,2,1,25,4920
first1,catboost_fusion,S39,0,0.32793166691037084,0.573065888229341,0,2,2,26,4921
first1,catboost_fusion,S39,0,0.4406057240793733,0.573065888229341,0,2,3,27,4922
first1,catboost_fusion,S39,0,0.5113846958680724,0.573065888229341,0,2,4,28,4923
first1,catboost_fusion,S39,0,0.15341063954841688,0.573065888229341,0,2,5,29,4924
first1,catboost_fusion,S39,0,0.28943286074216346,0.573065888229341,0,2,6,30,4925
first1,catboost_fusion,S39,0,0.4677032170574859,0.573065888229341,0,2,7,31,4926
first1,catboost_fusion,S39,0,0.11907426949523872,0.573065888229341,0,2,8,32,4927
first1,catboost_fusion,S39,0,0.21860052946573094,0.573065888229341,0,2,9,33,4928
first1,catboost_fusion,S39,0,0.36057556182672595,0.573065888229341,0,2,10,34,4929
first1,catboost_fusion,S39,0,0.17122277744869113,0.573065888229341,0,2,11,35,4930
first1,catboost_fusion,S39,0,0.18252655634348983,0.573065888229341,0,2,12,36,4931
first1,catboost_fusion,S39,0,0.3736504281187063,0.573065888229341,0,2,13,37,4932
first1,catboost_fusion,S39,0,0.2689686158124136,0.573065888229341,0,2,14,38,4933
first1,catboost_fusion,S39,1,0.6154456427713783,0.573065888229341,1,2,15,39,4934
first1,catboost_fusion,S39,0,0.20177072857461337,0.573065888229341,0,2,16,40,4935
first1,catboost_fusion,S39,0,0.2387162890196289,0.573065888229341,0,2,17,41,4936
first1,catboost_fusion,S39,0,0.4628139874046938,0.573065888229341,0,2,18,42,4937
first1,catboost_fusion,S39,0,0.26908830436112763,0.573065888229341,0,2,19,43,4938
first1,catboost_fusion,S39,0,0.3008042333229731,0.573065888229341,0,2,20,44,4939
first1,catboost_fusion,S39,0,0.2939942626891398,0.573065888229341,0,2,21,45,4940
first1,catboost_fusion,S39,0,0.18077850169302367,0.573065888229341,0,2,22,46,4941
first1,catboost_fusion,S39,0,0.09715114183298292,0.573065888229341,0,2,23,47,4942
first1,catboost_fusion,S39,0,0.10460552608989664,0.573065888229341,0,2,24,48,4943
first1,catboost_fusion,S39,0,0.2930816418636114,0.573065888229341,0,3,1,49,4944
first1,catboost_fusion,S39,0,0.23541592768471573,0.573065888229341,0,3,2,50,4945
first1,catboost_fusion,S39,0,0.25299066275706494,0.573065888229341,0,3,3,51,4946
first1,catboost_fusion,S39,0,0.27199318892045904,0.573065888229341,0,3,4,52,4947
first1,catboost_fusion,S39,0,0.19973007493530548,0.573065888229341,0,3,5,53,4948
first1,catboost_fusion,S39,0,0.25122926685333974,0.573065888229341,0,3,6,54,4949
first1,catboost_fusion,S39,0,0.36327003331010554,0.573065888229341,0,3,7,55,4950
first1,catboost_fusion,S39,0,0.3298258998787863,0.573065888229341,0,3,8,56,4951
first1,catboost_fusion,S39,0,0.14339489891398047,0.573065888229341,0,3,9,57,4952
first1,catboost_fusion,S39,0,0.2795454168000491,0.573065888229341,0,3,10,58,4953
first1,catboost_fusion,S39,0,0.14042790902896043,0.573065888229341,0,3,11,59,4954
first1,catboost_fusion,S39,0,0.08450547958179466,0.573065888229341,0,3,12,60,4955
first1,catboost_fusion,S39,1,0.5422289258581875,0.573065888229341,0,3,13,61,4956
first1,catboost_fusion,S39,0,0.14778426242910864,0.573065888229341,0,3,14,62,4957
first1,catboost_fusion,S39,0,0.17657384572759444,0.573065888229341,0,3,15,63,4958
first1,catboost_fusion,S39,0,0.36564635286939007,0.573065888229341,0,3,16,64,4959
first1,catboost_fusion,S39,1,0.12134947794291083,0.573065888229341,0,3,17,65,4960
first1,catboost_fusion,S39,0,0.07971101097816245,0.573065888229341,0,3,18,66,4961
first1,catboost_fusion,S39,0,0.2504425998029039,0.573065888229341,0,3,19,67,4962
first1,catboost_fusion,S39,1,0.3524415382558712,0.573065888229341,0,3,20,68,4963
first1,catboost_fusion,S39,0,0.1586995384952711,0.573065888229341,0,3,21,69,4964
first1,catboost_fusion,S39,0,0.3618979686967734,0.573065888229341,0,3,22,70,4965
first1,catboost_fusion,S39,0,0.3501749056999114,0.573065888229341,0,3,23,71,4966
first1,catboost_fusion,S39,0,0.777098114639901,0.573065888229341,1,3,24,72,4967
first1,catboost_fusion,S39,0,0.32015482342413015,0.573065888229341,0,4,1,73,4968
first1,catboost_fusion,S39,0,0.280236614202743,0.573065888229341,0,4,2,74,4969
first1,catboost_fusion,S39,0,0.2633543629161016,0.573065888229341,0,4,3,75,4970
first1,catboost_fusion,S39,0,0.28069694047225546,0.573065888229341,0,4,4,76,4971
first1,catboost_fusion,S39,0,0.20798663549060953,0.573065888229341,0,4,5,77,4972
first1,catboost_fusion,S39,0,0.26500018044745177,0.573065888229341,0,4,6,78,4973
first1,catboost_fusion,S39,0,0.41178023667484287,0.573065888229341,0,4,7,79,4974
first1,catboost_fusion,S39,0,0.16165832074719558,0.573065888229341,0,4,8,80,4975
first1,catboost_fusion,S39,0,0.28911206338988815,0.573065888229341,0,4,9,81,4976
first1,catboost_fusion,S39,0,0.12204892569017374,0.573065888229341,0,4,10,82,4977
first1,catboost_fusion,S39,0,0.28678674402995813,0.573065888229341,0,4,12,84,4978
first1,catboost_fusion,S39,0,0.24137262336809576,0.573065888229341,0,4,13,85,4979
first1,catboost_fusion,S39,0,0.40388963651745047,0.573065888229341,0,4,14,86,4980
first1,catboost_fusion,S39,0,0.1985143698254191,0.573065888229341,0,4,15,87,4981
first1,catboost_fusion,S39,0,0.14362997375898226,0.573065888229341,0,4,16,88,4982
first1,catboost_fusion,S39,0,0.18414377110641503,0.573065888229341,0,4,17,89,4983
first1,catboost_fusion,S39,0,0.17074697721202,0.573065888229341,0,4,18,90,4984
first1,catboost_fusion,S39,0,0.24473378465149773,0.573065888229341,0,4,19,91,4985
first1,catboost_fusion,S39,0,0.23760951501353503,0.573065888229341,0,4,20,92,4986
first1,catboost_fusion,S39,0,0.20482673413747207,0.573065888229341,0,4,21,93,4987
first1,catboost_fusion,S39,0,0.43076547477766985,0.573065888229341,0,4,22,94,4988
first1,catboost_fusion,S39,1,0.6306950069476838,0.573065888229341,1,4,23,95,4989
first1,catboost_fusion,S39,0,0.7082460656834277,0.573065888229341,1,4,24,96,4990
first1,catboost_fusion,S39,0,0.3127235570661998,0.573065888229341,0,5,1,97,4991
first1,catboost_fusion,S39,0,0.2508925613266376,0.573065888229341,0,5,2,98,4992
first1,catboost_fusion,S39,0,0.46256734479754413,0.573065888229341,0,5,3,99,4993
first1,catboost_fusion,S39,1,0.373329758037203,0.573065888229341,0,5,4,100,4994
first1,catboost_fusion,S39,0,0.42947510893894725,0.573065888229341,0,5,5,101,4995
first1,catboost_fusion,S39,0,0.3578701093070822,0.573065888229341,0,5,6,102,4996
first1,catboost_fusion,S39,0,0.22721851847849286,0.573065888229341,0,5,7,103,4997
first1,catboost_fusion,S39,0,0.22473155220916294,0.573065888229341,0,5,8,104,4998
first1,catboost_fusion,S39,0,0.1962341463899748,0.573065888229341,0,5,9,105,4999
first1,catboost_fusion,S39,0,0.19806423443699386,0.573065888229341,0,5,10,106,5000
first1,catboost_fusion,S39,0,0.37072175081219316,0.573065888229341,0,5,11,107,5001
first1,catboost_fusion,S39,0,0.3029210959377916,0.573065888229341,0,5,12,108,5002
first1,catboost_fusion,S39,0,0.3932116044517367,0.573065888229341,0,5,13,109,5003
first1,catboost_fusion,S39,0,0.3069088367705131,0.573065888229341,0,5,14,110,5004
first1,catboost_fusion,S39,0,0.18920694271891086,0.573065888229341,0,5,15,111,5005
first1,catboost_fusion,S39,0,0.31417468340637905,0.573065888229341,0,5,16,112,5006
first1,catboost_fusion,S39,0,0.4851795333409282,0.573065888229341,0,5,17,113,5007
first1,catboost_fusion,S39,0,0.23597803811244325,0.573065888229341,0,5,18,114,5008
first1,catboost_fusion,S39,0,0.22437978333852396,0.573065888229341,0,5,19,115,5009
first1,catboost_fusion,S39,0,0.19935064371364133,0.573065888229341,0,5,20,116,5010
first1,catboost_fusion,S39,0,0.12653976178597706,0.573065888229341,0,5,21,117,5011
first1,catboost_fusion,S39,1,0.471838809242445,0.573065888229341,0,5,22,118,5012
first1,catboost_fusion,S39,0,0.28548196745338866,0.573065888229341,0,5,23,119,5013
first1,catboost_fusion,S39,0,0.16860092243632036,0.573065888229341,0,5,24,120,5014
first1,catboost_fusion,S39,0,0.22990077238578097,0.573065888229341,0,6,1,121,5015
first1,catboost_fusion,S39,0,0.33717264305554256,0.573065888229341,0,6,2,122,5016
first1,catboost_fusion,S39,0,0.3427412423642448,0.573065888229341,0,6,3,123,5017
first1,catboost_fusion,S39,0,0.358075325226543,0.573065888229341,0,6,4,124,5018
first1,catboost_fusion,S39,1,0.6156801942654772,0.573065888229341,1,6,5,125,5019
first1,catboost_fusion,S39,0,0.2475473859716137,0.573065888229341,0,6,6,126,5020
first1,catboost_fusion,S39,0,0.22634284620162962,0.573065888229341,0,6,7,127,5021
first1,catboost_fusion,S39,1,0.31782408104990667,0.573065888229341,0,6,8,128,5022
first1,catboost_fusion,S39,0,0.16778758398344998,0.573065888229341,0,6,9,129,5023
first1,catboost_fusion,S39,0,0.46145193811324237,0.573065888229341,0,6,10,130,5024
first1,catboost_fusion,S39,0,0.33692809620662234,0.573065888229341,0,6,11,131,5025
first1,catboost_fusion,S39,0,0.47335372944578213,0.573065888229341,0,6,12,132,5026
first1,catboost_fusion,S39,0,0.26758856410743664,0.573065888229341,0,6,13,133,5027
first1,catboost_fusion,S39,0,0.20718248855492852,0.573065888229341,0,6,14,134,5028
first1,catboost_fusion,S39,0,0.2322908874907539,0.573065888229341,0,6,15,135,5029
first1,catboost_fusion,S39,0,0.4075301639177657,0.573065888229341,0,6,16,136,5030
first1,catboost_fusion,S39,0,0.23244501111319366,0.573065888229341,0,6,17,137,5031
first1,catboost_fusion,S39,0,0.1498452524506769,0.573065888229341,0,6,18,138,5032
first1,catboost_fusion,S39,0,0.2284520279819143,0.573065888229341,0,6,19,139,5033
first1,catboost_fusion,S39,0,0.4564505547273787,0.573065888229341,0,6,20,140,5034
first1,catboost_fusion,S39,0,0.4529399321247059,0.573065888229341,0,6,21,141,5035
first1,catboost_fusion,S39,0,0.21121236625629794,0.573065888229341,0,6,22,142,5036
first1,catboost_fusion,S39,0,0.23389732152197998,0.573065888229341,0,6,23,143,5037
first1,catboost_fusion,S39,0,0.2591364325473138,0.573065888229341,0,6,24,144,5038
first1,catboost_fusion,S40,0,0.5997401030496101,0.4489341032356408,1,1,1,1,5039
first1,catboost_fusion,S40,0,0.3329212710302284,0.4489341032356408,0,1,2,2,5040
first1,catboost_fusion,S40,0,0.2981230010368569,0.4489341032356408,0,1,3,3,5041
first1,catboost_fusion,S40,0,0.3275071385422679,0.4489341032356408,0,1,4,4,5042
first1,catboost_fusion,S40,0,0.3954112052197758,0.4489341032356408,0,1,5,5,5043
first1,catboost_fusion,S40,0,0.390712386935685,0.4489341032356408,0,1,6,6,5044
first1,catboost_fusion,S40,0,0.23902336757207893,0.4489341032356408,0,1,7,7,5045
first1,catboost_fusion,S40,0,0.21475635388749315,0.4489341032356408,0,1,8,8,5046
first1,catboost_fusion,S40,1,0.5087483146195079,0.4489341032356408,1,1,9,9,5047
first1,catboost_fusion,S40,0,0.25754899847966817,0.4489341032356408,0,1,10,10,5048
first1,catboost_fusion,S40,0,0.2674116708084259,0.4489341032356408,0,1,11,11,5049
first1,catboost_fusion,S40,0,0.3390669415696674,0.4489341032356408,0,1,12,12,5050
first1,catboost_fusion,S40,0,0.3679970192740266,0.4489341032356408,0,1,13,13,5051
first1,catboost_fusion,S40,0,0.29399021655608415,0.4489341032356408,0,1,14,14,5052
first1,catboost_fusion,S40,0,0.26121161281726496,0.4489341032356408,0,1,15,15,5053
first1,catboost_fusion,S40,1,0.23302980671742154,0.4489341032356408,0,1,16,16,5054
first1,catboost_fusion,S40,0,0.38288642764879816,0.4489341032356408,0,1,17,17,5055
first1,catboost_fusion,S40,0,0.30619858804952904,0.4489341032356408,0,1,18,18,5056
first1,catboost_fusion,S40,0,0.3069423301466884,0.4489341032356408,0,1,19,19,5057
first1,catboost_fusion,S40,1,0.18596061009546858,0.4489341032356408,0,1,20,20,5058
first1,catboost_fusion,S40,0,0.15285664909460966,0.4489341032356408,0,1,21,21,5059
first1,catboost_fusion,S40,0,0.2544748647820152,0.4489341032356408,0,1,22,22,5060
first1,catboost_fusion,S40,0,0.21630267602561704,0.4489341032356408,0,1,23,23,5061
first1,catboost_fusion,S40,0,0.19106246076568095,0.4489341032356408,0,1,24,24,5062
first1,catboost_fusion,S40,0,0.5295629660220259,0.4489341032356408,1,2,1,25,5063
first1,catboost_fusion,S40,0,0.3539711566525611,0.4489341032356408,0,2,2,26,5064
first1,catboost_fusion,S40,0,0.5503590482078167,0.4489341032356408,1,2,3,27,5065
first1,catboost_fusion,S40,0,0.43176680534182155,0.4489341032356408,0,2,4,28,5066
first1,catboost_fusion,S40,0,0.6880857389798032,0.4489341032356408,1,2,5,29,5067
first1,catboost_fusion,S40,0,0.7175513775993132,0.4489341032356408,1,2,6,30,5068
first1,catboost_fusion,S40,1,0.3602268755753285,0.4489341032356408,0,2,7,31,5069
first1,catboost_fusion,S40,0,0.373356540726743,0.4489341032356408,0,2,8,32,5070
first1,catboost_fusion,S40,0,0.44547444759209814,0.4489341032356408,0,2,9,33,5071
first1,catboost_fusion,S40,0,0.3480259402769405,0.4489341032356408,0,2,10,34,5072
first1,catboost_fusion,S40,0,0.29324173974439527,0.4489341032356408,0,2,11,35,5073
first1,catboost_fusion,S40,0,0.14416127432177286,0.4489341032356408,0,2,12,36,5074
first1,catboost_fusion,S40,0,0.5205440619116638,0.4489341032356408,1,2,13,37,5075
first1,catboost_fusion,S40,0,0.6759809294359079,0.4489341032356408,1,2,14,38,5076
first1,catboost_fusion,S40,0,0.5296238956229614,0.4489341032356408,1,2,15,39,5077
first1,catboost_fusion,S40,0,0.3414337566897441,0.4489341032356408,0,2,16,40,5078
first1,catboost_fusion,S40,0,0.38430755089105884,0.4489341032356408,0,2,17,41,5079
first1,catboost_fusion,S40,0,0.23067203853924187,0.4489341032356408,0,2,18,42,5080
first1,catboost_fusion,S40,0,0.28758668670281146,0.4489341032356408,0,2,20,44,5081
first1,catboost_fusion,S40,0,0.3589132032037424,0.4489341032356408,0,2,22,46,5082
first1,catboost_fusion,S40,0,0.27543705892241377,0.4489341032356408,0,2,23,47,5083
first1,catboost_fusion,S40,0,0.19219251062679843,0.4489341032356408,0,2,24,48,5084
first1,catboost_fusion,S40,0,0.5813324128517185,0.4489341032356408,1,3,1,49,5085
first1,catboost_fusion,S40,0,0.1478802970837619,0.4489341032356408,0,3,2,50,5086
first1,catboost_fusion,S40,0,0.20670497914952207,0.4489341032356408,0,3,3,51,5087
first1,catboost_fusion,S40,0,0.35921504105206364,0.4489341032356408,0,3,4,52,5088
first1,catboost_fusion,S40,0,0.16721502486958809,0.4489341032356408,0,3,5,53,5089
first1,catboost_fusion,S40,0,0.37958479037428605,0.4489341032356408,0,3,6,54,5090
first1,catboost_fusion,S40,0,0.2943150956645707,0.4489341032356408,0,3,7,55,5091
first1,catboost_fusion,S40,0,0.2113175694158044,0.4489341032356408,0,3,8,56,5092
first1,catboost_fusion,S40,0,0.1827040083641028,0.4489341032356408,0,3,9,57,5093
first1,catboost_fusion,S40,1,0.7462397649147174,0.4489341032356408,1,3,10,58,5094
first1,catboost_fusion,S40,0,0.3022788111144687,0.4489341032356408,0,3,11,59,5095
first1,catboost_fusion,S40,0,0.21451164780305687,0.4489341032356408,0,3,12,60,5096
first1,catboost_fusion,S40,0,0.537403797239707,0.4489341032356408,1,3,13,61,5097
first1,catboost_fusion,S40,0,0.6180572362051386,0.4489341032356408,1,3,14,62,5098
first1,catboost_fusion,S40,0,0.2746859735765666,0.4489341032356408,0,3,15,63,5099
first1,catboost_fusion,S40,0,0.4418746083148069,0.4489341032356408,0,3,16,64,5100
first1,catboost_fusion,S40,0,0.4600410634806582,0.4489341032356408,1,3,18,66,5101
first1,catboost_fusion,S40,0,0.43829348849876704,0.4489341032356408,0,3,20,68,5102
first1,catboost_fusion,S40,0,0.3824370772744184,0.4489341032356408,0,3,21,69,5103
first1,catboost_fusion,S40,0,0.2566454973847433,0.4489341032356408,0,3,22,70,5104
first1,catboost_fusion,S40,1,0.5246230843657788,0.4489341032356408,1,3,23,71,5105
first1,catboost_fusion,S40,1,0.509799399319138,0.4489341032356408,1,3,24,72,5106
first1,catboost_fusion,S40,0,0.46224962865865454,0.4489341032356408,1,4,1,73,5107
first1,catboost_fusion,S40,0,0.4240994384867979,0.4489341032356408,0,4,2,74,5108
first1,catboost_fusion,S40,0,0.2673160222803259,0.4489341032356408,0,4,3,75,5109
first1,catboost_fusion,S40,0,0.2467679150327218,0.4489341032356408,0,4,4,76,5110
first1,catboost_fusion,S40,0,0.2601941737680662,0.4489341032356408,0,4,5,77,5111
first1,catboost_fusion,S40,0,0.2698638937104846,0.4489341032356408,0,4,6,78,5112
first1,catboost_fusion,S40,0,0.20432688427199083,0.4489341032356408,0,4,7,79,5113
first1,catboost_fusion,S40,0,0.30318001561790914,0.4489341032356408,0,4,8,80,5114
first1,catboost_fusion,S40,1,0.4608720945459685,0.4489341032356408,1,4,9,81,5115
first1,catboost_fusion,S40,1,0.6892230854504436,0.4489341032356408,1,4,10,82,5116
first1,catboost_fusion,S40,0,0.2710215251564855,0.4489341032356408,0,4,11,83,5117
first1,catboost_fusion,S40,0,0.2651326565598479,0.4489341032356408,0,4,13,85,5118
first1,catboost_fusion,S40,0,0.2291612723069533,0.4489341032356408,0,4,14,86,5119
first1,catboost_fusion,S40,0,0.44450026809425736,0.4489341032356408,0,4,15,87,5120
first1,catboost_fusion,S40,0,0.3189328799106385,0.4489341032356408,0,4,16,88,5121
first1,catboost_fusion,S40,0,0.36882330807677816,0.4489341032356408,0,4,18,90,5122
first1,catboost_fusion,S40,0,0.2862527180097995,0.4489341032356408,0,4,19,91,5123
first1,catboost_fusion,S40,0,0.21857785567039634,0.4489341032356408,0,4,21,93,5124
first1,catboost_fusion,S40,0,0.3035810135103033,0.4489341032356408,0,4,22,94,5125
first1,catboost_fusion,S40,0,0.3187083356024361,0.4489341032356408,0,4,23,95,5126
first1,catboost_fusion,S40,0,0.3221631781789413,0.4489341032356408,0,4,24,96,5127
first1,catboost_fusion,S40,0,0.31192112768473373,0.4489341032356408,0,5,1,97,5128
first1,catboost_fusion,S40,0,0.23487995662784938,0.4489341032356408,0,5,2,98,5129
first1,catboost_fusion,S40,1,0.35057303991164446,0.4489341032356408,0,5,3,99,5130
first1,catboost_fusion,S40,0,0.3082181589167467,0.4489341032356408,0,5,4,100,5131
first1,catboost_fusion,S40,0,0.23053536995035157,0.4489341032356408,0,5,5,101,5132
first1,catboost_fusion,S40,0,0.3039799110038586,0.4489341032356408,0,5,6,102,5133
first1,catboost_fusion,S40,1,0.2990579682454648,0.4489341032356408,0,5,7,103,5134
first1,catboost_fusion,S40,0,0.3462137193541098,0.4489341032356408,0,5,8,104,5135
first1,catboost_fusion,S40,1,0.5151854735735953,0.4489341032356408,1,5,9,105,5136
first1,catboost_fusion,S40,0,0.5102185474831722,0.4489341032356408,1,5,10,106,5137
first1,catboost_fusion,S40,0,0.4985134254453992,0.4489341032356408,1,5,11,107,5138
first1,catboost_fusion,S40,0,0.7445888147705357,0.4489341032356408,1,5,12,108,5139
first1,catboost_fusion,S40,0,0.23368505813093587,0.4489341032356408,0,5,13,109,5140
first1,catboost_fusion,S40,0,0.2751404226770678,0.4489341032356408,0,5,14,110,5141
first1,catboost_fusion,S40,0,0.1273197496981327,0.4489341032356408,0,5,15,111,5142
first1,catboost_fusion,S40,0,0.24246849991299235,0.4489341032356408,0,5,16,112,5143
first1,catboost_fusion,S40,0,0.31902366061306964,0.4489341032356408,0,5,17,113,5144
first1,catboost_fusion,S40,1,0.20518414090397297,0.4489341032356408,0,5,18,114,5145
first1,catboost_fusion,S40,0,0.23635256507657618,0.4489341032356408,0,5,19,115,5146
first1,catboost_fusion,S40,0,0.24258400382674103,0.4489341032356408,0,5,20,116,5147
first1,catboost_fusion,S40,0,0.14832588132029786,0.4489341032356408,0,5,21,117,5148
first1,catboost_fusion,S40,1,0.22160726844600442,0.4489341032356408,0,5,22,118,5149
first1,catboost_fusion,S40,0,0.17221631437507778,0.4489341032356408,0,5,23,119,5150
first1,catboost_fusion,S40,1,0.7683026285851734,0.4489341032356408,1,5,24,120,5151
first1,catboost_fusion,S40,0,0.3856192787976123,0.4489341032356408,0,6,1,121,5152
first1,catboost_fusion,S40,0,0.2757678771245428,0.4489341032356408,0,6,2,122,5153
first1,catboost_fusion,S40,0,0.6199595619454175,0.4489341032356408,1,6,3,123,5154
first1,catboost_fusion,S40,0,0.35942208070445353,0.4489341032356408,0,6,4,124,5155
first1,catboost_fusion,S40,0,0.14579644981159967,0.4489341032356408,0,6,5,125,5156
first1,catboost_fusion,S40,0,0.18167411989779939,0.4489341032356408,0,6,6,126,5157
first1,catboost_fusion,S40,0,0.31369272450443153,0.4489341032356408,0,6,7,127,5158
first1,catboost_fusion,S40,0,0.2365231154796432,0.4489341032356408,0,6,8,128,5159
first1,catboost_fusion,S40,0,0.33795602314817186,0.4489341032356408,0,6,10,130,5160
first1,catboost_fusion,S40,0,0.15391716054545068,0.4489341032356408,0,6,11,131,5161
first1,catboost_fusion,S40,0,0.19306156288052587,0.4489341032356408,0,6,12,132,5162
first1,catboost_fusion,S40,0,0.3681878247665162,0.4489341032356408,0,6,13,133,5163
first1,catboost_fusion,S40,0,0.3776280166760385,0.4489341032356408,0,6,14,134,5164
first1,catboost_fusion,S40,0,0.38103478121736123,0.4489341032356408,0,6,15,135,5165
first1,catboost_fusion,S40,0,0.1825417450217701,0.4489341032356408,0,6,16,136,5166
first1,catboost_fusion,S40,1,0.16961777433709163,0.4489341032356408,0,6,17,137,5167
first1,catboost_fusion,S40,0,0.3873887222305511,0.4489341032356408,0,6,18,138,5168
first1,catboost_fusion,S40,0,0.3217802451304145,0.4489341032356408,0,6,20,140,5169
first1,catboost_fusion,S40,1,0.18697783660805287,0.4489341032356408,0,6,21,141,5170
first1,catboost_fusion,S40,0,0.3618702548184839,0.4489341032356408,0,6,23,143,5171
first1,catboost_fusion,S40,0,0.5004158178518066,0.4489341032356408,1,6,24,144,5172
first1,catboost_fusion,S41,0,0.23851109960677983,0.521067808519873,0,1,1,1,5173
first1,catboost_fusion,S41,1,0.27493497359721214,0.521067808519873,0,1,2,2,5174
first1,catboost_fusion,S41,0,0.2808981446572529,0.521067808519873,0,1,3,3,5175
first1,catboost_fusion,S41,0,0.23861337908978725,0.521067808519873,0,1,4,4,5176
first1,catboost_fusion,S41,0,0.2488551455062459,0.521067808519873,0,1,5,5,5177
first1,catboost_fusion,S41,0,0.3533969300153787,0.521067808519873,0,1,6,6,5178
first1,catboost_fusion,S41,0,0.17811510725359617,0.521067808519873,0,1,7,7,5179
first1,catboost_fusion,S41,0,0.3248230484605169,0.521067808519873,0,1,8,8,5180
first1,catboost_fusion,S41,0,0.30256620042101495,0.521067808519873,0,1,9,9,5181
first1,catboost_fusion,S41,0,0.24453084958121632,0.521067808519873,0,1,10,10,5182
first1,catboost_fusion,S41,0,0.2720972481017257,0.521067808519873,0,1,11,11,5183
first1,catboost_fusion,S41,0,0.29460599838826035,0.521067808519873,0,1,12,12,5184
first1,catboost_fusion,S41,0,0.2574215689538314,0.521067808519873,0,1,13,13,5185
first1,catboost_fusion,S41,0,0.28266034170249055,0.521067808519873,0,1,14,14,5186
first1,catboost_fusion,S41,0,0.5139519396648482,0.521067808519873,0,1,15,15,5187
first1,catboost_fusion,S41,0,0.4516166934541802,0.521067808519873,0,1,16,16,5188
first1,catboost_fusion,S41,0,0.36092461548534505,0.521067808519873,0,1,17,17,5189
first1,catboost_fusion,S41,0,0.30369861086574246,0.521067808519873,0,1,18,18,5190
first1,catboost_fusion,S41,0,0.13001794943655723,0.521067808519873,0,1,19,19,5191
first1,catboost_fusion,S41,0,0.2217665983061994,0.521067808519873,0,1,20,20,5192
first1,catboost_fusion,S41,0,0.30795878015487654,0.521067808519873,0,1,21,21,5193
first1,catboost_fusion,S41,0,0.17350581189188402,0.521067808519873,0,1,22,22,5194
first1,catboost_fusion,S41,0,0.40031454322767085,0.521067808519873,0,1,23,23,5195
first1,catboost_fusion,S41,0,0.3642015485766627,0.521067808519873,0,1,24,24,5196
first1,catboost_fusion,S41,0,0.16813728306715622,0.521067808519873,0,2,1,25,5197
first1,catboost_fusion,S41,0,0.19420791746874694,0.521067808519873,0,2,2,26,5198
first1,catboost_fusion,S41,0,0.1169185426774379,0.521067808519873,0,2,3,27,5199
first1,catboost_fusion,S41,0,0.40315481809807047,0.521067808519873,0,2,4,28,5200
first1,catboost_fusion,S41,0,0.23532364128251693,0.521067808519873,0,2,6,30,5201
first1,catboost_fusion,S41,0,0.35954102892787343,0.521067808519873,0,2,7,31,5202
first1,catboost_fusion,S41,0,0.12420149807659717,0.521067808519873,0,2,8,32,5203
first1,catboost_fusion,S41,1,0.027136935966703787,0.521067808519873,0,2,9,33,5204
first1,catboost_fusion,S41,0,0.5633085759291652,0.521067808519873,1,2,10,34,5205
first1,catboost_fusion,S41,0,0.37043186442781195,0.521067808519873,0,2,11,35,5206
first1,catboost_fusion,S41,0,0.4996542621961107,0.521067808519873,0,2,12,36,5207
first1,catboost_fusion,S41,0,0.1101061452082076,0.521067808519873,0,2,13,37,5208
first1,catboost_fusion,S41,0,0.22386108021012052,0.521067808519873,0,2,14,38,5209
first1,catboost_fusion,S41,0,0.2648730394904623,0.521067808519873,0,2,15,39,5210
first1,catboost_fusion,S41,0,0.2600722345608507,0.521067808519873,0,2,17,41,5211
first1,catboost_fusion,S41,0,0.27736279923312024,0.521067808519873,0,2,18,42,5212
first1,catboost_fusion,S41,0,0.3281651063798478,0.521067808519873,0,2,19,43,5213
first1,catboost_fusion,S41,1,0.35677810490379824,0.521067808519873,0,2,20,44,5214
first1,catboost_fusion,S41,0,0.20222824088538685,0.521067808519873,0,2,21,45,5215
first1,catboost_fusion,S41,0,0.3226586235529309,0.521067808519873,0,2,22,46,5216
first1,catboost_fusion,S41,0,0.31717719242049075,0.521067808519873,0,2,23,47,5217
first1,catboost_fusion,S41,0,0.21911600929469968,0.521067808519873,0,2,24,48,5218
first1,catboost_fusion,S41,0,0.16845545912913323,0.521067808519873,0,3,1,49,5219
first1,catboost_fusion,S41,0,0.2135735934464322,0.521067808519873,0,3,2,50,5220
first1,catboost_fusion,S41,0,0.2804583074063508,0.521067808519873,0,3,3,51,5221
first1,catboost_fusion,S41,0,0.26728990111285866,0.521067808519873,0,3,4,52,5222
first1,catboost_fusion,S41,0,0.33411555277620286,0.521067808519873,0,3,6,54,5223
first1,catboost_fusion,S41,0,0.30067059551796066,0.521067808519873,0,3,7,55,5224
first1,catboost_fusion,S41,0,0.2349612421907559,0.521067808519873,0,3,8,56,5225
first1,catboost_fusion,S41,0,0.27638417189475845,0.521067808519873,0,3,9,57,5226
first1,catboost_fusion,S41,0,0.13431950387122996,0.521067808519873,0,3,10,58,5227
first1,catboost_fusion,S41,0,0.2358923840877492,0.521067808519873,0,3,11,59,5228
first1,catboost_fusion,S41,1,0.16570076022977534,0.521067808519873,0,3,12,60,5229
first1,catboost_fusion,S41,0,0.42478284585838705,0.521067808519873,0,3,13,61,5230
first1,catboost_fusion,S41,0,0.2804694867693396,0.521067808519873,0,3,14,62,5231
first1,catboost_fusion,S41,0,0.25452877652155426,0.521067808519873,0,3,15,63,5232
first1,catboost_fusion,S41,0,0.40474450417091085,0.521067808519873,0,3,16,64,5233
first1,catboost_fusion,S41,1,0.33387800318138255,0.521067808519873,0,3,17,65,5234
first1,catboost_fusion,S41,0,0.15024175187554614,0.521067808519873,0,3,18,66,5235
first1,catboost_fusion,S41,1,0.1316510561568162,0.521067808519873,0,3,19,67,5236
first1,catboost_fusion,S41,0,0.1852923930008611,0.521067808519873,0,3,20,68,5237
first1,catboost_fusion,S41,0,0.23983394159455926,0.521067808519873,0,3,21,69,5238
first1,catboost_fusion,S41,0,0.42956610553743363,0.521067808519873,0,3,22,70,5239
first1,catboost_fusion,S41,0,0.16390352785525883,0.521067808519873,0,3,23,71,5240
first1,catboost_fusion,S41,0,0.32125530568277166,0.521067808519873,0,3,24,72,5241
first1,catboost_fusion,S41,0,0.18583083140960904,0.521067808519873,0,4,1,73,5242
first1,catboost_fusion,S41,0,0.23523978967079442,0.521067808519873,0,4,2,74,5243
first1,catboost_fusion,S41,0,0.3020141023491586,0.521067808519873,0,4,3,75,5244
first1,catboost_fusion,S41,1,0.21077140530410313,0.521067808519873,0,4,4,76,5245
first1,catboost_fusion,S41,0,0.14064271610161858,0.521067808519873,0,4,5,77,5246
first1,catboost_fusion,S41,0,0.16220711313181987,0.521067808519873,0,4,6,78,5247
first1,catboost_fusion,S41,0,0.2789160390541216,0.521067808519873,0,4,7,79,5248
first1,catboost_fusion,S41,0,0.2072355483249767,0.521067808519873,0,4,8,80,5249
first1,catboost_fusion,S41,0,0.24017370610820357,0.521067808519873,0,4,9,81,5250
first1,catboost_fusion,S41,0,0.3196637460733095,0.521067808519873,0,4,10,82,5251
first1,catboost_fusion,S41,0,0.49625218310206687,0.521067808519873,0,4,11,83,5252
first1,catboost_fusion,S41,0,0.37173945184883,0.521067808519873,0,4,12,84,5253
first1,catboost_fusion,S41,0,0.30581126566951794,0.521067808519873,0,4,13,85,5254
first1,catboost_fusion,S41,0,0.14995296498091457,0.521067808519873,0,4,14,86,5255
first1,catboost_fusion,S41,0,0.22300307421707596,0.521067808519873,0,4,15,87,5256
first1,catboost_fusion,S41,0,0.224405585179762,0.521067808519873,0,4,16,88,5257
first1,catboost_fusion,S41,0,0.1784031931091027,0.521067808519873,0,4,17,89,5258
first1,catboost_fusion,S41,0,0.3676517457805858,0.521067808519873,0,4,18,90,5259
first1,catboost_fusion,S41,0,0.21841080018494233,0.521067808519873,0,4,19,91,5260
first1,catboost_fusion,S41,0,0.23724634035773481,0.521067808519873,0,4,20,92,5261
first1,catboost_fusion,S41,1,0.5797392301840923,0.521067808519873,1,4,21,93,5262
first1,catboost_fusion,S41,0,0.37859407165032627,0.521067808519873,0,4,22,94,5263
first1,catboost_fusion,S41,0,0.4475217646150214,0.521067808519873,0,4,23,95,5264
first1,catboost_fusion,S41,0,0.13326850470240165,0.521067808519873,0,4,24,96,5265
first1,catboost_fusion,S41,0,0.17310033179577855,0.521067808519873,0,5,1,97,5266
first1,catboost_fusion,S41,0,0.13443230226344108,0.521067808519873,0,5,2,98,5267
first1,catboost_fusion,S41,0,0.16224412114694756,0.521067808519873,0,5,3,99,5268
first1,catboost_fusion,S41,0,0.21312715800234636,0.521067808519873,0,5,4,100,5269
first1,catboost_fusion,S41,0,0.2776192129294727,0.521067808519873,0,5,5,101,5270
first1,catboost_fusion,S41,0,0.4150689125500001,0.521067808519873,0,5,6,102,5271
first1,catboost_fusion,S41,1,0.3814403953769303,0.521067808519873,0,5,7,103,5272
first1,catboost_fusion,S41,0,0.2786898620126615,0.521067808519873,0,5,8,104,5273
first1,catboost_fusion,S41,0,0.2725048217229977,0.521067808519873,0,5,10,106,5274
first1,catboost_fusion,S41,0,0.2553749956995223,0.521067808519873,0,5,11,107,5275
first1,catboost_fusion,S41,0,0.2819717450520928,0.521067808519873,0,5,12,108,5276
first1,catboost_fusion,S41,0,0.12153675404603456,0.521067808519873,0,5,13,109,5277
first1,catboost_fusion,S41,0,0.3022246570927792,0.521067808519873,0,5,14,110,5278
first1,catboost_fusion,S41,0,0.27532357037872424,0.521067808519873,0,5,15,111,5279
first1,catboost_fusion,S41,0,0.3098512798403571,0.521067808519873,0,5,16,112,5280
first1,catboost_fusion,S41,0,0.35560284504102235,0.521067808519873,0,5,17,113,5281
first1,catboost_fusion,S41,1,0.2719008264268733,0.521067808519873,0,5,18,114,5282
first1,catboost_fusion,S41,0,0.26802277619473264,0.521067808519873,0,5,20,116,5283
first1,catboost_fusion,S41,0,0.17083610327730453,0.521067808519873,0,5,21,117,5284
first1,catboost_fusion,S41,1,0.3454598165048079,0.521067808519873,0,5,22,118,5285
first1,catboost_fusion,S41,0,0.17122543598119047,0.521067808519873,0,5,24,120,5286
first1,catboost_fusion,S41,0,0.2426290528626439,0.521067808519873,0,6,1,121,5287
first1,catboost_fusion,S41,0,0.24041646281530163,0.521067808519873,0,6,2,122,5288
first1,catboost_fusion,S41,0,0.28209700197513976,0.521067808519873,0,6,3,123,5289
first1,catboost_fusion,S41,0,0.23491611190859563,0.521067808519873,0,6,4,124,5290
first1,catboost_fusion,S41,0,0.2808125095419778,0.521067808519873,0,6,5,125,5291
first1,catboost_fusion,S41,0,0.3920382479280247,0.521067808519873,0,6,6,126,5292
first1,catboost_fusion,S41,0,0.23979568785573294,0.521067808519873,0,6,7,127,5293
first1,catboost_fusion,S41,0,0.24506233107061365,0.521067808519873,0,6,8,128,5294
first1,catboost_fusion,S41,0,0.13853218878569212,0.521067808519873,0,6,9,129,5295
first1,catboost_fusion,S41,0,0.27670831622509706,0.521067808519873,0,6,10,130,5296
first1,catboost_fusion,S41,0,0.2917367734395189,0.521067808519873,0,6,11,131,5297
first1,catboost_fusion,S41,0,0.21314875676886166,0.521067808519873,0,6,12,132,5298
first1,catboost_fusion,S41,0,0.30094419191989064,0.521067808519873,0,6,13,133,5299
first1,catboost_fusion,S41,0,0.14529501423482724,0.521067808519873,0,6,14,134,5300
first1,catboost_fusion,S41,0,0.32866852152978393,0.521067808519873,0,6,15,135,5301
first1,catboost_fusion,S41,0,0.5015636059712761,0.521067808519873,0,6,16,136,5302
first1,catboost_fusion,S41,0,0.21806117879643933,0.521067808519873,0,6,17,137,5303
first1,catboost_fusion,S41,0,0.3400343182916439,0.521067808519873,0,6,18,138,5304
first1,catboost_fusion,S41,1,0.27668039019417023,0.521067808519873,0,6,19,139,5305
first1,catboost_fusion,S41,0,0.2169718354217793,0.521067808519873,0,6,20,140,5306
first1,catboost_fusion,S41,0,0.20621853118890146,0.521067808519873,0,6,22,142,5307
first1,catboost_fusion,S41,0,0.7229755088054703,0.521067808519873,1,6,23,143,5308
first1,catboost_fusion,S41,0,0.15957178939283068,0.521067808519873,0,6,24,144,5309
first1,catboost_fusion,S42,0,0.8640628544310083,0.47799398306786733,1,1,1,1,5310
first1,catboost_fusion,S42,0,0.3903744935983043,0.47799398306786733,0,1,2,2,5311
first1,catboost_fusion,S42,0,0.3566773545622512,0.47799398306786733,0,1,3,3,5312
first1,catboost_fusion,S42,0,0.7821108671675063,0.47799398306786733,1,1,4,4,5313
first1,catboost_fusion,S42,1,0.47243249120747366,0.47799398306786733,0,1,5,5,5314
first1,catboost_fusion,S42,0,0.7778554183892614,0.47799398306786733,1,1,6,6,5315
first1,catboost_fusion,S42,0,0.49157165906041844,0.47799398306786733,1,1,7,7,5316
first1,catboost_fusion,S42,1,0.4606188004249943,0.47799398306786733,0,1,8,8,5317
first1,catboost_fusion,S42,0,0.3840748237971889,0.47799398306786733,0,1,9,9,5318
first1,catboost_fusion,S42,0,0.57762706113268,0.47799398306786733,1,1,10,10,5319
first1,catboost_fusion,S42,0,0.43716297248027847,0.47799398306786733,0,1,11,11,5320
first1,catboost_fusion,S42,0,0.37805670007453956,0.47799398306786733,0,1,12,12,5321
first1,catboost_fusion,S42,0,0.3900287751169551,0.47799398306786733,0,1,13,13,5322
first1,catboost_fusion,S42,0,0.3263001466726254,0.47799398306786733,0,1,14,14,5323
first1,catboost_fusion,S42,0,0.2946832881347331,0.47799398306786733,0,1,15,15,5324
first1,catboost_fusion,S42,0,0.7482799478017136,0.47799398306786733,1,1,16,16,5325
first1,catboost_fusion,S42,0,0.5143678681813684,0.47799398306786733,1,1,17,17,5326
first1,catboost_fusion,S42,0,0.5169179825247686,0.47799398306786733,1,1,18,18,5327
first1,catboost_fusion,S42,1,0.6843884469242326,0.47799398306786733,1,1,19,19,5328
first1,catboost_fusion,S42,0,0.49609498425818394,0.47799398306786733,1,1,20,20,5329
first1,catboost_fusion,S42,0,0.5934808964988069,0.47799398306786733,1,1,21,21,5330
first1,catboost_fusion,S42,0,0.5205490285635823,0.47799398306786733,1,1,22,22,5331
first1,catboost_fusion,S42,0,0.39683802814520597,0.47799398306786733,0,1,23,23,5332
first1,catboost_fusion,S42,0,0.5772493899795971,0.47799398306786733,1,1,24,24,5333
first1,catboost_fusion,S42,0,0.252471757725234,0.47799398306786733,0,2,1,25,5334
first1,catboost_fusion,S42,0,0.5210649213133216,0.47799398306786733,1,2,2,26,5335
first1,catboost_fusion,S42,0,0.44863477315853395,0.47799398306786733,0,2,3,27,5336
first1,catboost_fusion,S42,0,0.4085986066599844,0.47799398306786733,0,2,4,28,5337
first1,catboost_fusion,S42,0,0.5748467181506292,0.47799398306786733,1,2,5,29,5338
first1,catboost_fusion,S42,0,0.5685660908320672,0.47799398306786733,1,2,6,30,5339
first1,catboost_fusion,S42,0,0.7119904195740028,0.47799398306786733,1,2,7,31,5340
first1,catboost_fusion,S42,0,0.7230978785264862,0.47799398306786733,1,2,8,32,5341
first1,catboost_fusion,S42,0,0.6447020414377049,0.47799398306786733,1,2,9,33,5342
first1,catboost_fusion,S42,1,0.6474908248320937,0.47799398306786733,1,2,10,34,5343
first1,catboost_fusion,S42,0,0.22440721983617512,0.47799398306786733,0,2,11,35,5344
first1,catboost_fusion,S42,0,0.3252979050742782,0.47799398306786733,0,2,12,36,5345
first1,catboost_fusion,S42,0,0.3181297410321881,0.47799398306786733,0,2,13,37,5346
first1,catboost_fusion,S42,0,0.7615106764339731,0.47799398306786733,1,2,14,38,5347
first1,catboost_fusion,S42,0,0.40605709471889323,0.47799398306786733,0,2,15,39,5348
first1,catboost_fusion,S42,0,0.6045107545166275,0.47799398306786733,1,2,16,40,5349
first1,catboost_fusion,S42,1,0.7913440751022881,0.47799398306786733,1,2,17,41,5350
first1,catboost_fusion,S42,0,0.33005146462398716,0.47799398306786733,0,2,18,42,5351
first1,catboost_fusion,S42,0,0.5594644291454265,0.47799398306786733,1,2,19,43,5352
first1,catboost_fusion,S42,0,0.4498210442170079,0.47799398306786733,0,2,20,44,5353
first1,catboost_fusion,S42,0,0.3201219779485305,0.47799398306786733,0,2,21,45,5354
first1,catboost_fusion,S42,0,0.31979544979823554,0.47799398306786733,0,2,22,46,5355
first1,catboost_fusion,S42,0,0.37018066207715694,0.47799398306786733,0,2,23,47,5356
first1,catboost_fusion,S42,0,0.5421315690158224,0.47799398306786733,1,2,24,48,5357
first1,catboost_fusion,S42,0,0.1640142641474807,0.47799398306786733,0,3,1,49,5358
first1,catboost_fusion,S42,0,0.21419547161771882,0.47799398306786733,0,3,2,50,5359
first1,catboost_fusion,S42,0,0.22418206355481285,0.47799398306786733,0,3,3,51,5360
first1,catboost_fusion,S42,0,0.5232714478308801,0.47799398306786733,1,3,4,52,5361
first1,catboost_fusion,S42,0,0.35951966395724716,0.47799398306786733,0,3,5,53,5362
first1,catboost_fusion,S42,0,0.38672426243201585,0.47799398306786733,0,3,6,54,5363
first1,catboost_fusion,S42,0,0.6567039357307242,0.47799398306786733,1,3,7,55,5364
first1,catboost_fusion,S42,1,0.7967294239931201,0.47799398306786733,1,3,8,56,5365
first1,catboost_fusion,S42,0,0.755689065327223,0.47799398306786733,1,3,9,57,5366
first1,catboost_fusion,S42,1,0.6670750307254282,0.47799398306786733,1,3,10,58,5367
first1,catboost_fusion,S42,0,0.39668986255599686,0.47799398306786733,0,3,11,59,5368
first1,catboost_fusion,S42,1,0.44231796071709617,0.47799398306786733,0,3,12,60,5369
first1,catboost_fusion,S42,0,0.3521105065537768,0.47799398306786733,0,3,13,61,5370
first1,catboost_fusion,S42,0,0.4094955422007175,0.47799398306786733,0,3,14,62,5371
first1,catboost_fusion,S42,0,0.7444789606394767,0.47799398306786733,1,3,15,63,5372
first1,catboost_fusion,S42,0,0.4488809248539102,0.47799398306786733,0,3,16,64,5373
first1,catboost_fusion,S42,0,0.4405058327172292,0.47799398306786733,0,3,17,65,5374
first1,catboost_fusion,S42,0,0.3838145449706042,0.47799398306786733,0,3,18,66,5375
first1,catboost_fusion,S42,0,0.37134393875848853,0.47799398306786733,0,3,19,67,5376
first1,catboost_fusion,S42,0,0.3307226195438386,0.47799398306786733,0,3,20,68,5377
first1,catboost_fusion,S42,0,0.49896268108691527,0.47799398306786733,1,3,21,69,5378
first1,catboost_fusion,S42,1,0.4161071645664899,0.47799398306786733,0,3,22,70,5379
first1,catboost_fusion,S42,0,0.5918135050347958,0.47799398306786733,1,3,23,71,5380
first1,catboost_fusion,S42,0,0.5017261177207003,0.47799398306786733,1,3,24,72,5381
first1,catboost_fusion,S42,0,0.2414639807183525,0.47799398306786733,0,4,1,73,5382
first1,catboost_fusion,S42,0,0.301852142483485,0.47799398306786733,0,4,2,74,5383
first1,catboost_fusion,S42,0,0.37881710693152726,0.47799398306786733,0,4,3,75,5384
first1,catboost_fusion,S42,0,0.17133723671421514,0.47799398306786733,0,4,4,76,5385
first1,catboost_fusion,S42,0,0.2693005605621858,0.47799398306786733,0,4,5,77,5386
first1,catboost_fusion,S42,0,0.43661864434430164,0.47799398306786733,0,4,6,78,5387
first1,catboost_fusion,S42,0,0.57102514277822,0.47799398306786733,1,4,7,79,5388
first1,catboost_fusion,S42,0,0.22745955387839717,0.47799398306786733,0,4,8,80,5389
first1,catboost_fusion,S42,0,0.21558616345900164,0.47799398306786733,0,4,9,81,5390
first1,catboost_fusion,S42,0,0.4197107254562744,0.47799398306786733,0,4,10,82,5391
first1,catboost_fusion,S42,1,0.2752894410897809,0.47799398306786733,0,4,11,83,5392
first1,catboost_fusion,S42,0,0.23980267781132572,0.47799398306786733,0,4,12,84,5393
first1,catboost_fusion,S42,0,0.2304083838044508,0.47799398306786733,0,4,13,85,5394
first1,catboost_fusion,S42,0,0.1323288017787061,0.47799398306786733,0,4,14,86,5395
first1,catboost_fusion,S42,1,0.18423306455933042,0.47799398306786733,0,4,15,87,5396
first1,catboost_fusion,S42,0,0.3396457195167707,0.47799398306786733,0,4,16,88,5397
first1,catboost_fusion,S42,0,0.2890938540366002,0.47799398306786733,0,4,17,89,5398
first1,catboost_fusion,S42,0,0.4831137719164236,0.47799398306786733,1,4,18,90,5399
first1,catboost_fusion,S42,0,0.2102694762979406,0.47799398306786733,0,4,19,91,5400
first1,catboost_fusion,S42,1,0.7565606442185332,0.47799398306786733,1,4,20,92,5401
first1,catboost_fusion,S42,0,0.4896370383053334,0.47799398306786733,1,4,21,93,5402
first1,catboost_fusion,S42,0,0.5276230969701263,0.47799398306786733,1,4,22,94,5403
first1,catboost_fusion,S42,0,0.4706620347553504,0.47799398306786733,0,4,23,95,5404
first1,catboost_fusion,S42,0,0.49010264956480304,0.47799398306786733,1,4,24,96,5405
first1,catboost_fusion,S42,0,0.3823966353776724,0.47799398306786733,0,5,1,97,5406
first1,catboost_fusion,S42,0,0.29008888283995987,0.47799398306786733,0,5,2,98,5407
first1,catboost_fusion,S42,1,0.3933225575073362,0.47799398306786733,0,5,3,99,5408
first1,catboost_fusion,S42,0,0.465679762250461,0.47799398306786733,0,5,4,100,5409
first1,catboost_fusion,S42,0,0.6427511807650118,0.47799398306786733,1,5,5,101,5410
first1,catboost_fusion,S42,0,0.23714137367852656,0.47799398306786733,0,5,6,102,5411
first1,catboost_fusion,S42,1,0.5012726466322545,0.47799398306786733,1,5,7,103,5412
first1,catboost_fusion,S42,0,0.2616691447969511,0.47799398306786733,0,5,8,104,5413
first1,catboost_fusion,S42,0,0.5541757767124112,0.47799398306786733,1,5,9,105,5414
first1,catboost_fusion,S42,0,0.4544735785837842,0.47799398306786733,0,5,10,106,5415
first1,catboost_fusion,S42,0,0.7270127888666188,0.47799398306786733,1,5,11,107,5416
first1,catboost_fusion,S42,0,0.5134235662168254,0.47799398306786733,1,5,12,108,5417
first1,catboost_fusion,S42,0,0.41087769673503743,0.47799398306786733,0,5,13,109,5418
first1,catboost_fusion,S42,0,0.21976566397738861,0.47799398306786733,0,5,14,110,5419
first1,catboost_fusion,S42,0,0.41371592157676895,0.47799398306786733,0,5,15,111,5420
first1,catboost_fusion,S42,0,0.28350530404319046,0.47799398306786733,0,5,16,112,5421
first1,catboost_fusion,S42,0,0.3396091284124041,0.47799398306786733,0,5,17,113,5422
first1,catboost_fusion,S42,0,0.23316435433822508,0.47799398306786733,0,5,18,114,5423
first1,catboost_fusion,S42,0,0.4932167859019178,0.47799398306786733,1,5,19,115,5424
first1,catboost_fusion,S42,1,0.6740574854092771,0.47799398306786733,1,5,22,118,5425
first1,catboost_fusion,S42,0,0.7002422018217186,0.47799398306786733,1,5,23,119,5426
first1,catboost_fusion,S42,0,0.3343635442093796,0.47799398306786733,0,5,24,120,5427
first1,catboost_fusion,S42,0,0.386390479715926,0.47799398306786733,0,6,1,121,5428
first1,catboost_fusion,S42,0,0.28831669019800826,0.47799398306786733,0,6,2,122,5429
first1,catboost_fusion,S42,0,0.3797398191082569,0.47799398306786733,0,6,3,123,5430
first1,catboost_fusion,S42,1,0.8416562708372252,0.47799398306786733,1,6,4,124,5431
first1,catboost_fusion,S42,0,0.3599549342275645,0.47799398306786733,0,6,5,125,5432
first1,catboost_fusion,S42,0,0.47272752989266836,0.47799398306786733,0,6,6,126,5433
first1,catboost_fusion,S42,1,0.19531147533241827,0.47799398306786733,0,6,7,127,5434
first1,catboost_fusion,S42,0,0.2973469838134314,0.47799398306786733,0,6,8,128,5435
first1,catboost_fusion,S42,0,0.5550793443815589,0.47799398306786733,1,6,9,129,5436
first1,catboost_fusion,S42,0,0.32749530846290337,0.47799398306786733,0,6,10,130,5437
first1,catboost_fusion,S42,0,0.3546938009494583,0.47799398306786733,0,6,11,131,5438
first1,catboost_fusion,S42,0,0.21534865958360852,0.47799398306786733,0,6,12,132,5439
first1,catboost_fusion,S42,0,0.6267256380293285,0.47799398306786733,1,6,13,133,5440
first1,catboost_fusion,S42,0,0.2923292745301812,0.47799398306786733,0,6,14,134,5441
first1,catboost_fusion,S42,0,0.30787932784281874,0.47799398306786733,0,6,15,135,5442
first1,catboost_fusion,S42,0,0.31125499131623496,0.47799398306786733,0,6,16,136,5443
first1,catboost_fusion,S42,1,0.6586157938888761,0.47799398306786733,1,6,17,137,5444
first1,catboost_fusion,S42,0,0.3528134381108677,0.47799398306786733,0,6,18,138,5445
first1,catboost_fusion,S42,0,0.2344506891796855,0.47799398306786733,0,6,19,139,5446
first1,catboost_fusion,S42,1,0.28538278091220226,0.47799398306786733,0,6,20,140,5447
first1,catboost_fusion,S42,0,0.34437141841612723,0.47799398306786733,0,6,21,141,5448
first1,catboost_fusion,S42,0,0.4065690875338351,0.47799398306786733,0,6,22,142,5449
first1,catboost_fusion,S42,0,0.2517464301747917,0.47799398306786733,0,6,23,143,5450
first1,catboost_fusion,S42,0,0.23266481136397016,0.47799398306786733,0,6,24,144,5451
first1,catboost_fusion,S43,0,0.49756277472099264,0.5696640198850532,0,1,1,1,5452
first1,catboost_fusion,S43,0,0.37404712194956213,0.5696640198850532,0,1,2,2,5453
first1,catboost_fusion,S43,0,0.6844932889828963,0.5696640198850532,1,1,3,3,5454
first1,catboost_fusion,S43,1,0.6432691503292887,0.5696640198850532,1,1,4,4,5455
first1,catboost_fusion,S43,0,0.275125902772443,0.5696640198850532,0,1,5,5,5456
first1,catboost_fusion,S43,0,0.38543588265151035,0.5696640198850532,0,1,6,6,5457
first1,catboost_fusion,S43,0,0.17378387360129532,0.5696640198850532,0,1,7,7,5458
first1,catboost_fusion,S43,0,0.3339467471955731,0.5696640198850532,0,1,8,8,5459
first1,catboost_fusion,S43,0,0.2741652851182487,0.5696640198850532,0,1,9,9,5460
first1,catboost_fusion,S43,1,0.45503453877130556,0.5696640198850532,0,1,10,10,5461
first1,catboost_fusion,S43,0,0.3237757445525493,0.5696640198850532,0,1,11,11,5462
first1,catboost_fusion,S43,0,0.3271561858755811,0.5696640198850532,0,1,12,12,5463
first1,catboost_fusion,S43,1,0.2853774005330572,0.5696640198850532,0,1,13,13,5464
first1,catboost_fusion,S43,0,0.3618899463443746,0.5696640198850532,0,1,14,14,5465
first1,catboost_fusion,S43,0,0.39596806593914785,0.5696640198850532,0,1,15,15,5466
first1,catboost_fusion,S43,0,0.27119745205047124,0.5696640198850532,0,1,16,16,5467
first1,catboost_fusion,S43,0,0.30176473235775625,0.5696640198850532,0,1,18,18,5468
first1,catboost_fusion,S43,0,0.3015303280257136,0.5696640198850532,0,1,19,19,5469
first1,catboost_fusion,S43,0,0.16441179527637936,0.5696640198850532,0,1,20,20,5470
first1,catboost_fusion,S43,0,0.32438824996006216,0.5696640198850532,0,1,21,21,5471
first1,catboost_fusion,S43,0,0.4271535445036596,0.5696640198850532,0,1,22,22,5472
first1,catboost_fusion,S43,0,0.2004958072154906,0.5696640198850532,0,1,23,23,5473
first1,catboost_fusion,S43,0,0.19846340851586344,0.5696640198850532,0,1,24,24,5474
first1,catboost_fusion,S43,0,0.4458185353728389,0.5696640198850532,0,2,1,25,5475
first1,catboost_fusion,S43,0,0.35521262122062713,0.5696640198850532,0,2,2,26,5476
first1,catboost_fusion,S43,0,0.2842527816566064,0.5696640198850532,0,2,3,27,5477
first1,catboost_fusion,S43,0,0.7172629321258505,0.5696640198850532,1,2,4,28,5478
first1,catboost_fusion,S43,0,0.31915579371594566,0.5696640198850532,0,2,8,32,5479
first1,catboost_fusion,S43,0,0.3894325927513897,0.5696640198850532,0,2,9,33,5480
first1,catboost_fusion,S43,0,0.25565588550434004,0.5696640198850532,0,2,10,34,5481
first1,catboost_fusion,S43,0,0.2155649102341339,0.5696640198850532,0,2,12,36,5482
first1,catboost_fusion,S43,1,0.20771145204769484,0.5696640198850532,0,2,13,37,5483
first1,catboost_fusion,S43,0,0.3498665916677933,0.5696640198850532,0,2,14,38,5484
first1,catboost_fusion,S43,0,0.3293813661288348,0.5696640198850532,0,2,15,39,5485
first1,catboost_fusion,S43,0,0.1743320271123418,0.5696640198850532,0,2,16,40,5486
first1,catboost_fusion,S43,0,0.36963204850785825,0.5696640198850532,0,2,17,41,5487
first1,catboost_fusion,S43,0,0.39683747265913405,0.5696640198850532,0,2,18,42,5488
first1,catboost_fusion,S43,0,0.2973264856076241,0.5696640198850532,0,2,20,44,5489
first1,catboost_fusion,S43,0,0.24852893996356915,0.5696640198850532,0,2,21,45,5490
first1,catboost_fusion,S43,1,0.1774436697621292,0.5696640198850532,0,2,22,46,5491
first1,catboost_fusion,S43,0,0.24076816271911358,0.5696640198850532,0,2,23,47,5492
first1,catboost_fusion,S43,0,0.3752319333929289,0.5696640198850532,0,2,24,48,5493
first1,catboost_fusion,S43,0,0.2906758640105209,0.5696640198850532,0,3,1,49,5494
first1,catboost_fusion,S43,0,0.23424235824066045,0.5696640198850532,0,3,2,50,5495
first1,catboost_fusion,S43,0,0.13516405860223474,0.5696640198850532,0,3,3,51,5496
first1,catboost_fusion,S43,1,0.42290266258052156,0.5696640198850532,0,3,4,52,5497
first1,catboost_fusion,S43,0,0.2476123259335058,0.5696640198850532,0,3,5,53,5498
first1,catboost_fusion,S43,0,0.2353098079903234,0.5696640198850532,0,3,6,54,5499
first1,catboost_fusion,S43,0,0.3108192192646308,0.5696640198850532,0,3,8,56,5500
first1,catboost_fusion,S43,0,0.5240405684861965,0.5696640198850532,0,3,9,57,5501
first1,catboost_fusion,S43,0,0.7374588983320851,0.5696640198850532,1,3,10,58,5502
first1,catboost_fusion,S43,0,0.2931779745731859,0.5696640198850532,0,3,11,59,5503
first1,catboost_fusion,S43,0,0.2921445677391441,0.5696640198850532,0,3,12,60,5504
first1,catboost_fusion,S43,0,0.443920596879183,0.5696640198850532,0,3,13,61,5505
first1,catboost_fusion,S43,1,0.3177466875942703,0.5696640198850532,0,3,16,64,5506
first1,catboost_fusion,S43,0,0.38126413995796754,0.5696640198850532,0,3,17,65,5507
first1,catboost_fusion,S43,0,0.34900650519774146,0.5696640198850532,0,3,19,67,5508
first1,catboost_fusion,S43,1,0.22928693517627896,0.5696640198850532,0,3,20,68,5509
first1,catboost_fusion,S43,0,0.1335711205906642,0.5696640198850532,0,3,21,69,5510
first1,catboost_fusion,S43,0,0.2688288448212761,0.5696640198850532,0,3,22,70,5511
first1,catboost_fusion,S43,0,0.23321540556022463,0.5696640198850532,0,3,23,71,5512
first1,catboost_fusion,S43,0,0.26299853759250813,0.5696640198850532,0,3,24,72,5513
first1,catboost_fusion,S43,0,0.2528656212743666,0.5696640198850532,0,4,1,73,5514
first1,catboost_fusion,S43,0,0.32589429027348843,0.5696640198850532,0,4,2,74,5515
first1,catboost_fusion,S43,0,0.3249571592234774,0.5696640198850532,0,4,3,75,5516
first1,catboost_fusion,S43,0,0.2293271336489981,0.5696640198850532,0,4,4,76,5517
first1,catboost_fusion,S43,0,0.3035091162137447,0.5696640198850532,0,4,6,78,5518
first1,catboost_fusion,S43,0,0.36462763794939107,0.5696640198850532,0,4,7,79,5519
first1,catboost_fusion,S43,0,0.384850651023041,0.5696640198850532,0,4,8,80,5520
first1,catboost_fusion,S43,0,0.31534887384219307,0.5696640198850532,0,4,9,81,5521
first1,catboost_fusion,S43,0,0.1965054960408381,0.5696640198850532,0,4,10,82,5522
first1,catboost_fusion,S43,0,0.2984115333425465,0.5696640198850532,0,4,11,83,5523
first1,catboost_fusion,S43,0,0.3211252991068368,0.5696640198850532,0,4,12,84,5524
first1,catboost_fusion,S43,0,0.2695384692483752,0.5696640198850532,0,4,13,85,5525
first1,catboost_fusion,S43,0,0.3043500798111634,0.5696640198850532,0,4,14,86,5526
first1,catboost_fusion,S43,1,0.357030289709156,0.5696640198850532,0,4,15,87,5527
first1,catboost_fusion,S43,0,0.16680695166958667,0.5696640198850532,0,4,16,88,5528
first1,catboost_fusion,S43,0,0.4647667775919745,0.5696640198850532,0,4,18,90,5529
first1,catboost_fusion,S43,0,0.43685793206863355,0.5696640198850532,0,4,19,91,5530
first1,catboost_fusion,S43,0,0.4104617276104672,0.5696640198850532,0,4,20,92,5531
first1,catboost_fusion,S43,0,0.38052696586729756,0.5696640198850532,0,4,21,93,5532
first1,catboost_fusion,S43,0,0.21438151854086374,0.5696640198850532,0,4,22,94,5533
first1,catboost_fusion,S43,1,0.2952169950512444,0.5696640198850532,0,4,23,95,5534
first1,catboost_fusion,S43,0,0.20600116835642443,0.5696640198850532,0,4,24,96,5535
first1,catboost_fusion,S43,0,0.4124082946891742,0.5696640198850532,0,5,1,97,5536
first1,catboost_fusion,S43,0,0.3047009358595151,0.5696640198850532,0,5,3,99,5537
first1,catboost_fusion,S43,0,0.4281669127777227,0.5696640198850532,0,5,4,100,5538
first1,catboost_fusion,S43,0,0.17367309188102947,0.5696640198850532,0,5,5,101,5539
first1,catboost_fusion,S43,0,0.1722593061401498,0.5696640198850532,0,5,6,102,5540
first1,catboost_fusion,S43,1,0.22677279906073836,0.5696640198850532,0,5,7,103,5541
first1,catboost_fusion,S43,0,0.249855643613015,0.5696640198850532,0,5,8,104,5542
first1,catboost_fusion,S43,0,0.21782799021778118,0.5696640198850532,0,5,9,105,5543
first1,catboost_fusion,S43,0,0.3648050256172403,0.5696640198850532,0,5,10,106,5544
first1,catboost_fusion,S43,0,0.3098746574617348,0.5696640198850532,0,5,11,107,5545
first1,catboost_fusion,S43,0,0.3431371621336195,0.5696640198850532,0,5,12,108,5546
first1,catboost_fusion,S43,0,0.3204632586450119,0.5696640198850532,0,5,13,109,5547
first1,catboost_fusion,S43,1,0.18440011582728638,0.5696640198850532,0,5,14,110,5548
first1,catboost_fusion,S43,0,0.28936531330448045,0.5696640198850532,0,5,15,111,5549
first1,catboost_fusion,S43,0,0.42725294894787413,0.5696640198850532,0,5,18,114,5550
first1,catboost_fusion,S43,0,0.2536623345748259,0.5696640198850532,0,5,19,115,5551
first1,catboost_fusion,S43,0,0.3128466165076639,0.5696640198850532,0,5,20,116,5552
first1,catboost_fusion,S43,0,0.6151025976916278,0.5696640198850532,1,5,21,117,5553
first1,catboost_fusion,S43,0,0.2208296699174805,0.5696640198850532,0,5,22,118,5554
first1,catboost_fusion,S43,0,0.4781700696515223,0.5696640198850532,0,5,23,119,5555
first1,catboost_fusion,S43,1,0.2517597418710797,0.5696640198850532,0,5,24,120,5556
first1,catboost_fusion,S43,0,0.2518402560184528,0.5696640198850532,0,6,1,121,5557
first1,catboost_fusion,S43,1,0.2680078621907119,0.5696640198850532,0,6,2,122,5558
first1,catboost_fusion,S43,0,0.3701360987019496,0.5696640198850532,0,6,3,123,5559
first1,catboost_fusion,S43,0,0.3765180505133618,0.5696640198850532,0,6,4,124,5560
first1,catboost_fusion,S43,0,0.7575346783352613,0.5696640198850532,1,6,6,126,5561
first1,catboost_fusion,S43,0,0.2265588839057715,0.5696640198850532,0,6,7,127,5562
first1,catboost_fusion,S43,0,0.19715841393265524,0.5696640198850532,0,6,8,128,5563
first1,catboost_fusion,S43,1,0.34231541028340584,0.5696640198850532,0,6,9,129,5564
first1,catboost_fusion,S43,0,0.19036967224420961,0.5696640198850532,0,6,11,131,5565
first1,catboost_fusion,S43,0,0.3337133899945323,0.5696640198850532,0,6,12,132,5566
first1,catboost_fusion,S43,0,0.21464244742169603,0.5696640198850532,0,6,16,136,5567
first1,catboost_fusion,S43,0,0.284822422577307,0.5696640198850532,0,6,17,137,5568
first1,catboost_fusion,S43,0,0.31529265165323006,0.5696640198850532,0,6,18,138,5569
first1,catboost_fusion,S43,0,0.2905790756059579,0.5696640198850532,0,6,19,139,5570
first1,catboost_fusion,S43,1,0.2071076494415062,0.5696640198850532,0,6,20,140,5571
first1,catboost_fusion,S43,0,0.1647012299625286,0.5696640198850532,0,6,21,141,5572
first1,catboost_fusion,S43,0,0.32437260430374154,0.5696640198850532,0,6,22,142,5573
first1,catboost_fusion,S43,0,0.48127309331224294,0.5696640198850532,0,6,23,143,5574
first1,catboost_fusion,S43,0,0.22103897252681926,0.5696640198850532,0,6,24,144,5575
first1,catboost_fusion,S44,0,0.14709588496278161,0.4808874970388599,0,1,1,1,5576
first1,catboost_fusion,S44,0,0.24490438737886888,0.4808874970388599,0,1,2,2,5577
first1,catboost_fusion,S44,0,0.29667827131801117,0.4808874970388599,0,1,3,3,5578
first1,catboost_fusion,S44,0,0.1766959785093188,0.4808874970388599,0,1,4,4,5579
first1,catboost_fusion,S44,0,0.14367670665664362,0.4808874970388599,0,1,5,5,5580
first1,catboost_fusion,S44,0,0.24476829447522644,0.4808874970388599,0,1,6,6,5581
first1,catboost_fusion,S44,1,0.22039447519152894,0.4808874970388599,0,1,7,7,5582
first1,catboost_fusion,S44,0,0.11684095806550054,0.4808874970388599,0,1,8,8,5583
first1,catboost_fusion,S44,0,0.22826443921287556,0.4808874970388599,0,1,9,9,5584
first1,catboost_fusion,S44,0,0.15803035003686103,0.4808874970388599,0,1,10,10,5585
first1,catboost_fusion,S44,0,0.08931630446154948,0.4808874970388599,0,1,11,11,5586
first1,catboost_fusion,S44,0,0.16788640731626125,0.4808874970388599,0,1,12,12,5587
first1,catboost_fusion,S44,0,0.1660108986000505,0.4808874970388599,0,1,13,13,5588
first1,catboost_fusion,S44,1,0.12560151307282288,0.4808874970388599,0,1,14,14,5589
first1,catboost_fusion,S44,0,0.09929548234973812,0.4808874970388599,0,1,15,15,5590
first1,catboost_fusion,S44,0,0.32362619861537184,0.4808874970388599,0,1,16,16,5591
first1,catboost_fusion,S44,0,0.23353484600220495,0.4808874970388599,0,1,17,17,5592
first1,catboost_fusion,S44,0,0.13356847387987994,0.4808874970388599,0,1,18,18,5593
first1,catboost_fusion,S44,0,0.2876414520872817,0.4808874970388599,0,1,19,19,5594
first1,catboost_fusion,S44,1,0.30372644841397906,0.4808874970388599,0,1,20,20,5595
first1,catboost_fusion,S44,0,0.2096076612349399,0.4808874970388599,0,1,21,21,5596
first1,catboost_fusion,S44,0,0.5177379654178949,0.4808874970388599,1,1,22,22,5597
first1,catboost_fusion,S44,0,0.1881406713467728,0.4808874970388599,0,1,23,23,5598
first1,catboost_fusion,S44,0,0.13903030335545674,0.4808874970388599,0,1,24,24,5599
first1,catboost_fusion,S44,0,0.11975168070828329,0.4808874970388599,0,2,1,25,5600
first1,catboost_fusion,S44,0,0.16920748046579046,0.4808874970388599,0,2,2,26,5601
first1,catboost_fusion,S44,0,0.17283503658283067,0.4808874970388599,0,2,3,27,5602
first1,catboost_fusion,S44,0,0.24016335986542603,0.4808874970388599,0,2,5,29,5603
first1,catboost_fusion,S44,0,0.40327241674278375,0.4808874970388599,0,2,6,30,5604
first1,catboost_fusion,S44,0,0.23538783505765717,0.4808874970388599,0,2,7,31,5605
first1,catboost_fusion,S44,1,0.2040857285075138,0.4808874970388599,0,2,8,32,5606
first1,catboost_fusion,S44,0,0.19809059856048372,0.4808874970388599,0,2,9,33,5607
first1,catboost_fusion,S44,0,0.3199717965651328,0.4808874970388599,0,2,10,34,5608
first1,catboost_fusion,S44,0,0.18679691212348698,0.4808874970388599,0,2,11,35,5609
first1,catboost_fusion,S44,0,0.24075911485639884,0.4808874970388599,0,2,12,36,5610
first1,catboost_fusion,S44,0,0.17867979210616602,0.4808874970388599,0,2,13,37,5611
first1,catboost_fusion,S44,0,0.13141532947468504,0.4808874970388599,0,2,14,38,5612
first1,catboost_fusion,S44,0,0.2415416326844064,0.4808874970388599,0,2,15,39,5613
first1,catboost_fusion,S44,0,0.24235547446586417,0.4808874970388599,0,2,16,40,5614
first1,catboost_fusion,S44,0,0.3200574651956589,0.4808874970388599,0,2,17,41,5615
first1,catboost_fusion,S44,0,0.22651738652983577,0.4808874970388599,0,2,18,42,5616
first1,catboost_fusion,S44,0,0.14848814197054788,0.4808874970388599,0,2,19,43,5617
first1,catboost_fusion,S44,0,0.187081355230708,0.4808874970388599,0,2,20,44,5618
first1,catboost_fusion,S44,0,0.4987765201447953,0.4808874970388599,1,2,21,45,5619
first1,catboost_fusion,S44,0,0.5670275588334776,0.4808874970388599,1,2,22,46,5620
first1,catboost_fusion,S44,1,0.5920853442513179,0.4808874970388599,1,2,23,47,5621
first1,catboost_fusion,S44,0,0.4403897909877618,0.4808874970388599,0,2,24,48,5622
first1,catboost_fusion,S44,0,0.2590086686603879,0.4808874970388599,0,3,1,49,5623
first1,catboost_fusion,S44,0,0.12081170052906424,0.4808874970388599,0,3,2,50,5624
first1,catboost_fusion,S44,0,0.22799593187810757,0.4808874970388599,0,3,3,51,5625
first1,catboost_fusion,S44,0,0.24987054744458137,0.4808874970388599,0,3,4,52,5626
first1,catboost_fusion,S44,0,0.1351918455172647,0.4808874970388599,0,3,5,53,5627
first1,catboost_fusion,S44,0,0.2599123782418359,0.4808874970388599,0,3,7,55,5628
first1,catboost_fusion,S44,0,0.0801612766101049,0.4808874970388599,0,3,8,56,5629
first1,catboost_fusion,S44,0,0.11559532348350131,0.4808874970388599,0,3,9,57,5630
first1,catboost_fusion,S44,0,0.18464165389593284,0.4808874970388599,0,3,10,58,5631
first1,catboost_fusion,S44,0,0.16377392293917648,0.4808874970388599,0,3,11,59,5632
first1,catboost_fusion,S44,1,0.352196617179756,0.4808874970388599,0,3,12,60,5633
first1,catboost_fusion,S44,0,0.19523414370975034,0.4808874970388599,0,3,13,61,5634
first1,catboost_fusion,S44,0,0.20366395607527185,0.4808874970388599,0,3,14,62,5635
first1,catboost_fusion,S44,0,0.5530702613567443,0.4808874970388599,1,3,15,63,5636
first1,catboost_fusion,S44,1,0.3037719839911366,0.4808874970388599,0,3,16,64,5637
first1,catboost_fusion,S44,0,0.2077229161021652,0.4808874970388599,0,3,17,65,5638
first1,catboost_fusion,S44,0,0.13155766955851886,0.4808874970388599,0,3,18,66,5639
first1,catboost_fusion,S44,0,0.16968022508142527,0.4808874970388599,0,3,19,67,5640
first1,catboost_fusion,S44,1,0.1933319367887401,0.4808874970388599,0,3,20,68,5641
first1,catboost_fusion,S44,0,0.3724952482165554,0.4808874970388599,0,3,21,69,5642
first1,catboost_fusion,S44,0,0.5303847224275923,0.4808874970388599,1,3,22,70,5643
first1,catboost_fusion,S44,0,0.1657751267980519,0.4808874970388599,0,3,23,71,5644
first1,catboost_fusion,S44,0,0.23698214152243252,0.4808874970388599,0,3,24,72,5645
first1,catboost_fusion,S44,0,0.11831703652135558,0.4808874970388599,0,4,2,74,5646
first1,catboost_fusion,S44,0,0.14535455265927213,0.4808874970388599,0,4,3,75,5647
first1,catboost_fusion,S44,0,0.1874067639678855,0.4808874970388599,0,4,4,76,5648
first1,catboost_fusion,S44,0,0.27376627390662395,0.4808874970388599,0,4,5,77,5649
first1,catboost_fusion,S44,0,0.16143875199395963,0.4808874970388599,0,4,6,78,5650
first1,catboost_fusion,S44,0,0.1511073970288813,0.4808874970388599,0,4,7,79,5651
first1,catboost_fusion,S44,1,0.19347252767687104,0.4808874970388599,0,4,8,80,5652
first1,catboost_fusion,S44,0,0.17875439604646326,0.4808874970388599,0,4,9,81,5653
first1,catboost_fusion,S44,0,0.6820963194403006,0.4808874970388599,1,4,10,82,5654
first1,catboost_fusion,S44,0,0.17439383749630644,0.4808874970388599,0,4,11,83,5655
first1,catboost_fusion,S44,0,0.1736333529794813,0.4808874970388599,0,4,12,84,5656
first1,catboost_fusion,S44,0,0.20753154015513564,0.4808874970388599,0,4,13,85,5657
first1,catboost_fusion,S44,0,0.26458529748285325,0.4808874970388599,0,4,14,86,5658
first1,catboost_fusion,S44,0,0.08929478908169969,0.4808874970388599,0,4,15,87,5659
first1,catboost_fusion,S44,0,0.0934741006679522,0.4808874970388599,0,4,16,88,5660
first1,catboost_fusion,S44,1,0.508974292382637,0.4808874970388599,1,4,17,89,5661
first1,catboost_fusion,S44,0,0.17263098641913005,0.4808874970388599,0,4,18,90,5662
first1,catboost_fusion,S44,0,0.11770112228111711,0.4808874970388599,0,4,19,91,5663
first1,catboost_fusion,S44,0,0.2509449606712307,0.4808874970388599,0,4,20,92,5664
first1,catboost_fusion,S44,0,0.25300511043257934,0.4808874970388599,0,4,21,93,5665
first1,catboost_fusion,S44,0,0.27588117933609746,0.4808874970388599,0,4,22,94,5666
first1,catboost_fusion,S44,0,0.12815530228366936,0.4808874970388599,0,4,23,95,5667
first1,catboost_fusion,S44,0,0.1268953909411905,0.4808874970388599,0,4,24,96,5668
first1,catboost_fusion,S44,0,0.3150730277882884,0.4808874970388599,0,5,1,97,5669
first1,catboost_fusion,S44,1,0.12890381826713956,0.4808874970388599,0,5,2,98,5670
first1,catboost_fusion,S44,0,0.30316895044563325,0.4808874970388599,0,5,3,99,5671
first1,catboost_fusion,S44,0,0.4301212819134366,0.4808874970388599,0,5,4,100,5672
first1,catboost_fusion,S44,0,0.18796674251018042,0.4808874970388599,0,5,5,101,5673
first1,catboost_fusion,S44,0,0.2696065518967143,0.4808874970388599,0,5,6,102,5674
first1,catboost_fusion,S44,1,0.11999358907422328,0.4808874970388599,0,5,7,103,5675
first1,catboost_fusion,S44,0,0.5275677004017332,0.4808874970388599,1,5,8,104,5676
first1,catboost_fusion,S44,0,0.20711101143966926,0.4808874970388599,0,5,9,105,5677
first1,catboost_fusion,S44,0,0.3173396416508652,0.4808874970388599,0,5,10,106,5678
first1,catboost_fusion,S44,0,0.2947106508442535,0.4808874970388599,0,5,11,107,5679
first1,catboost_fusion,S44,0,0.20742444761407616,0.4808874970388599,0,5,12,108,5680
first1,catboost_fusion,S44,0,0.16697304307325112,0.4808874970388599,0,5,13,109,5681
first1,catboost_fusion,S44,0,0.1933629971572757,0.4808874970388599,0,5,14,110,5682
first1,catboost_fusion,S44,1,0.2372742017164424,0.4808874970388599,0,5,15,111,5683
first1,catboost_fusion,S44,0,0.1189525832076182,0.4808874970388599,0,5,16,112,5684
first1,catboost_fusion,S44,0,0.26041157774258655,0.4808874970388599,0,5,17,113,5685
first1,catboost_fusion,S44,0,0.5047116191099278,0.4808874970388599,1,5,18,114,5686
first1,catboost_fusion,S44,1,0.16512051178348078,0.4808874970388599,0,5,19,115,5687
first1,catboost_fusion,S44,0,0.3172332499312296,0.4808874970388599,0,5,20,116,5688
first1,catboost_fusion,S44,0,0.13884405977462075,0.4808874970388599,0,5,21,117,5689
first1,catboost_fusion,S44,0,0.18376386582514512,0.4808874970388599,0,5,22,118,5690
first1,catboost_fusion,S44,0,0.21391449183801278,0.4808874970388599,0,5,23,119,5691
first1,catboost_fusion,S44,0,0.12223884268699656,0.4808874970388599,0,5,24,120,5692
first1,catboost_fusion,S44,0,0.1375962642192463,0.4808874970388599,0,6,1,121,5693
first1,catboost_fusion,S44,1,0.2056802328127329,0.4808874970388599,0,6,2,122,5694
first1,catboost_fusion,S44,0,0.15887320547560574,0.4808874970388599,0,6,3,123,5695
first1,catboost_fusion,S44,0,0.13797303098050356,0.4808874970388599,0,6,4,124,5696
first1,catboost_fusion,S44,0,0.406829589268354,0.4808874970388599,0,6,5,125,5697
first1,catboost_fusion,S44,0,0.09228842223107231,0.4808874970388599,0,6,7,127,5698
first1,catboost_fusion,S44,0,0.25342672446891745,0.4808874970388599,0,6,9,129,5699
first1,catboost_fusion,S44,0,0.15523271367159525,0.4808874970388599,0,6,10,130,5700
first1,catboost_fusion,S44,0,0.2449541574520639,0.4808874970388599,0,6,11,131,5701
first1,catboost_fusion,S44,0,0.11063197655142083,0.4808874970388599,0,6,12,132,5702
first1,catboost_fusion,S44,0,0.1568854299814946,0.4808874970388599,0,6,13,133,5703
first1,catboost_fusion,S44,0,0.11755927013155218,0.4808874970388599,0,6,14,134,5704
first1,catboost_fusion,S44,0,0.0744977486331155,0.4808874970388599,0,6,15,135,5705
first1,catboost_fusion,S44,0,0.1548539971842392,0.4808874970388599,0,6,16,136,5706
first1,catboost_fusion,S44,0,0.24829045498347185,0.4808874970388599,0,6,17,137,5707
first1,catboost_fusion,S44,0,0.12032917965399789,0.4808874970388599,0,6,18,138,5708
first1,catboost_fusion,S44,0,0.25796743322571647,0.4808874970388599,0,6,19,139,5709
first1,catboost_fusion,S44,1,0.2647715441103345,0.4808874970388599,0,6,20,140,5710
first1,catboost_fusion,S44,0,0.2666156937398318,0.4808874970388599,0,6,21,141,5711
first1,catboost_fusion,S44,0,0.24962340943405043,0.4808874970388599,0,6,22,142,5712
first1,catboost_fusion,S44,0,0.23299757342783958,0.4808874970388599,0,6,23,143,5713
first1,catboost_fusion,S44,0,0.2248008737564294,0.4808874970388599,0,6,24,144,5714
