heldout_subject,condition,horizon,n,n_buy,pr_auc,roc_auc,balanced_accuracy,buy_f1,buy_precision,buy_recall,mcc,ece,threshold,best_epoch,validation_subjects,final_training_loss
S01,behavior,first1,129,12,0.3172254645938856,0.75997150997151,0.6720085470085471,0.2978723404255319,0.2,0.5833333333333334,0.22473236795522997,0.23428918016973393,0.3772576688576226,13,S08|S09|S10|S18|S24|S26|S28|S30|S33,1.0128047061657932
S01,behavior,first2,95,11,0.5285265105291006,0.8463203463203464,0.7797619047619048,0.3728813559322034,0.22916666666666666,1.0,0.35808407720702456,0.3168711034875167,0.4,13,S08|S09|S10|S18|S24|S26|S28|S30|S33,1.0128047061657932
S01,behavior,first3,63,9,0.48698598347721156,0.7901234567901234,0.7314814814814814,0.46153846153846156,0.35294117647058826,0.6666666666666666,0.36497322654611486,0.359431794238469,0.6976386575265363,13,S08|S09|S10|S18|S24|S26|S28|S30|S33,1.0128047061657932
S01,behavior,full,129,12,0.5127479735855696,0.896011396011396,0.8600427350427351,0.4782608695652174,0.3235294117647059,0.9166666666666666,0.47475149447214227,0.3400049273126809,0.5606329226493835,13,S08|S09|S10|S18|S24|S26|S28|S30|S33,1.0128047061657932
S01,behavior_et,first1,129,12,0.411119392628299,0.7378917378917379,0.6121794871794872,0.3333333333333333,0.5,0.25,0.3094559368642616,0.1846661552382532,0.66,7,S08|S09|S10|S18|S24|S26|S28|S30|S33,0.9957734881615152
S01,behavior_et,first2,95,11,0.5011700105450105,0.8398268398268398,0.663961038961039,0.4444444444444444,0.5714285714285714,0.36363636363636365,0.401620883151138,0.2564539621142965,0.7237675946409052,7,S08|S09|S10|S18|S24|S26|S28|S30|S33,0.9957734881615152
S01,behavior_et,first3,63,9,0.4681962774068037,0.7839506172839505,0.6018518518518519,0.3333333333333333,0.6666666666666666,0.2222222222222222,0.3347193406976015,0.3005863031934178,0.8243341529730595,7,S08|S09|S10|S18|S24|S26|S28|S30|S33,0.9957734881615152
S01,behavior_et,full,129,12,0.5336884590916849,0.9145299145299146,0.7072649572649572,0.42857142857142855,0.375,0.5,0.3652920475579457,0.2761974184550056,0.72,7,S08|S09|S10|S18|S24|S26|S28|S30|S33,0.9957734881615152
S01,behavior_eeg,first1,129,12,0.3407293347322797,0.707977207977208,0.6367521367521367,0.34782608695652173,0.36363636363636365,0.3333333333333333,0.2844528728025791,0.20128689544607503,0.53,3,S08|S09|S10|S18|S24|S26|S28|S30|S33,1.016595416712667
S01,behavior_eeg,first2,95,11,0.44272340719709136,0.8246753246753247,0.7132034632034632,0.4444444444444444,0.375,0.5454545454545454,0.3645748445110555,0.2886430169406691,0.61,3,S08|S09|S10|S18|S24|S26|S28|S30|S33,1.016595416712667
S01,behavior_eeg,first3,63,9,0.45095624456679223,0.7777777777777778,0.6851851851851851,0.4166666666666667,0.3333333333333333,0.5555555555555556,0.30429030972509225,0.3266625475315821,0.6445644228024916,3,S08|S09|S10|S18|S24|S26|S28|S30|S33,1.016595416712667
S01,behavior_eeg,full,129,12,0.5632929900760976,0.900997150997151,0.8108974358974359,0.5,0.375,0.75,0.4641201451752651,0.3078868244738542,0.6,3,S08|S09|S10|S18|S24|S26|S28|S30|S33,1.016595416712667
S01,behavior_eeg_et,first1,129,12,0.3224827184126467,0.695868945868946,0.6698717948717949,0.38461538461538464,0.35714285714285715,0.4166666666666667,0.31726479751763864,0.16845843363408894,0.49,3,S08|S09|S10|S18|S24|S26|S28|S30|S33,1.010542321025877
S01,behavior_eeg_et,first2,95,11,0.4587875614596588,0.8192640692640694,0.6677489177489178,0.38461538461538464,0.3333333333333333,0.45454545454545453,0.29439815585406465,0.2560318662147773,0.63,3,S08|S09|S10|S18|S24|S26|S28|S30|S33,1.010542321025877
S01,behavior_eeg_et,first3,63,9,0.48023288439955103,0.7613168724279835,0.6574074074074074,0.4,0.36363636363636365,0.4444444444444444,0.29018521534954056,0.2972068943911128,0.7000000000000001,3,S08|S09|S10|S18|S24|S26|S28|S30|S33,1.010542321025877
S01,behavior_eeg_et,full,129,12,0.5318287447319705,0.9045584045584045,0.6367521367521367,0.34782608695652173,0.36363636363636365,0.3333333333333333,0.2844528728025791,0.2736515935308249,0.72,3,S08|S09|S10|S18|S24|S26|S28|S30|S33,1.010542321025877
S01,behavior_no_propensity,first1,129,12,0.2688148738538722,0.6118233618233618,0.6282051282051282,0.32,0.3076923076923077,0.3333333333333333,0.24741058496256804,0.2389070659644844,0.4377889931201935,24,S08|S09|S10|S18|S24|S26|S28|S30|S33,1.0431796915847855
S01,behavior_no_propensity,first2,95,11,0.4028977256810619,0.8170995670995671,0.7781385281385282,0.42857142857142855,0.2903225806451613,0.8181818181818182,0.3796263064164424,0.32690817933333544,0.49,24,S08|S09|S10|S18|S24|S26|S28|S30|S33,1.0431796915847855
S01,behavior_no_propensity,first3,63,9,0.4550232675061677,0.7325102880658436,0.5925925925925926,0.3076923076923077,0.5,0.2222222222222222,0.26574700172636695,0.36832982065185665,0.8,24,S08|S09|S10|S18|S24|S26|S28|S30|S33,1.0431796915847855
S01,behavior_no_propensity,full,129,12,0.4391435494795954,0.8824786324786325,0.7564102564102564,0.42105263157894735,0.3076923076923077,0.6666666666666666,0.37131599386575215,0.3548799284206804,0.64,24,S08|S09|S10|S18|S24|S26|S28|S30|S33,1.0431796915847855
S02,behavior,first1,127,15,0.19930456329420887,0.6607142857142857,0.6038690476190476,0.27450980392156865,0.19444444444444445,0.4666666666666667,0.1487643399046203,0.23340241317673932,0.41202195920727464,6,S08|S15|S16|S19|S20|S22|S32|S37|S40,1.0207766314959132
S02,behavior,first2,95,15,0.5533788079363821,0.8358333333333333,0.7729166666666667,0.5365853658536586,0.4230769230769231,0.7333333333333333,0.44641569764311884,0.3000284522771835,0.6014709938656196,6,S08|S15|S16|S19|S20|S22|S32|S37|S40,1.0207766314959132
S02,behavior,first3,58,13,0.5911910553214901,0.876923076923077,0.8068376068376069,0.6666666666666666,0.5882352941176471,0.7692307692307693,0.5622120199655017,0.35937548094782334,0.7677115120671011,6,S08|S15|S16|S19|S20|S22|S32|S37|S40,1.0207766314959132
S02,behavior,full,127,15,0.712576582599353,0.9571428571428572,0.9130952380952382,0.6829268292682927,0.5384615384615384,0.9333333333333333,0.6608265212195533,0.3804791366725456,0.7463411984058341,6,S08|S15|S16|S19|S20|S22|S32|S37|S40,1.0207766314959132
S02,behavior_et,first1,127,15,0.22676038632126183,0.7285714285714285,0.7172619047619048,0.39215686274509803,0.2777777777777778,0.6666666666666666,0.3111689631242774,0.25252434282790953,0.4442774970242471,6,S08|S15|S16|S19|S20|S22|S32|S37|S40,1.0036792937311516
S02,behavior_et,first2,95,15,0.510668340122769,0.8624999999999999,0.7770833333333333,0.5882352941176471,0.5263157894736842,0.6666666666666666,0.5051814855409225,0.3229741584313543,0.68,6,S08|S15|S16|S19|S20|S22|S32|S37|S40,1.0036792937311516
S02,behavior_et,first3,58,13,0.6052679776363987,0.894017094017094,0.8837606837606837,0.75,0.631578947368421,0.9230769230769231,0.6819606310611089,0.3786590672258674,0.7776914238929749,6,S08|S15|S16|S19|S20|S22|S32|S37|S40,1.0036792937311516
S02,behavior_et,full,127,15,0.6842444420617795,0.9583333333333334,0.8354166666666667,0.6666666666666666,0.6111111111111112,0.7333333333333333,0.6207543529453866,0.39476304542361285,0.8300000000000001,6,S08|S15|S16|S19|S20|S22|S32|S37|S40,1.0036792937311516
S02,behavior_eeg,first1,127,15,0.24037432813495924,0.7011904761904761,0.6151785714285715,0.3,0.24,0.4,0.18697615899791462,0.2577169096962673,0.5800000000000001,6,S08|S15|S16|S19|S20|S22|S32|S37|S40,0.9782565130279502
S02,behavior_eeg,first2,95,15,0.5455466223000237,0.8466666666666667,0.7895833333333333,0.625,0.5882352941176471,0.6666666666666666,0.5509629807289557,0.32461629509925843,0.7834318421103738,6,S08|S15|S16|S19|S20|S22|S32|S37|S40,0.9782565130279502
S02,behavior_eeg,first3,58,13,0.5837753320869083,0.8683760683760684,0.7846153846153847,0.625,0.5263157894736842,0.7692307692307693,0.5057748110096866,0.3920326312554293,0.7759220112453807,6,S08|S15|S16|S19|S20|S22|S32|S37|S40,0.9782565130279502
S02,behavior_eeg,full,127,15,0.7180873022252332,0.9589285714285715,0.9285714285714286,0.6521739130434783,0.4838709677419355,1.0,0.6440081861116378,0.405358920709824,0.72,6,S08|S15|S16|S19|S20|S22|S32|S37|S40,0.9782565130279502
S02,behavior_eeg_et,first1,127,15,0.21714083826787253,0.6476190476190475,0.5,0.0,0.0,0.0,0.0,0.2538279082596771,0.8362542426887185,10,S08|S15|S16|S19|S20|S22|S32|S37|S40,0.8987018314957533
S02,behavior_eeg_et,first2,95,15,0.5184242815784008,0.8241666666666667,0.7020833333333334,0.5185185185185185,0.5833333333333334,0.4666666666666667,0.4436305507916652,0.31451248452067376,0.8200000000000001,10,S08|S15|S16|S19|S20|S22|S32|S37|S40,0.8987018314957533
S02,behavior_eeg_et,first3,58,13,0.625367824558108,0.8837606837606837,0.805982905982906,0.6153846153846154,0.46153846153846156,0.9230769230769231,0.5131489332980287,0.35930505202248175,0.7000000000000001,10,S08|S15|S16|S19|S20|S22|S32|S37|S40,0.8987018314957533
S02,behavior_eeg_et,full,127,15,0.7335107702754761,0.9607142857142857,0.930952380952381,0.7567567567567568,0.6363636363636364,0.9333333333333333,0.7350348506736283,0.3843416886653487,0.8363252448794818,10,S08|S15|S16|S19|S20|S22|S32|S37|S40,0.8987018314957533
S02,behavior_no_propensity,first1,127,15,0.14476154535999758,0.5577380952380953,0.5595238095238095,0.22727272727272727,0.1724137931034483,0.3333333333333333,0.09152996957601064,0.23162615346157647,0.4261510324478152,9,S08|S15|S16|S19|S20|S22|S32|S37|S40,1.0559370402532045
S02,behavior_no_propensity,first2,95,15,0.4885169669827061,0.81,0.8,0.5581395348837209,0.42857142857142855,0.8,0.47987205117725507,0.3086770576866049,0.5797950330647555,9,S08|S15|S16|S19|S20|S22|S32|S37|S40,1.0559370402532045
S02,behavior_no_propensity,first3,58,13,0.6466888666888666,0.8769230769230769,0.7623931623931623,0.5882352941176471,0.47619047619047616,0.7692307692307693,0.455354814785138,0.3573765287111546,0.6920615800402379,9,S08|S15|S16|S19|S20|S22|S32|S37|S40,1.0559370402532045
S02,behavior_no_propensity,full,127,15,0.7530535608182667,0.9607142857142856,0.893154761904762,0.7027027027027027,0.5909090909090909,0.8666666666666667,0.6705670150137175,0.402093465520641,0.7690326049351933,9,S08|S15|S16|S19|S20|S22|S32|S37|S40,1.0559370402532045
S03,behavior,first1,143,15,0.36414751470342377,0.7536458333333333,0.6138020833333333,0.3333333333333333,0.4444444444444444,0.26666666666666666,0.2871819689292038,0.2818665040748103,0.67,5,S01|S08|S10|S13|S17|S24|S30|S41|S42,1.0264328689089115
S03,behavior,first2,110,15,0.3565583513465136,0.7529824561403509,0.6245614035087719,0.35714285714285715,0.38461538461538464,0.3333333333333333,0.26482768100684034,0.35991170636632225,0.7511454718763179,5,S01|S08|S10|S13|S17|S24|S30|S41|S42,1.0264328689089115
S03,behavior,first3,50,13,0.6843264252087782,0.8939708939708939,0.7806652806652807,0.6956521739130435,0.8,0.6153846153846154,0.6155470159931968,0.3939697515964508,0.8063739506403603,5,S01|S08|S10|S13|S17|S24|S30|S41|S42,1.0264328689089115
S03,behavior,full,143,15,0.5825574632869698,0.8828125000000001,0.8200520833333333,0.45614035087719296,0.30952380952380953,0.8666666666666667,0.43064155643147917,0.402294219582231,0.5647366546500813,5,S01|S08|S10|S13|S17|S24|S30|S41|S42,1.0264328689089115
S03,behavior_et,first1,143,15,0.3638779550780923,0.70625,0.5921875,0.3,0.6,0.2,0.30755876073418525,0.21600088737644516,0.7000000000000001,17,S01|S08|S10|S13|S17|S24|S30|S41|S42,0.9398950560009061
S03,behavior_et,first2,110,15,0.39127949775014614,0.7424561403508773,0.5964912280701754,0.3076923076923077,0.36363636363636365,0.26666666666666666,0.22075539284417398,0.27449524301019584,0.74,17,S01|S08|S10|S13|S17|S24|S30|S41|S42,0.9398950560009061
S03,behavior_et,first3,50,13,0.5927296499596322,0.8274428274428275,0.5862785862785863,0.36363636363636365,0.4444444444444444,0.3076923076923077,0.19701185994760423,0.2876527062058449,0.78,17,S01|S08|S10|S13|S17|S24|S30|S41|S42,0.9398950560009061
S03,behavior_et,full,143,15,0.46936729876577166,0.8619791666666667,0.6098958333333333,0.32,0.4,0.26666666666666666,0.26408030695472784,0.2983519120754062,0.7757768848267469,17,S01|S08|S10|S13|S17|S24|S30|S41|S42,0.9398950560009061
S03,behavior_eeg,first1,143,15,0.3608109301567441,0.7588541666666666,0.6591145833333334,0.34146341463414637,0.2692307692307692,0.4666666666666667,0.2528197462107619,0.28063631349510243,0.5660967299613086,3,S01|S08|S10|S13|S17|S24|S30|S41|S42,1.0152505180943552
S03,behavior_eeg,first2,110,15,0.33833476411018903,0.7677192982456139,0.6105263157894737,0.3157894736842105,0.2608695652173913,0.4,0.18654326650550787,0.3545402112332257,0.6773731643262535,3,S01|S08|S10|S13|S17|S24|S30|S41|S42,1.0152505180943552
S03,behavior_eeg,first3,50,13,0.6820265204880589,0.8898128898128899,0.7879417879417879,0.6470588235294118,0.5238095238095238,0.8461538461538461,0.5117980001638104,0.3765075361728668,0.7455863631132877,3,S01|S08|S10|S13|S17|S24|S30|S41|S42,1.0152505180943552
S03,behavior_eeg,full,143,15,0.5385638631533705,0.8723958333333334,0.8041666666666667,0.5238095238095238,0.4074074074074074,0.7333333333333333,0.4763008447174817,0.3891901730240642,0.7169494869492269,3,S01|S08|S10|S13|S17|S24|S30|S41|S42,1.0152505180943552
S03,behavior_eeg_et,first1,143,15,0.3216753831005965,0.7359374999999999,0.6864583333333334,0.4117647058823529,0.3684210526315789,0.4666666666666667,0.3366470125996171,0.1875645257272087,0.51,5,S01|S08|S10|S13|S17|S24|S30|S41|S42,0.9731147681220521
S03,behavior_eeg_et,first2,110,15,0.3685930670425245,0.7557894736842106,0.5894736842105264,0.3,0.6,0.2,0.2948173896382008,0.2420780540867285,0.7730531638860701,5,S01|S08|S10|S13|S17|S24|S30|S41|S42,0.9731147681220521
S03,behavior_eeg_et,first3,50,13,0.6518729385245221,0.8794178794178793,0.6382536382536382,0.45454545454545453,0.5555555555555556,0.38461538461538464,0.3156937032895345,0.26893155097961424,0.7627859054912218,5,S01|S08|S10|S13|S17|S24|S30|S41|S42,0.9731147681220521
S03,behavior_eeg_et,full,143,15,0.5079098139325533,0.8703124999999999,0.6471354166666666,0.4,0.5,0.3333333333333333,0.35356723561474224,0.2803110499586259,0.7623420011997223,5,S01|S08|S10|S13|S17|S24|S30|S41|S42,0.9731147681220521
S03,behavior_no_propensity,first1,143,15,0.28633776146822754,0.71796875,0.6276041666666666,0.3333333333333333,0.3333333333333333,0.3333333333333333,0.2552083333333333,0.19794323248463078,0.4,30,S01|S08|S10|S13|S17|S24|S30|S41|S42,1.0422824827442045
S03,behavior_no_propensity,first2,110,15,0.33919327211628936,0.7178947368421054,0.7035087719298245,0.38596491228070173,0.2619047619047619,0.7333333333333333,0.287502390343611,0.27034830694848844,0.41000000000000003,30,S01|S08|S10|S13|S17|S24|S30|S41|S42,1.0422824827442045
S03,behavior_no_propensity,first3,50,13,0.6548081548081548,0.8586278586278586,0.7162162162162162,0.5531914893617021,0.38235294117647056,1.0,0.4066224445362503,0.27531705439090726,0.40004824101924896,30,S01|S08|S10|S13|S17|S24|S30|S41|S42,1.0422824827442045
S03,behavior_no_propensity,full,143,15,0.566243852006675,0.8682291666666667,0.7966145833333333,0.4126984126984127,0.2708333333333333,0.8666666666666667,0.3849379138915386,0.30871707659501296,0.45394925816492593,30,S01|S08|S10|S13|S17|S24|S30|S41|S42,1.0422824827442045
S05,behavior,first1,132,8,0.3711569855214813,0.8901209677419355,0.6048387096774194,0.26666666666666666,0.2857142857142857,0.25,0.22325617118536775,0.2653882080181078,0.6396214452656832,47,S06|S07|S09|S10|S13|S14|S21|S43|S44,0.9953999410879008
S05,behavior,first2,108,8,0.6810057997557998,0.95125,0.6875,0.5454545454545454,1.0,0.375,0.5976143046671969,0.336476404633787,0.8,47,S06|S07|S09|S10|S13|S14|S21|S43|S44,0.9953999410879008
S05,behavior,first3,74,8,0.8269345238095238,0.9753787878787878,0.884469696969697,0.6363636363636364,0.5,0.875,0.6096343497573282,0.35330214431962453,0.7118452369986159,47,S06|S07|S09|S10|S13|S14|S21|S43|S44,0.9953999410879008
S05,behavior,full,132,8,0.8042478354978355,0.9858870967741936,0.9596774193548387,0.6153846153846154,0.4444444444444444,1.0,0.6392199547398645,0.35663641729589673,0.7306943167339671,47,S06|S07|S09|S10|S13|S14|S21|S43|S44,0.9953999410879008
S05,behavior_et,first1,132,8,0.3399821726521532,0.8548387096774193,0.6048387096774194,0.26666666666666666,0.2857142857142857,0.25,0.22325617118536775,0.29539336312110676,0.7030410717834126,14,S06|S07|S09|S10|S13|S14|S21|S43|S44,0.9500077271918423
S05,behavior_et,first2,108,8,0.6583867521367521,0.9462499999999999,0.72,0.4444444444444444,0.4,0.5,0.3975434772783106,0.38226575514784567,0.76,14,S06|S07|S09|S10|S13|S14|S21|S43|S44,0.9500077271918423
S05,behavior_et,first3,74,8,0.7493235930735931,0.9545454545454546,0.8920454545454546,0.6666666666666666,0.5384615384615384,0.875,0.6398037573142549,0.40537987669577474,0.78,14,S06|S07|S09|S10|S13|S14|S21|S43|S44,0.9500077271918423
S05,behavior_et,full,132,8,0.8441287878787879,0.9858870967741936,0.9435483870967742,0.5333333333333333,0.36363636363636365,1.0,0.5679618342470648,0.4133777852085504,0.7579443075440147,14,S06|S07|S09|S10|S13|S14|S21|S43|S44,0.9500077271918423
S05,behavior_eeg,first1,132,8,0.2930132489950646,0.7872983870967742,0.5504032258064516,0.16666666666666666,0.25,0.125,0.1403166422084179,0.3112002915392319,0.7232526432384145,8,S06|S07|S09|S10|S13|S14|S21|S43|S44,0.9567372075293881
S05,behavior_eeg,first2,108,8,0.6239761396011396,0.9275000000000001,0.71,0.4,0.3333333333333333,0.5,0.35,0.3820091187264081,0.754159628285302,8,S06|S07|S09|S10|S13|S14|S21|S43|S44,0.9567372075293881
S05,behavior_eeg,first3,74,8,0.6548800770308123,0.9393939393939394,0.8484848484848485,0.4444444444444444,0.2857142857142857,1.0,0.44624455081737313,0.41745542251580475,0.62,8,S06|S07|S09|S10|S13|S14|S21|S43|S44,0.9567372075293881
S05,behavior_eeg,full,132,8,0.8373397435897436,0.9858870967741936,0.9112903225806452,0.42105263157894735,0.26666666666666666,1.0,0.4683533267840397,0.41452951746230776,0.6887007821689952,8,S06|S07|S09|S10|S13|S14|S21|S43|S44,0.9567372075293881
S05,behavior_eeg_et,first1,132,8,0.2579376092657343,0.751008064516129,0.5725806451612903,0.17391304347826086,0.13333333333333333,0.25,0.10913601593968009,0.19467428044387788,0.5323813416741111,9,S06|S07|S09|S10|S13|S14|S21|S43|S44,0.9006197022725535
S05,behavior_eeg_et,first2,108,8,0.46822916666666664,0.89125,0.6825,0.5,0.75,0.375,0.5061639290555215,0.2529616417984168,0.8162312393236641,9,S06|S07|S09|S10|S13|S14|S21|S43|S44,0.9006197022725535
S05,behavior_eeg_et,first3,74,8,0.4771073717948717,0.8787878787878788,0.7840909090909092,0.46153846153846156,0.3333333333333333,0.75,0.41121980934985564,0.27494423061206535,0.5800000000000001,9,S06|S07|S09|S10|S13|S14|S21|S43|S44,0.9006197022725535
S05,behavior_eeg_et,full,132,8,0.7413690476190475,0.9647177419354839,0.935483870967742,0.5,0.3333333333333333,1.0,0.5388159060803247,0.28844929686888604,0.6,9,S06|S07|S09|S10|S13|S14|S21|S43|S44,0.9006197022725535
S05,behavior_no_propensity,first1,132,8,0.2531165345856248,0.748991935483871,0.5544354838709677,0.18181818181818182,0.3333333333333333,0.125,0.17430604019629448,0.2655220526185903,0.73,40,S06|S07|S09|S10|S13|S14|S21|S43|S44,1.0360964518410745
S05,behavior_no_propensity,first2,108,8,0.47991452991452993,0.9275,0.5,0.0,0.0,0.0,0.0,0.3237998204098808,0.8400000000000001,40,S06|S07|S09|S10|S13|S14|S21|S43|S44,1.0360964518410745
S05,behavior_no_propensity,first3,74,8,0.6788690476190475,0.9583333333333333,0.8920454545454546,0.6666666666666666,0.5384615384615384,0.875,0.6398037573142549,0.34903017975188594,0.6900000000000001,40,S06|S07|S09|S10|S13|S14|S21|S43|S44,1.0360964518410745
S05,behavior_no_propensity,full,132,8,0.6111839549339548,0.9737903225806452,0.9556451612903225,0.5925925925925926,0.42105263157894735,1.0,0.6194361859425138,0.3622126974391215,0.68,40,S06|S07|S09|S10|S13|S14|S21|S43|S44,1.0360964518410745
S06,behavior,first1,144,23,0.4103735547782117,0.6924182536830759,0.5569529284944305,0.21428571428571427,0.6,0.13043478260869565,0.22793460082329153,0.13440829820723998,0.7163648923238114,9,S05|S08|S14|S18|S19|S25|S28|S35|S43,1.0119388895538932
S06,behavior,first2,140,23,0.5379479719042985,0.7513935340022296,0.6176142697881828,0.375,0.6666666666666666,0.2608695652173913,0.3553775251342112,0.1975030557385513,0.6900000000000001,9,S05|S08|S14|S18|S19|S25|S28|S35|S43,1.0119388895538932
S06,behavior,first3,121,22,0.5234861673685937,0.7516069788797061,0.6161616161616161,0.375,0.6,0.2727272727272727,0.3254318759831401,0.24292502730838525,0.77,9,S05|S08|S14|S18|S19|S25|S28|S35|S43,1.0119388895538932
S06,behavior,full,144,23,0.5444034470418038,0.8986704994610133,0.8158462091268415,0.6415094339622641,0.5666666666666667,0.7391304347826086,0.5698351231967432,0.3467455340756311,0.7808513707584804,9,S05|S08|S14|S18|S19|S25|S28|S35|S43,1.0119388895538932
S06,behavior_et,first1,144,23,0.37698538080933763,0.65900107797341,0.5217391304347826,0.08333333333333333,1.0,0.043478260869565216,0.19180536399919287,0.08907186207620221,0.844616637567077,24,S05|S08|S14|S18|S19|S25|S28|S35|S43,0.923854129262211
S06,behavior_et,first2,140,23,0.525524028782531,0.7395020438498698,0.5434782608695652,0.16,1.0,0.08695652173913043,0.27152165210427814,0.12439828536340168,0.8400000000000001,24,S05|S08|S14|S18|S19|S25|S28|S35|S43,0.923854129262211
S06,behavior_et,first3,121,22,0.525752014435904,0.7580348943985308,0.5454545454545454,0.16666666666666666,1.0,0.09090909090909091,0.27500954910846337,0.1572898275965502,0.8558275695641836,24,S05|S08|S14|S18|S19|S25|S28|S35|S43,0.923854129262211
S06,behavior_et,full,144,23,0.5862324591224847,0.9141214516708588,0.6667265540783327,0.46153846153846156,0.5625,0.391304347826087,0.38871061168109244,0.2795939044250796,0.8547075752778486,24,S05|S08|S14|S18|S19|S25|S28|S35|S43,0.923854129262211
S06,behavior_eeg,first1,144,23,0.3939844968215125,0.6791232482932088,0.6316924182536832,0.36666666666666664,0.2972972972972973,0.4782608695652174,0.22082824480907276,0.0983663809278773,0.31,4,S05|S08|S14|S18|S19|S25|S28|S35|S43,1.008325795364688
S06,behavior_eeg,first2,140,23,0.539986354233617,0.7513935340022296,0.621887774061687,0.3870967741935484,0.75,0.2608695652173913,0.3891482048646362,0.15722624404089794,0.65,4,S05|S08|S14|S18|S19|S25|S28|S35|S43,1.008325795364688
S06,behavior_eeg,first3,121,22,0.541520226759503,0.7552800734618916,0.6843434343434344,0.4782608695652174,0.4583333333333333,0.5,0.35661131557100073,0.18031501086536522,0.56,4,S05|S08|S14|S18|S19|S25|S28|S35|S43,1.008325795364688
S06,behavior_eeg,full,144,23,0.5575139472539044,0.8771110312612289,0.7847646424721524,0.625,0.6,0.6521739130434783,0.5508447040183985,0.2725889411651426,0.7172081751293606,4,S05|S08|S14|S18|S19|S25|S28|S35|S43,1.008325795364688
S06,behavior_eeg_et,first1,144,23,0.3908361478171398,0.6399568810636004,0.578692058929213,0.27586206896551724,0.6666666666666666,0.17391304347826086,0.2885375494071146,0.11887860965604585,0.6223429596664928,4,S05|S08|S14|S18|S19|S25|S28|S35|S43,1.004486094276902
S06,behavior_eeg_et,first2,140,23,0.5355929783041535,0.7417316982534374,0.6393534002229655,0.42424242424242425,0.7,0.30434782608695654,0.40098925780206685,0.1838367159877505,0.6822334253908408,4,S05|S08|S14|S18|S19|S25|S28|S35|S43,1.004486094276902
S06,behavior_eeg_et,first3,121,22,0.5349151677545839,0.7534435261707989,0.6515151515151516,0.4444444444444444,0.5714285714285714,0.36363636363636365,0.3653920476209348,0.22869337436335144,0.7273618294434114,4,S05|S08|S14|S18|S19|S25|S28|S35|S43,1.004486094276902
S06,behavior_eeg_et,full,144,23,0.5684708541385078,0.8871721164211284,0.830398850161696,0.6129032258064516,0.48717948717948717,0.8260869565217391,0.5447511716796295,0.3326610477848186,0.6545735811103474,4,S05|S08|S14|S18|S19|S25|S28|S35|S43,1.004486094276902
S06,behavior_no_propensity,first1,144,23,0.31949716950390583,0.5973769313690263,0.583902263744161,0.29411764705882354,0.45454545454545453,0.21739130434782608,0.23143983676777402,0.15930520908700097,0.4664769470691681,6,S05|S08|S14|S18|S19|S25|S28|S35|S43,1.0596342037362185
S06,behavior_no_propensity,first2,140,23,0.4722349270069865,0.73355629877369,0.5958751393534002,0.3225806451612903,0.625,0.21739130434782608,0.3060982830947443,0.2131197088531085,0.68,6,S05|S08|S14|S18|S19|S25|S28|S35|S43,1.0596342037362185
S06,behavior_no_propensity,first3,121,22,0.44384439400646103,0.7199265381083563,0.6464646464646464,0.43243243243243246,0.5333333333333333,0.36363636363636365,0.34284133603042255,0.26670168746601447,0.7000000000000001,6,S05|S08|S14|S18|S19|S25|S28|S35|S43,1.0596342037362185
S06,behavior_no_propensity,full,144,23,0.5254648984500727,0.8771110312612289,0.830398850161696,0.6129032258064516,0.48717948717948717,0.8260869565217391,0.5447511716796295,0.37853552535590196,0.72,6,S05|S08|S14|S18|S19|S25|S28|S35|S43,1.0596342037362185
S07,behavior,first1,128,12,0.4465683683352072,0.790948275862069,0.6408045977011494,0.36363636363636365,0.4,0.3333333333333333,0.3058619448706977,0.20232973573729396,0.59,6,S05|S13|S15|S28|S29|S30|S41|S42|S43,1.0327782229893276
S07,behavior,first2,87,12,0.7039521928194697,0.8866666666666667,0.7433333333333334,0.631578947368421,0.8571428571428571,0.5,0.6169626059518171,0.2605241821415123,0.75,6,S05|S13|S15|S28|S29|S30|S41|S42|S43,1.0327782229893276
S07,behavior,first3,53,8,0.668349358974359,0.8666666666666667,0.8597222222222223,0.6363636363636364,0.5,0.875,0.5841874089493275,0.3153257369995117,0.6050528409264304,6,S05|S13|S15|S28|S29|S30|S41|S42|S43,1.0327782229893276
S07,behavior,full,128,12,0.745560397205134,0.9432471264367817,0.8649425287356323,0.5882352941176471,0.45454545454545453,0.8333333333333334,0.563910027429472,0.3265336100012064,0.6798142524560293,6,S05|S13|S15|S28|S29|S30|S41|S42|S43,1.0327782229893276
S07,behavior_et,first1,128,12,0.3209919118478264,0.7593390804597702,0.5574712643678161,0.2,0.25,0.16666666666666666,0.13840913308956662,0.22531281731789932,0.6555163941961347,14,S05|S13|S15|S28|S29|S30|S41|S42|S43,0.9494434333304205
S07,behavior_et,first2,87,12,0.6418688318195318,0.8655555555555555,0.7316666666666667,0.5,0.4375,0.5833333333333334,0.412406626222364,0.2719099660371912,0.6069038856029509,14,S05|S13|S15|S28|S29|S30|S41|S42|S43,0.9494434333304205
S07,behavior_et,first3,53,8,0.6951877406480987,0.8388888888888889,0.7791666666666667,0.625,0.625,0.625,0.5583333333333333,0.3178468698038245,0.7722280959167865,14,S05|S13|S15|S28|S29|S30|S41|S42|S43,0.9494434333304205
S07,behavior_et,full,128,12,0.7145001340123291,0.9375,0.8232758620689655,0.5454545454545454,0.42857142857142855,0.75,0.508886998876312,0.34245219407603145,0.7198483982772539,14,S05|S13|S15|S28|S29|S30|S41|S42|S43,0.9494434333304205
S07,behavior_eeg,first1,128,12,0.361264960044069,0.7471264367816093,0.6551724137931034,0.25,0.15,0.75,0.18127338626492118,0.26873861183412373,0.3579843556880951,2,S05|S13|S15|S28|S29|S30|S41|S42|S43,1.0997785538920397
S07,behavior_eeg,first2,87,12,0.7431878306878307,0.8922222222222221,0.8416666666666667,0.6923076923076923,0.6428571428571429,0.75,0.6412515282671009,0.3426926663552208,0.63,2,S05|S13|S15|S28|S29|S30|S41|S42|S43,1.0997785538920397
S07,behavior_eeg,first3,53,8,0.6442093685300208,0.8555555555555556,0.8708333333333333,0.6666666666666666,0.5384615384615384,0.875,0.6171039683005675,0.39807876410349363,0.7043814327259257,2,S05|S13|S15|S28|S29|S30|S41|S42|S43,1.0997785538920397
S07,behavior_eeg,full,128,12,0.7795413428035378,0.9576149425287357,0.8649425287356323,0.5882352941176471,0.45454545454545453,0.8333333333333334,0.563910027429472,0.3980238114017993,0.6912671128908793,2,S05|S13|S15|S28|S29|S30|S41|S42|S43,1.0997785538920397
S07,behavior_eeg_et,first1,128,12,0.3804800451173408,0.7974137931034483,0.6982758620689655,0.4,0.3333333333333333,0.5,0.3324963368250692,0.24394785379990935,0.45,2,S05|S13|S15|S28|S29|S30|S41|S42|S43,1.1390237891654837
S07,behavior_eeg_et,first2,87,12,0.6907456563706563,0.8933333333333333,0.8049999999999999,0.4782608695652174,0.3235294117647059,0.9166666666666666,0.43109570539986414,0.3624023519370748,0.5168976786401537,2,S05|S13|S15|S28|S29|S30|S41|S42|S43,1.1390237891654837
S07,behavior_eeg_et,first3,53,8,0.7089415113871635,0.8638888888888889,0.8416666666666667,0.7058823529411765,0.6666666666666666,0.75,0.6515327693178214,0.42393533126363214,0.7308757617256858,2,S05|S13|S15|S28|S29|S30|S41|S42|S43,1.1390237891654837
S07,behavior_eeg_et,full,128,12,0.6632855706385118,0.9346264367816093,0.8477011494252873,0.5263157894736842,0.38461538461538464,0.8333333333333334,0.5038125479200453,0.39983656781259924,0.6417395843159068,2,S05|S13|S15|S28|S29|S30|S41|S42|S43,1.1390237891654837
S07,behavior_no_propensity,first1,128,12,0.23936584338394631,0.6390086206896551,0.5948275862068966,0.2727272727272727,0.3,0.25,0.20598865674965355,0.22500877338461578,0.499112337105202,4,S05|S13|S15|S28|S29|S30|S41|S42|S43,1.0662646659141324
S07,behavior_no_propensity,first2,87,12,0.7015802656760104,0.8322222222222222,0.8,0.64,0.6153846153846154,0.6666666666666666,0.5803432921972449,0.29967849007968245,0.6379771280288696,4,S05|S13|S15|S28|S29|S30|S41|S42|S43,1.0662646659141324
S07,behavior_no_propensity,first3,53,8,0.6442551560758083,0.85,0.8708333333333333,0.6666666666666666,0.5384615384615384,0.875,0.6171039683005675,0.3603115638471999,0.6766132511996259,4,S05|S13|S15|S28|S29|S30|S41|S42|S43,1.0662646659141324
S07,behavior_no_propensity,full,128,12,0.6988913727884317,0.9202586206896551,0.8132183908045978,0.43478260869565216,0.29411764705882354,0.8333333333333334,0.41342190323699696,0.3616236592642963,0.5698515102357575,4,S05|S13|S15|S28|S29|S30|S41|S42|S43,1.0662646659141324
S08,behavior,first1,143,13,0.18657298580912232,0.6857988165680473,0.5,0.0,0.0,0.0,0.0,0.17615927557845215,0.6583600430777579,4,S01|S03|S14|S18|S20|S23|S25|S27|S29,1.0397308970729995
S08,behavior,first2,137,13,0.33847965238243904,0.7735732009925559,0.5,0.0,0.0,0.0,0.0,0.22394228612419464,0.782914340538208,4,S01|S03|S14|S18|S20|S23|S25|S27|S29,1.0397308970729995
S08,behavior,first3,116,13,0.6578371055273229,0.8693054518297237,0.6874533233756535,0.5263157894736842,0.8333333333333334,0.38461538461538464,0.5340002506371505,0.27278016032329927,0.7584822167952855,4,S01|S03|S14|S18|S20|S23|S25|S27|S29,1.0397308970729995
S08,behavior,full,143,13,0.8983183483183481,0.9828402366863905,0.6923076923076923,0.5555555555555556,1.0,0.38461538461538464,0.6019292654288461,0.2975089910563889,0.8300000000000001,4,S01|S03|S14|S18|S20|S23|S25|S27|S29,1.0397308970729995
S08,behavior_et,first1,143,13,0.12859775693908823,0.6100591715976331,0.5,0.0,0.0,0.0,0.0,0.1650209754601225,0.6900000000000001,4,S01|S03|S14|S18|S20|S23|S25|S27|S29,1.0229148495907587
S08,behavior_et,first2,137,13,0.27015856697375734,0.7437965260545906,0.5344292803970223,0.13333333333333333,0.5,0.07692307692307693,0.1682513579070068,0.21322231658183746,0.7239233433839046,4,S01|S03|S14|S18|S20|S23|S25|S27|S29,1.0229148495907587
S08,behavior_et,first3,116,13,0.6167160406363064,0.8289768483943242,0.7542942494398805,0.5,0.42105263157894735,0.6153846153846154,0.4335050447687991,0.2559848727080329,0.49,4,S01|S03|S14|S18|S20|S23|S25|S27|S29,1.0229148495907587
S08,behavior_et,full,143,13,0.8873768587653579,0.9798816568047338,0.8807692307692307,0.8333333333333334,0.9090909090909091,0.7692307692307693,0.8215838362577491,0.2900310090997002,0.7208355495423981,4,S01|S03|S14|S18|S20|S23|S25|S27|S29,1.0229148495907587
S08,behavior_eeg,first1,143,13,0.11990525063602897,0.5153846153846153,0.5,0.0,0.0,0.0,0.0,0.2293311262672598,0.8007406776601618,10,S01|S03|S14|S18|S20|S23|S25|S27|S29,0.9316187893325959
S08,behavior_eeg,first2,137,13,0.25106045809255484,0.6122828784119108,0.5,0.0,0.0,0.0,0.0,0.2636056599771454,0.7976456377843413,10,S01|S03|S14|S18|S20|S23|S25|S27|S29,0.9316187893325959
S08,behavior_eeg,first3,116,13,0.5124247428547613,0.7132188200149365,0.6105302464525766,0.35294117647058826,0.75,0.23076923076923078,0.3821751243467792,0.29636633331919543,0.8418394778894656,10,S01|S03|S14|S18|S20|S23|S25|S27|S29,0.9316187893325959
S08,behavior_eeg,full,143,13,0.7910965922179771,0.9609467455621301,0.7961538461538462,0.6666666666666666,0.7272727272727273,0.6153846153846154,0.6390096504226938,0.33221098301293966,0.817199684273113,10,S01|S03|S14|S18|S20|S23|S25|S27|S29,0.9316187893325959
S08,behavior_eeg_et,first1,143,13,0.13882902739351238,0.5686390532544379,0.5,0.0,0.0,0.0,0.0,0.20195574138860603,0.6703142070770264,4,S01|S03|S14|S18|S20|S23|S25|S27|S29,0.9931574029539099
S08,behavior_eeg_et,first2,137,13,0.3069800555084744,0.6867245657568238,0.5769230769230769,0.26666666666666666,1.0,0.15384615384615385,0.3759129437922314,0.26177477727841286,0.7516684053040514,4,S01|S03|S14|S18|S20|S23|S25|S27|S29,0.9931574029539099
S08,behavior_eeg_et,first3,116,13,0.613536843598403,0.7849141150112023,0.6923076923076923,0.5555555555555556,1.0,0.38461538461538464,0.597407195215589,0.31193949564777573,0.81,4,S01|S03|S14|S18|S20|S23|S25|S27|S29,0.9931574029539099
S08,behavior_eeg_et,full,143,13,0.8977763277966115,0.9828402366863905,0.8807692307692307,0.8333333333333334,0.9090909090909091,0.7692307692307693,0.8215838362577491,0.34170271628178084,0.7765542521621241,4,S01|S03|S14|S18|S20|S23|S25|S27|S29,0.9931574029539099
S08,behavior_no_propensity,first1,143,13,0.19335941605304977,0.628698224852071,0.5,0.0,0.0,0.0,0.0,0.21515197687215737,0.5700000000000001,10,S01|S03|S14|S18|S20|S23|S25|S27|S29,1.0568938545845261
S08,behavior_no_propensity,first2,137,13,0.33360434617557055,0.794044665012407,0.6336848635235732,0.36363636363636365,0.4444444444444444,0.3076923076923077,0.31627765628594323,0.2691238420288058,0.569844443364577,10,S01|S03|S14|S18|S20|S23|S25|S27|S29,1.0568938545845261
S08,behavior_no_propensity,first3,116,13,0.772402062712493,0.9290515309932785,0.7931292008961912,0.6666666666666666,0.7272727272727273,0.6153846153846154,0.63123108288968,0.32634412137598834,0.6226975199489883,10,S01|S03|S14|S18|S20|S23|S25|S27|S29,1.0568938545845261
S08,behavior_no_propensity,full,143,13,0.9897435897435896,0.9988165680473373,0.9538461538461539,0.8888888888888888,0.8571428571428571,0.9230769230769231,0.8780578588816019,0.36298181522976264,0.6945665556734258,10,S01|S03|S14|S18|S20|S23|S25|S27|S29,1.0568938545845261
S09,behavior,first1,131,19,0.3923731417711366,0.694548872180451,0.7274436090225564,0.5405405405405406,0.5555555555555556,0.5263157894736842,0.46527966398355686,0.2378068244411745,0.5876565592939204,5,S02|S12|S17|S20|S22|S25|S31|S33|S44,1.0205668473995175
S09,behavior,first2,84,14,0.47598885337949554,0.7959183673469388,0.6571428571428571,0.45454545454545453,0.625,0.35714285714285715,0.3990119375605064,0.2893879287654445,0.75340650274296,5,S02|S12|S17|S20|S22|S25|S31|S33|S44,1.0205668473995175
S09,behavior,first3,51,10,0.5557226859701753,0.8048780487804879,0.6634146341463415,0.47058823529411764,0.5714285714285714,0.4,0.37708348463845026,0.31552342018660373,0.8316700169534395,5,S02|S12|S17|S20|S22|S25|S31|S33|S44,1.0205668473995175
S09,behavior,full,131,19,0.5952524399790535,0.9069548872180451,0.6137218045112782,0.35714285714285715,0.5555555555555556,0.2631578947368421,0.3166346069001459,0.3228066612518471,0.8075444221496582,5,S02|S12|S17|S20|S22|S25|S31|S33|S44,1.0205668473995175
S09,behavior_et,first1,131,19,0.5069073204675324,0.7551691729323308,0.7363721804511278,0.5714285714285714,0.625,0.5263157894736842,0.508397325718425,0.2511522408773881,0.6297390623526142,10,S02|S12|S17|S20|S22|S25|S31|S33|S44,0.9790072031212399
S09,behavior_et,first2,84,14,0.5977963727141359,0.8214285714285714,0.7357142857142858,0.5517241379310345,0.5333333333333333,0.5714285714285714,0.4587317109255645,0.3054226585442111,0.6893001246452332,10,S02|S12|S17|S20|S22|S25|S31|S33|S44,0.9790072031212399
S09,behavior_et,first3,51,10,0.6211277676017867,0.7780487804878049,0.725609756097561,0.5882352941176471,0.7142857142857143,0.5,0.5206003332695023,0.3117131961911333,0.8010203649780967,10,S02|S12|S17|S20|S22|S25|S31|S33|S44,0.9790072031212399
S09,behavior_et,full,131,19,0.6609420618565589,0.9407894736842106,0.7800751879699248,0.6153846153846154,0.6,0.631578947368421,0.5484208485107186,0.33165668878164,0.7510318929258019,10,S02|S12|S17|S20|S22|S25|S31|S33|S44,0.9790072031212399
S09,behavior_eeg,first1,131,19,0.43959730350761983,0.7222744360902256,0.5918703007518797,0.3076923076923077,0.5714285714285714,0.21052631578947367,0.2876941844475524,0.11874482684008038,0.6860284779529379,7,S02|S12|S17|S20|S22|S25|S31|S33|S44,0.9644308742616101
S09,behavior_eeg,first2,84,14,0.4819718296693596,0.8306122448979592,0.5285714285714286,0.125,0.5,0.07142857142857142,0.13968605915391563,0.17875955005486807,0.77,7,S02|S12|S17|S20|S22|S25|S31|S33|S44,0.9644308742616101
S09,behavior_eeg,first3,51,10,0.533705219900872,0.7926829268292683,0.6378048780487805,0.42857142857142855,0.75,0.3,0.40701235303946914,0.19234876320058225,0.78,7,S02|S12|S17|S20|S22|S25|S31|S33|S44,0.9644308742616101
S09,behavior_eeg,full,131,19,0.5748455770779363,0.9248120300751879,0.6837406015037594,0.48484848484848486,0.5714285714285714,0.42105263157894735,0.4188552781674914,0.18786598136293067,0.74,7,S02|S12|S17|S20|S22|S25|S31|S33|S44,0.9644308742616101
S09,behavior_eeg_et,first1,131,19,0.44092237672838464,0.6926691729323308,0.5970394736842105,0.3,0.19672131147540983,0.631578947368421,0.13700938040601718,0.2492128616298428,0.38757993788430184,2,S02|S12|S17|S20|S22|S25|S31|S33|S44,1.1570390804449262
S09,behavior_eeg_et,first2,84,14,0.47053334092807775,0.8183673469387756,0.6571428571428571,0.42857142857142855,0.42857142857142855,0.42857142857142855,0.3142857142857143,0.3059636308323769,0.6145764978726705,2,S02|S12|S17|S20|S22|S25|S31|S33|S44,1.1570390804449262
S09,behavior_eeg_et,first3,51,10,0.4807729551150604,0.7829268292682927,0.751219512195122,0.6,0.6,0.6,0.5024390243902439,0.33282618253838786,0.6918503546233129,2,S02|S12|S17|S20|S22|S25|S31|S33|S44,1.1570390804449262
S09,behavior_eeg_et,full,131,19,0.4955447185049743,0.8989661654135338,0.7448308270676691,0.55,0.5238095238095238,0.5789473684210527,0.46997625601303206,0.3294106677515816,0.6135826079532354,2,S02|S12|S17|S20|S22|S25|S31|S33|S44,1.1570390804449262
S09,behavior_no_propensity,first1,131,19,0.4771378067491415,0.7300281954887218,0.7140507518796992,0.5,0.47619047619047616,0.5263157894736842,0.41089094935496373,0.24322778828271477,0.4865115752123823,5,S02|S12|S17|S20|S22|S25|S31|S33|S44,1.0676929776511423
S09,behavior_no_propensity,first2,84,14,0.6216995744468943,0.8102040816326531,0.7714285714285715,0.5555555555555556,0.45454545454545453,0.7142857142857143,0.4601415057116586,0.291395435908011,0.5800000000000001,5,S02|S12|S17|S20|S22|S25|S31|S33|S44,1.0676929776511423
S09,behavior_no_propensity,first3,51,10,0.5735306735306736,0.7951219512195122,0.7890243902439025,0.6363636363636364,0.5833333333333334,0.7,0.5410451285655064,0.31513970038470107,0.66,5,S02|S12|S17|S20|S22|S25|S31|S33|S44,1.0676929776511423
S09,behavior_no_propensity,full,131,19,0.6521529678205983,0.9290413533834586,0.8799342105263157,0.6206896551724138,0.46153846153846156,0.9473684210526315,0.5851914752156115,0.31545313146278153,0.5448231057446412,5,S02|S12|S17|S20|S22|S25|S31|S33|S44,1.0676929776511423
S10,behavior,first1,122,17,0.22963128852407724,0.6067226890756302,0.5198879551820728,0.1,0.3333333333333333,0.058823529411764705,0.0889416394411681,0.18151107595347968,0.61,5,S01|S15|S18|S19|S21|S22|S26|S27|S28,1.01982664145448
S10,behavior,first2,87,11,0.22432156527104793,0.6208133971291866,0.590311004784689,0.2857142857142857,0.3,0.2727272727272727,0.18820382514356668,0.26779243641201106,0.5587897958177508,5,S01|S15|S18|S19|S21|S22|S26|S27|S28,1.01982664145448
S10,behavior,first3,47,8,0.5217296757026892,0.6602564102564102,0.625,0.4,1.0,0.25,0.4654746681256314,0.27992403887687844,0.76,5,S01|S15|S18|S19|S21|S22|S26|S27|S28,1.01982664145448
S10,behavior,full,122,17,0.4124698498719105,0.7081232492997198,0.5843137254901961,0.2857142857142857,0.36363636363636365,0.23529411764705882,0.20388700831133763,0.2620290231387146,0.5968514420769431,5,S01|S15|S18|S19|S21|S22|S26|S27|S28,1.01982664145448
S10,behavior_et,first1,122,17,0.2591836314131721,0.653781512605042,0.49047619047619045,0.0,0.0,0.0,-0.05194624816493197,0.17877904460078378,0.65,6,S01|S15|S18|S19|S21|S22|S26|S27|S28,0.9892584003831798
S10,behavior_et,first2,87,11,0.2783713531101045,0.6220095693779905,0.5,0.0,0.0,0.0,0.0,0.2630612180493344,0.7611319350473809,6,S01|S15|S18|S19|S21|S22|S26|S27|S28,0.9892584003831798
S10,behavior_et,first3,47,8,0.5011991050828063,0.625,0.6618589743589743,0.46153846153846156,0.6,0.375,0.39457941937323365,0.2942572844789383,0.6945491091952178,6,S01|S15|S18|S19|S21|S22|S26|S27|S28,0.9892584003831798
S10,behavior_et,full,122,17,0.4321170252436076,0.7490196078431373,0.5938375350140056,0.3076923076923077,0.4444444444444444,0.23529411764705882,0.24863669273623304,0.26135260495738905,0.7100000000000001,6,S01|S15|S18|S19|S21|S22|S26|S27|S28,0.9892584003831798
S10,behavior_eeg,first1,122,17,0.21727805113500348,0.5815126050420169,0.5445378151260504,0.18181818181818182,0.4,0.11764705882352941,0.15559659220052718,0.14461362135947728,0.5597336316831186,3,S01|S15|S18|S19|S21|S22|S26|S27|S28,1.0248004218322655
S10,behavior_eeg,first2,87,11,0.25832435187273894,0.5741626794258374,0.5185406698564593,0.16666666666666666,0.15384615384615385,0.18181818181818182,0.03456774257176441,0.2343467054353363,0.5352450488191662,3,S01|S15|S18|S19|S21|S22|S26|S27|S28,1.0248004218322655
S10,behavior_eeg,first3,47,8,0.4824945217742771,0.6282051282051282,0.6121794871794872,0.36363636363636365,0.6666666666666666,0.25,0.3449322309936315,0.2524176043398837,0.68,3,S01|S15|S18|S19|S21|S22|S26|S27|S28,1.0248004218322655
S10,behavior_eeg,full,122,17,0.3780810504417302,0.6756302521008404,0.6392156862745098,0.3684210526315789,0.3333333333333333,0.4117647058823529,0.2554270833089633,0.2146317927075214,0.51,3,S01|S15|S18|S19|S21|S22|S26|S27|S28,1.0248004218322655
S10,behavior_eeg_et,first1,122,17,0.2360411857648282,0.6801120448179272,0.5056022408963585,0.08695652173913043,0.16666666666666666,0.058823529411764705,0.017943463088456835,0.16918381156980014,0.62,4,S01|S15|S18|S19|S21|S22|S26|S27|S28,0.9830332891940644
S10,behavior_eeg_et,first2,87,11,0.2061399578200849,0.6160287081339713,0.5257177033492823,0.13333333333333333,0.25,0.09090909090909091,0.08161994071920696,0.25531469422510306,0.6820671883496371,4,S01|S15|S18|S19|S21|S22|S26|S27|S28,0.9830332891940644
S10,behavior_eeg_et,first3,47,8,0.4347520841087018,0.625,0.5625,0.2222222222222222,1.0,0.125,0.32554302460591167,0.25458686782958656,0.7651017761049849,4,S01|S15|S18|S19|S21|S22|S26|S27|S28,0.9830332891940644
S10,behavior_eeg_et,full,122,17,0.3974212810696228,0.750140056022409,0.569187675070028,0.25,0.42857142857142855,0.17647058823529413,0.2060534559014637,0.24506494231888504,0.6734722538427872,4,S01|S15|S18|S19|S21|S22|S26|S27|S28,0.9830332891940644
S10,behavior_no_propensity,first1,122,17,0.1966154163637816,0.4778711484593837,0.5,0.0,0.0,0.0,0.0,0.18758398612014582,0.55,14,S01|S15|S18|S19|S21|S22|S26|S27|S28,1.0408395347730772
S10,behavior_no_propensity,first2,87,11,0.248768637640935,0.6495215311004785,0.5125598086124402,0.11764705882352941,0.16666666666666666,0.09090909090909091,0.03294564552561946,0.2817984541942333,0.5800000000000001,14,S01|S15|S18|S19|S21|S22|S26|S27|S28,1.0408395347730772
S10,behavior_no_propensity,first3,47,8,0.30904304029304036,0.6538461538461537,0.47435897435897434,0.0,0.0,0.0,-0.09548198320525772,0.3038094893414924,0.73,14,S01|S15|S18|S19|S21|S22|S26|S27|S28,1.0408395347730772
S10,behavior_no_propensity,full,122,17,0.3279630437582049,0.692436974789916,0.6288515406162465,0.36363636363636365,0.375,0.35294117647058826,0.2643782950271343,0.27614315220567054,0.5911996845043066,14,S01|S15|S18|S19|S21|S22|S26|S27|S28,1.0408395347730772
S12,behavior,first1,133,20,0.3150762164919159,0.7367256637168142,0.6966814159292036,0.41935483870967744,0.30952380952380953,0.65,0.3024838555496215,0.1860887562870083,0.38753840991944977,2,S01|S03|S10|S22|S23|S25|S28|S29|S34,1.13490856761618
S12,behavior,first2,111,20,0.7346753542526614,0.8813186813186813,0.8115384615384615,0.6829268292682927,0.6666666666666666,0.7,0.6114295984380816,0.265502131871275,0.5456092732843727,2,S01|S03|S10|S22|S23|S25|S28|S29|S34,1.13490856761618
S12,behavior,first3,75,16,0.7267883980055032,0.8802966101694917,0.6620762711864407,0.48,0.6666666666666666,0.375,0.4086412526209334,0.28658250888188685,0.7000000000000001,2,S01|S03|S10|S22|S23|S25|S28|S29|S34,1.13490856761618
S12,behavior,full,133,20,0.7446267949745556,0.9163716814159292,0.8557522123893806,0.6956521739130435,0.6153846153846154,0.8,0.6412882195499292,0.3236134853354074,0.63,2,S01|S03|S10|S22|S23|S25|S28|S29|S34,1.13490856761618
S12,behavior_et,first1,133,20,0.2982621428532855,0.7336283185840707,0.6424778761061947,0.3902439024390244,0.38095238095238093,0.4,0.27932704634542466,0.15059155858773035,0.5014279621297661,11,S01|S03|S10|S22|S23|S25|S28|S29|S34,0.96686565769227
S12,behavior_et,first2,111,20,0.5918647755139208,0.8802197802197802,0.781043956043956,0.6341463414634146,0.6190476190476191,0.65,0.5515806694904388,0.20599789373778005,0.54,11,S01|S03|S10|S22|S23|S25|S28|S29|S34,0.96686565769227
S12,behavior_et,first3,75,16,0.6565283139632019,0.8569915254237289,0.6763771186440678,0.5,0.5833333333333334,0.4375,0.3941824991232007,0.22926254808902743,0.7285453963761378,11,S01|S03|S10|S22|S23|S25|S28|S29|S34,0.96686565769227
S12,behavior_et,full,133,20,0.5747656905487681,0.8694690265486725,0.8188053097345133,0.5573770491803278,0.4146341463414634,0.85,0.4935417756045905,0.2741615914536598,0.54,11,S01|S03|S10|S22|S23|S25|S28|S29|S34,0.96686565769227
S12,behavior_eeg,first1,133,20,0.3024394722809686,0.734070796460177,0.6513274336283186,0.41025641025641024,0.42105263157894735,0.4,0.3091524239577268,0.22488897265796373,0.5074514489703706,3,S01|S03|S10|S22|S23|S25|S28|S29|S34,1.02479440988242
S12,behavior_eeg,first2,111,20,0.6667099026958586,0.8692307692307693,0.795054945054945,0.6363636363636364,0.5833333333333334,0.7,0.5509387764807331,0.289539694249093,0.6280023677421339,3,S01|S03|S10|S22|S23|S25|S28|S29|S34,1.02479440988242
S12,behavior_eeg,first3,75,16,0.6949786016871615,0.875,0.8130296610169492,0.65,0.5416666666666666,0.8125,0.5498076455984624,0.3098388596375783,0.62,3,S01|S03|S10|S22|S23|S25|S28|S29|S34,1.02479440988242
S12,behavior_eeg,full,133,20,0.6774823437295442,0.9053097345132742,0.8482300884955752,0.5901639344262295,0.43902439024390244,0.9,0.5390942087450558,0.35988295459209524,0.6242727016198515,3,S01|S03|S10|S22|S23|S25|S28|S29|S34,1.02479440988242
S12,behavior_eeg_et,first1,133,20,0.29754807151505597,0.7358407079646018,0.6057522123893805,0.3333333333333333,0.375,0.3,0.232391775938041,0.17300106781093694,0.5667251802213265,3,S01|S03|S10|S22|S23|S25|S28|S29|S34,1.0183265193394546
S12,behavior_eeg_et,first2,111,20,0.6206841076062278,0.8642857142857143,0.7475274725274725,0.6111111111111112,0.6875,0.55,0.5417105616121719,0.2398324290642867,0.6576368972026939,3,S01|S03|S10|S22|S23|S25|S28|S29|S34,1.0183265193394546
S12,behavior_eeg_et,first3,75,16,0.690801470774381,0.8686440677966102,0.7245762711864407,0.5925925925925926,0.7272727272727273,0.5,0.5201079951859945,0.25049045900503797,0.7096962206893496,3,S01|S03|S10|S22|S23|S25|S28|S29|S34,1.0183265193394546
S12,behavior_eeg_et,full,133,20,0.6432745101985728,0.8898230088495576,0.8101769911504424,0.6511627906976745,0.6086956521739131,0.7,0.5863184133997811,0.311113490253911,0.6820184089920738,3,S01|S03|S10|S22|S23|S25|S28|S29|S34,1.0183265193394546
S12,behavior_no_propensity,first1,133,20,0.19371073369235528,0.5750000000000001,0.5893805309734513,0.3018867924528302,0.24242424242424243,0.4,0.147934740963043,0.19059996654216507,0.360551118850708,1,S01|S03|S10|S22|S23|S25|S28|S29|S34,1.541154023909902
S12,behavior_no_propensity,first2,111,20,0.54313385346347,0.834065934065934,0.6085164835164836,0.35714285714285715,0.625,0.25,0.32255055669431587,0.3981003146450799,0.7084825918168732,1,S01|S03|S10|S22|S23|S25|S28|S29|S34,1.541154023909902
S12,behavior_no_propensity,first3,75,16,0.6423177954042183,0.8559322033898304,0.8384533898305084,0.7027027027027027,0.6190476190476191,0.8125,0.6176014880673086,0.4691046166419983,0.7644455199891871,1,S01|S03|S10|S22|S23|S25|S28|S29|S34,1.541154023909902
S12,behavior_no_propensity,full,133,20,0.5823051430340698,0.881858407079646,0.7980088495575222,0.4810126582278481,0.3220338983050847,0.95,0.42881652238872553,0.4679560119048097,0.67,1,S01|S03|S10|S22|S23|S25|S28|S29|S34,1.541154023909902
S13,behavior,first1,117,29,0.4913021540782739,0.6778996865203761,0.6108934169278997,0.42857142857142855,0.36585365853658536,0.5172413793103449,0.20071386396285798,0.2551747333799672,0.67,26,S02|S06|S09|S10|S19|S21|S32|S34|S40,1.008874019774934
S13,behavior,first2,90,24,0.4859403115403541,0.6085858585858586,0.6496212121212122,0.49056603773584906,0.4482758620689655,0.5416666666666666,0.2831632162923003,0.3989780644575755,0.79,26,S02|S06|S09|S10|S19|S21|S32|S34|S40,1.008874019774934
S13,behavior,first3,63,16,0.46314220642399284,0.5265957446808511,0.5578457446808511,0.391304347826087,0.3,0.5625,0.10083068904355492,0.5528693043050312,0.8045989722916574,26,S02|S06|S09|S10|S19|S21|S32|S34|S40,1.008874019774934
S13,behavior,full,117,29,0.5334377372460359,0.7331504702194357,0.595807210031348,0.4424778761061947,0.2976190476190476,0.8620689655172413,0.18385350390597913,0.5256269646760745,0.74114468422803,26,S02|S06|S09|S10|S19|S21|S32|S34|S40,1.008874019774934
S13,behavior_et,first1,117,29,0.5158878715630268,0.7018025078369906,0.6279388714733543,0.44776119402985076,0.39473684210526316,0.5172413793103449,0.2359214899391818,0.26805039288269145,0.6900000000000001,11,S02|S06|S09|S10|S19|S21|S32|S34|S40,0.9738255880184794
S13,behavior_et,first2,90,24,0.5215224874934301,0.6388888888888888,0.6534090909090909,0.4888888888888889,0.5238095238095238,0.4583333333333333,0.3207927081521863,0.39894108267294043,0.81,11,S02|S06|S09|S10|S19|S21|S32|S34|S40,0.9738255880184794
S13,behavior_et,first3,63,16,0.5110186479583032,0.5731382978723404,0.4734042553191489,0.32,0.23529411764705882,0.5,-0.04645287667068457,0.50839963555336,0.75,11,S02|S06|S09|S10|S19|S21|S32|S34|S40,0.9738255880184794
S13,behavior_et,full,117,29,0.5466091232072315,0.7586206896551725,0.6185344827586207,0.45871559633027525,0.3125,0.8620689655172413,0.2201249062939554,0.4998385629847519,0.703498024073514,11,S02|S06|S09|S10|S19|S21|S32|S34|S40,0.9738255880184794
S13,behavior_eeg,first1,117,29,0.42924053812458113,0.6606583072100314,0.6005094043887147,0.43478260869565216,0.31746031746031744,0.6896551724137931,0.17410445156209925,0.33185446644440675,0.5800000000000001,5,S02|S06|S09|S10|S19|S21|S32|S34|S40,0.9867774609924853
S13,behavior_eeg,first2,90,24,0.5060782075198221,0.6477272727272727,0.5568181818181819,0.42857142857142855,0.3,0.75,0.10660035817780521,0.47857234146859906,0.72,5,S02|S06|S09|S10|S19|S21|S32|S34|S40,0.9867774609924853
S13,behavior_eeg,first3,63,16,0.5713688632290463,0.6063829787234043,0.43882978723404253,0.34782608695652173,0.22641509433962265,0.75,-0.14572731804437994,0.6306238453539591,0.77,5,S02|S06|S09|S10|S19|S21|S32|S34|S40,0.9867774609924853
S13,behavior_eeg,full,117,29,0.5044217188910732,0.6908307210031348,0.5568181818181818,0.4264705882352941,0.27102803738317754,1.0,0.17549541478832067,0.5901626600668981,0.6727603494037281,5,S02|S06|S09|S10|S19|S21|S32|S34|S40,0.9867774609924853
S13,behavior_eeg_et,first1,117,29,0.43892348720622926,0.679858934169279,0.5950235109717869,0.4329896907216495,0.3088235294117647,0.7241379310344828,0.16632169688748422,0.31986967181293374,0.5417463686249473,7,S02|S06|S09|S10|S19|S21|S32|S34|S40,0.9472264013532317
S13,behavior_eeg_et,first2,90,24,0.546796033169735,0.6565656565656566,0.5965909090909092,0.4533333333333333,0.3333333333333333,0.7083333333333334,0.1723957067919028,0.4821468979120255,0.76,7,S02|S06|S09|S10|S19|S21|S32|S34|S40,0.9472264013532317
S13,behavior_eeg_et,first3,63,16,0.5319084384224919,0.5598404255319149,0.45944148936170215,0.36619718309859156,0.23636363636363636,0.8125,-0.106046069511325,0.5925384414574457,0.65,7,S02|S06|S09|S10|S19|S21|S32|S34|S40,0.9472264013532317
S13,behavior_eeg_et,full,117,29,0.4866418923755457,0.710423197492163,0.5340909090909091,0.4142857142857143,0.26126126126126126,1.0,0.13346635461144435,0.5796604896457787,0.5965406132466865,7,S02|S06|S09|S10|S19|S21|S32|S34|S40,0.9472264013532317
S13,behavior_no_propensity,first1,117,29,0.3595667925206162,0.6308777429467085,0.5542711598746082,0.38095238095238093,0.2909090909090909,0.5517241379310345,0.0938992761825402,0.3003707100183536,0.5567434178699147,13,S02|S06|S09|S10|S19|S21|S32|S34|S40,1.0454959918576165
S13,behavior_no_propensity,first2,90,24,0.3994881314430312,0.5732323232323233,0.5018939393939394,0.375,0.26785714285714285,0.625,0.0034549374551423877,0.4321957743830151,0.73,13,S02|S06|S09|S10|S19|S21|S32|S34|S40,1.0454959918576165
S13,behavior_no_propensity,first3,63,16,0.36590279717206414,0.4813829787234043,0.4408244680851064,0.3157894736842105,0.21951219512195122,0.5625,-0.108063198438781,0.5492133517113943,0.7843350883686181,13,S02|S06|S09|S10|S19|S21|S32|S34|S40,1.0454959918576165
S13,behavior_no_propensity,full,117,29,0.3874970889699571,0.6622257053291536,0.5507445141065831,0.4186046511627907,0.27,0.9310344827586207,0.12434690163175625,0.5619281268017924,0.696248635595495,13,S02|S06|S09|S10|S19|S21|S32|S34|S40,1.0454959918576165
S14,behavior,first1,134,9,0.15132753057909215,0.632,0.5746666666666667,0.17142857142857143,0.11538461538461539,0.3333333333333333,0.09452234092780888,0.32437459101427846,0.56,5,S13|S23|S25|S29|S32|S34|S39|S40|S44,1.0247841541153238
S14,behavior,first2,85,9,0.2178376022126022,0.7207602339181286,0.5160818713450293,0.125,0.14285714285714285,0.1111111111111111,0.03599965250089932,0.406217895360554,0.7912738943099975,5,S13|S23|S25|S29|S32|S34|S39|S40|S44,1.0247841541153238
S14,behavior,first3,41,8,0.41616847826086956,0.7689393939393939,0.5,0.0,0.0,0.0,0.0,0.4420210424719787,0.9362771701812744,5,S13|S23|S25|S29|S32|S34|S39|S40|S44,1.0247841541153238
S14,behavior,full,134,9,0.35414374093235884,0.9022222222222223,0.780888888888889,0.32558139534883723,0.20588235294117646,0.7777777777777778,0.32314791530102543,0.43554783957218063,0.6610147409968906,5,S13|S23|S25|S29|S32|S34|S39|S40|S44,1.0247841541153238
S14,behavior_et,first1,134,9,0.10938788560538255,0.6142222222222222,0.5191111111111111,0.11764705882352941,0.08,0.2222222222222222,0.024558901714345507,0.3059114074862715,0.5469859270134356,13,S13|S23|S25|S29|S32|S34|S39|S40|S44,0.9435704480339349
S14,behavior_et,first2,85,9,0.21872479563398037,0.685672514619883,0.5358187134502924,0.15384615384615385,0.25,0.1111111111111111,0.1040867681449771,0.3820690491620232,0.8,13,S13|S23|S25|S29|S32|S34|S39|S40|S44,0.9435704480339349
S14,behavior_et,first3,41,8,0.32480799846288977,0.696969696969697,0.6136363636363636,0.38095238095238093,0.3076923076923077,0.5,0.19355241528469094,0.4270294414060872,0.7906526045365767,13,S13|S23|S25|S29|S32|S34|S39|S40|S44,0.9435704480339349
S14,behavior_et,full,134,9,0.31541329392373035,0.8977777777777778,0.7813333333333333,0.42857142857142855,0.3157894736842105,0.6666666666666666,0.40373995301028925,0.40704778515136064,0.7636570005224208,13,S13|S23|S25|S29|S32|S34|S39|S40|S44,0.9435704480339349
S14,behavior_eeg,first1,134,9,0.1206255198194065,0.6346666666666666,0.6413333333333333,0.19047619047619047,0.1111111111111111,0.6666666666666666,0.1442477292972316,0.337335074793047,0.44224702629176055,2,S13|S23|S25|S29|S32|S34|S39|S40|S44,1.108150333641379
S14,behavior_eeg,first2,85,9,0.2514288847622181,0.7324561403508772,0.6074561403508771,0.2857142857142857,0.25,0.3333333333333333,0.18990536354737728,0.4310748643734876,0.6954056381095539,2,S13|S23|S25|S29|S32|S34|S39|S40|S44,1.108150333641379
S14,behavior_eeg,first3,41,8,0.4987527056277056,0.7765151515151515,0.7424242424242424,0.48484848484848486,0.32,1.0,0.3938927711338647,0.4586403326290409,0.5890996290336956,2,S13|S23|S25|S29|S32|S34|S39|S40|S44,1.108150333641379
S14,behavior_eeg,full,134,9,0.37851058341254423,0.9182222222222223,0.780888888888889,0.32558139534883723,0.20588235294117646,0.7777777777777778,0.32314791530102543,0.4549488704373587,0.6457354449262522,2,S13|S23|S25|S29|S32|S34|S39|S40|S44,1.108150333641379
S14,behavior_eeg_et,first1,134,9,0.1449989287139931,0.5466666666666666,0.5706666666666667,0.16666666666666666,0.1111111111111111,0.3333333333333333,0.08819563514621281,0.24784417361465852,0.5113180989568884,4,S13|S23|S25|S29|S32|S34|S39|S40|S44,1.005009800585511
S14,behavior_eeg_et,first2,85,9,0.21858154981724776,0.6125730994152047,0.5489766081871345,0.18181818181818182,0.5,0.1111111111111111,0.19883494240131708,0.3215351157328662,0.8578692460060114,4,S13|S23|S25|S29|S32|S34|S39|S40|S44,1.005009800585511
S14,behavior_eeg_et,first3,41,8,0.43374218918336566,0.75,0.6268939393939394,0.4,0.42857142857142855,0.375,0.2672910153478103,0.3601743938719354,0.81,4,S13|S23|S25|S29|S32|S34|S39|S40|S44,1.005009800585511
S14,behavior_eeg_et,full,134,9,0.3454260059399257,0.8764444444444445,0.8248888888888889,0.4375,0.30434782608695654,0.7777777777777778,0.4313360017417657,0.35973041321137056,0.66655852586332,4,S13|S23|S25|S29|S32|S34|S39|S40|S44,1.005009800585511
S14,behavior_no_propensity,first1,134,9,0.2087288631762465,0.6075555555555555,0.5946666666666667,0.2,0.14285714285714285,0.3333333333333333,0.13036303809932592,0.31404280662536627,0.5800000000000001,6,S13|S23|S25|S29|S32|S34|S39|S40|S44,1.0558834587923196
S14,behavior_no_propensity,first2,85,9,0.2830333809390013,0.7646198830409358,0.5358187134502924,0.15384615384615385,0.25,0.1111111111111111,0.1040867681449771,0.40496101765071646,0.8031139026988636,6,S13|S23|S25|S29|S32|S34|S39|S40|S44,1.0558834587923196
S14,behavior_no_propensity,first3,41,8,0.5829429035482259,0.7954545454545454,0.6931818181818181,0.46153846153846156,0.3333333333333333,0.75,0.3085304536722668,0.4691208361125574,0.7286384051496332,6,S13|S23|S25|S29|S32|S34|S39|S40|S44,1.0558834587923196
S14,behavior_no_propensity,full,134,9,0.4304248499370451,0.92,0.86,0.33962264150943394,0.20454545454545456,1.0,0.38376128944009874,0.4363504203397836,0.62,6,S13|S23|S25|S29|S32|S34|S39|S40|S44,1.0558834587923196
S15,behavior,first1,144,28,0.5094624815750671,0.7850985221674878,0.6976600985221675,0.47058823529411764,0.3508771929824561,0.7142857142857143,0.3199336784106236,0.24487860418028304,0.437968129642082,5,S03|S05|S06|S07|S08|S22|S24|S40|S43,1.0320843380714229
S15,behavior,first2,115,26,0.47723717815069977,0.7592912705272256,0.6445548833189283,0.45098039215686275,0.3026315789473684,0.8846153846153846,0.2554496669569626,0.39273579457531804,0.4877214723825455,5,S03|S05|S06|S07|S08|S22|S24|S40|S43,1.0320843380714229
S15,behavior,first3,84,24,0.4928508587981338,0.7701388888888889,0.7041666666666667,0.575,0.4107142857142857,0.9583333333333334,0.3913118960624632,0.4724775348745642,0.6823319470882415,5,S03|S05|S06|S07|S08|S22|S24|S40|S43,1.0320843380714229
S15,behavior,full,144,28,0.676902864714172,0.9045566502463054,0.7931034482758621,0.5384615384615384,0.3684210526315789,1.0,0.46472676045981826,0.48966268046448624,0.670620406035221,5,S03|S05|S06|S07|S08|S22|S24|S40|S43,1.0320843380714229
S15,behavior_et,first1,144,28,0.45834053248545686,0.7416871921182266,0.6323891625615763,0.4067796610169492,0.3870967741935484,0.42857142857142855,0.2549590148061441,0.23650555876601073,0.61,18,S03|S05|S06|S07|S08|S22|S24|S40|S43,0.9526892124782707
S15,behavior_et,first2,115,26,0.4704972056109846,0.7558340535868626,0.6888504753673292,0.5,0.391304347826087,0.6923076923076923,0.32249745676917696,0.3860494196414948,0.7148762661218643,18,S03|S05|S06|S07|S08|S22|S24|S40|S43,0.9526892124782707
S15,behavior_et,first3,84,24,0.542370428921919,0.7611111111111111,0.675,0.55,0.39285714285714285,0.9166666666666666,0.33541019662496846,0.44309980014250394,0.6738338213075291,18,S03|S05|S06|S07|S08|S22|S24|S40|S43,0.9526892124782707
S15,behavior_et,full,144,28,0.6566162123144149,0.9054802955665024,0.7931034482758621,0.5384615384615384,0.3684210526315789,1.0,0.46472676045981826,0.453009298329966,0.664669639468193,18,S03|S05|S06|S07|S08|S22|S24|S40|S43,0.9526892124782707
S15,behavior_eeg,first1,144,28,0.45246407263194466,0.7432266009852218,0.6767241379310345,0.4745762711864407,0.45161290322580644,0.5,0.34034063836913186,0.19603679003193974,0.5954562543197112,5,S03|S05|S06|S07|S08|S22|S24|S40|S43,0.9837873098645256
S15,behavior_eeg,first2,115,26,0.48402128904708974,0.7614520311149525,0.7009507346585999,0.5245901639344263,0.45714285714285713,0.6153846153846154,0.36536105746087255,0.34030845230040346,0.76,5,S03|S05|S06|S07|S08|S22|S24|S40|S43,0.9837873098645256
S15,behavior_eeg,first3,84,24,0.509821954962064,0.7680555555555556,0.7291666666666667,0.6,0.45652173913043476,0.875,0.4159987018110355,0.42697696618381,0.73,5,S03|S05|S06|S07|S08|S22|S24|S40|S43,0.9837873098645256
S15,behavior_eeg,full,144,28,0.6503287663626536,0.9033251231527094,0.8084975369458128,0.5882352941176471,0.43859649122807015,0.8928571428571429,0.4993357410707864,0.442371201597982,0.7839123210040005,5,S03|S05|S06|S07|S08|S22|S24|S40|S43,0.9837873098645256
S15,behavior_eeg_et,first1,144,28,0.43731589022168543,0.7152093596059114,0.6681034482758621,0.45901639344262296,0.42424242424242425,0.5,0.31658925345180183,0.23609928771232563,0.6142136055050473,5,S03|S05|S06|S07|S08|S22|S24|S40|S43,0.9801572420249998
S15,behavior_eeg_et,first2,115,26,0.4740280522217195,0.7476231633535004,0.746542783059637,0.56,0.42857142857142855,0.8076923076923077,0.4170940161995145,0.3928168920719105,0.74,5,S03|S05|S06|S07|S08|S22|S24|S40|S43,0.9801572420249998
S15,behavior_eeg_et,first3,84,24,0.533367166191999,0.7659722222222222,0.6875,0.5609756097560976,0.39655172413793105,0.9583333333333334,0.36644756736625667,0.4829285575875214,0.7210637146234511,5,S03|S05|S06|S07|S08|S22|S24|S40|S43,0.9801572420249998
S15,behavior_eeg_et,full,144,28,0.6752245090559237,0.8996305418719213,0.8017241379310345,0.5490196078431373,0.3783783783783784,1.0,0.4778407475884806,0.4901726446631882,0.7324528402631933,5,S03|S05|S06|S07|S08|S22|S24|S40|S43,0.9801572420249998
S15,behavior_no_propensity,first1,144,28,0.4378208522848406,0.7032019704433496,0.6564039408866995,0.43243243243243246,0.34782608695652173,0.5714285714285714,0.2655178629677541,0.2003106207897266,0.40325884878635404,5,S03|S05|S06|S07|S08|S22|S24|S40|S43,1.0569421438100073
S15,behavior_no_propensity,first2,115,26,0.4161406653103635,0.7212618841832326,0.675885911840968,0.4782608695652174,0.3333333333333333,0.8461538461538461,0.29755874600035476,0.34797904595084816,0.5120226724942525,5,S03|S05|S06|S07|S08|S22|S24|S40|S43,1.0569421438100073
S15,behavior_no_propensity,first3,84,24,0.4989176455168348,0.7479166666666667,0.6833333333333333,0.5569620253164557,0.4,0.9166666666666666,0.34839533628455416,0.42877571497644695,0.6808148307631714,5,S03|S05|S06|S07|S08|S22|S24|S40|S43,1.0569421438100073
S15,behavior_no_propensity,full,144,28,0.6540700378652428,0.8925492610837438,0.7844827586206897,0.5283018867924528,0.358974358974359,1.0,0.4519336586604706,0.46416369639337063,0.6392963111942465,5,S03|S05|S06|S07|S08|S22|S24|S40|S43,1.0569421438100073
S16,behavior,first1,142,18,0.2297333201964366,0.7186379928315413,0.617831541218638,0.3181818181818182,0.2692307692307692,0.3888888888888889,0.20273231537739178,0.2822210136013971,0.6085747697136618,21,S06|S09|S10|S22|S23|S24|S32|S35|S41,1.0060248328949377
S16,behavior,first2,79,17,0.4548001781314027,0.7296015180265655,0.6252371916508539,0.4117647058823529,0.4117647058823529,0.4117647058823529,0.2504743833017078,0.3455943768914742,0.7456637476429795,21,S06|S09|S10|S22|S23|S24|S32|S35|S41,1.0060248328949377
S16,behavior,first3,41,11,0.5073639810481916,0.7606060606060606,0.656060606060606,0.5,0.46153846153846156,0.5454545454545454,0.29718683234627563,0.35404824665406853,0.7470847026507059,21,S06|S09|S10|S22|S23|S24|S32|S35|S41,1.0060248328949377
S16,behavior,full,142,18,0.4450931386776284,0.8763440860215054,0.6693548387096775,0.3829787234042553,0.3103448275862069,0.5,0.27953518468680455,0.39343079735695474,0.7626123229662577,21,S06|S09|S10|S22|S23|S24|S32|S35|S41,1.0060248328949377
S16,behavior_et,first1,142,18,0.2701695527699855,0.6438172043010753,0.5582437275985663,0.23255813953488372,0.2,0.2777777777777778,0.10175677108658344,0.29469227733116754,0.6182591596336076,18,S06|S09|S10|S22|S23|S24|S32|S35|S41,0.9225963845129781
S16,behavior_et,first2,79,17,0.4874727851806759,0.73719165085389,0.6280834914611005,0.41379310344827586,0.5,0.35294117647058826,0.2933022768547866,0.3426665820275681,0.8200000000000001,18,S06|S09|S10|S22|S23|S24|S32|S35|S41,0.9225963845129781
S16,behavior_et,first3,41,11,0.44875765323445893,0.7303030303030303,0.48333333333333334,0.0,0.0,0.0,-0.09574271077563382,0.35401504359594205,0.9137402198531411,18,S06|S09|S10|S22|S23|S24|S32|S35|S41,0.9225963845129781
S16,behavior_et,full,142,18,0.49857489175213254,0.8812724014336918,0.7293906810035842,0.5,0.45454545454545453,0.5555555555555556,0.42184304971958453,0.3868274718103275,0.7850771763107993,18,S06|S09|S10|S22|S23|S24|S32|S35|S41,0.9225963845129781
S16,behavior_eeg,first1,142,18,0.22903230730862248,0.7087813620071685,0.6097670250896058,0.30434782608695654,0.25,0.3888888888888889,0.18357669361820206,0.2593480427290352,0.5798502474120169,3,S06|S09|S10|S22|S23|S24|S32|S35|S41,1.038991244149854
S16,behavior_eeg,first2,79,17,0.4365398815275498,0.7020872865275142,0.5906072106261859,0.3448275862068966,0.4166666666666667,0.29411764705882354,0.20748420325653422,0.31395993947605544,0.768899724941061,3,S06|S09|S10|S22|S23|S24|S32|S35|S41,1.038991244149854
S16,behavior_eeg,first3,41,11,0.3965554044111356,0.7090909090909091,0.6272727272727273,0.45454545454545453,0.45454545454545453,0.45454545454545453,0.2545454545454545,0.32083544716602413,0.77,3,S06|S09|S10|S22|S23|S24|S32|S35|S41,1.038991244149854
S16,behavior_eeg,full,142,18,0.41114102211429704,0.8758960573476703,0.7374551971326164,0.5263157894736842,0.5,0.5555555555555556,0.4542174940872448,0.3670847026605001,0.77,3,S06|S09|S10|S22|S23|S24|S32|S35|S41,1.038991244149854
S16,behavior_eeg_et,first1,142,18,0.2167719326242617,0.6913082437275986,0.6057347670250897,0.2978723404255319,0.2413793103448276,0.3888888888888889,0.17452461266160285,0.2422208451259304,0.5525107582410177,3,S06|S09|S10|S22|S23|S24|S32|S35|S41,1.0391067899195399
S16,behavior_eeg_et,first2,79,17,0.40829862121411775,0.6973434535104365,0.6494307400379506,0.45161290322580644,0.5,0.4117647058823529,0.3216396287703123,0.28345760505033446,0.6900000000000001,3,S06|S09|S10|S22|S23|S24|S32|S35|S41,1.0391067899195399
S16,behavior_eeg_et,first3,41,11,0.4096658710773543,0.706060606060606,0.6272727272727273,0.45454545454545453,0.45454545454545453,0.45454545454545453,0.2545454545454545,0.28822293187060005,0.7328485744649713,3,S06|S09|S10|S22|S23|S24|S32|S35|S41,1.0391067899195399
S16,behavior_eeg_et,full,142,18,0.447194914558508,0.8853046594982078,0.7612007168458781,0.55,0.5,0.6111111111111112,0.48034081637991755,0.3394894874851469,0.684566336328333,3,S06|S09|S10|S22|S23|S24|S32|S35|S41,1.0391067899195399
S16,behavior_no_propensity,first1,142,18,0.21038813833720457,0.659274193548387,0.5663082437275986,0.24390243902439024,0.21739130434782608,0.2777777777777778,0.11975873976303517,0.29727916713331787,0.5889366865158081,6,S06|S09|S10|S22|S23|S24|S32|S35|S41,1.0608190371235975
S16,behavior_no_propensity,first2,79,17,0.3378440204815916,0.6821631878557876,0.6062618595825426,0.3902439024390244,0.3333333333333333,0.47058823529411764,0.1899069012201631,0.35925574845905545,0.6845326513955088,6,S06|S09|S10|S22|S23|S24|S32|S35|S41,1.0608190371235975
S16,behavior_no_propensity,first3,41,11,0.46531877957694656,0.6848484848484848,0.5863636363636364,0.35294117647058826,0.5,0.2727272727272727,0.21652509527331207,0.3802266942291725,0.811406022418629,6,S06|S09|S10|S22|S23|S24|S32|S35|S41,1.0608190371235975
S16,behavior_no_propensity,full,142,18,0.42247060646012263,0.8763440860215055,0.8118279569892473,0.5084745762711864,0.36585365853658536,0.8333333333333334,0.4578671911248283,0.41426357647902523,0.691845564769976,6,S06|S09|S10|S22|S23|S24|S32|S35|S41,1.0608190371235975
S17,behavior,first1,133,21,0.35569140208362315,0.6203231292517007,0.5729166666666667,0.26666666666666666,0.4444444444444444,0.19047619047619047,0.21171097100746183,0.2110028199683455,0.645443732882991,12,S12|S13|S23|S24|S27|S33|S34|S35|S36,1.0110258797256377
S17,behavior,first2,92,20,0.582589993080389,0.7472222222222222,0.6361111111111111,0.42857142857142855,0.75,0.3,0.3984925297873177,0.28646810903497366,0.7940571091753063,12,S12|S13|S23|S24|S27|S33|S34|S35|S36,1.0110258797256377
S17,behavior,first3,49,14,0.6350677469055255,0.789795918367347,0.5214285714285715,0.125,0.5,0.07142857142857142,0.09784921095801632,0.2917435588885327,0.9090616289052096,12,S12|S13|S23|S24|S27|S33|S34|S35|S36,1.0110258797256377
S17,behavior,full,133,21,0.6540951837851596,0.9183673469387755,0.7589285714285714,0.6153846153846154,0.6666666666666666,0.5714285714285714,0.5520055660294887,0.33494469534633753,0.78,12,S12|S13|S23|S24|S27|S33|S34|S35|S36,1.0110258797256377
S17,behavior_et,first1,133,21,0.42765161742842217,0.653061224489796,0.6264880952380952,0.3783783783783784,0.4375,0.3333333333333333,0.28356027236317516,0.16450626761617518,0.5582776587659662,8,S12|S13|S23|S24|S27|S33|S34|S35|S36,0.9844795289282217
S17,behavior_et,first2,92,20,0.6098177533471651,0.7520833333333333,0.6361111111111111,0.42857142857142855,0.75,0.3,0.3984925297873177,0.22422887806011285,0.7829030978679657,8,S12|S13|S23|S24|S27|S33|S34|S35|S36,0.9844795289282217
S17,behavior_et,first3,49,14,0.6198652965459688,0.7367346938775511,0.5357142857142857,0.13333333333333333,1.0,0.07142857142857142,0.22821773229381923,0.23385166027108018,0.92,8,S12|S13|S23|S24|S27|S33|S34|S35|S36,0.9844795289282217
S17,behavior_et,full,133,21,0.6908311145291985,0.8886054421768708,0.7633928571428572,0.631578947368421,0.7058823529411765,0.5714285714285714,0.5753063827884053,0.27338257415178124,0.7453854084014893,8,S12|S13|S23|S24|S27|S33|S34|S35|S36,0.9844795289282217
S17,behavior_eeg,first1,133,21,0.41223747069458117,0.6309523809523809,0.6101190476190476,0.35714285714285715,0.7142857142857143,0.23809523809523808,0.35964730350387936,0.17213556170463562,0.6414020918354844,5,S12|S13|S23|S24|S27|S33|S34|S35|S36,0.9847323839615767
S17,behavior_eeg,first2,92,20,0.5871395847848851,0.763888888888889,0.6611111111111111,0.4827586206896552,0.7777777777777778,0.35,0.4473798644559573,0.2414307048463303,0.7599184022166511,5,S12|S13|S23|S24|S27|S33|S34|S35|S36,0.9847323839615767
S17,behavior_eeg,first3,49,14,0.5877146313070682,0.7510204081632653,0.5,0.0,0.0,0.0,0.0,0.24570004976525597,0.92,5,S12|S13|S23|S24|S27|S33|S34|S35|S36,0.9847323839615767
S17,behavior_eeg,full,133,21,0.6424301844613296,0.9107142857142858,0.7157738095238095,0.5555555555555556,0.6666666666666666,0.47619047619047616,0.4974629607955402,0.2830338306669005,0.7675394768245292,5,S12|S13|S23|S24|S27|S33|S34|S35|S36,0.9847323839615767
S17,behavior_eeg_et,first1,133,21,0.41076973556890906,0.6534863945578231,0.5625,0.23076923076923078,0.6,0.14285714285714285,0.23962861890851017,0.19362476969459902,0.718668673363599,6,S12|S13|S23|S24|S27|S33|S34|S35|S36,0.9562645042638802
S17,behavior_eeg_et,first2,92,20,0.6019672722975411,0.742361111111111,0.6611111111111111,0.4827586206896552,0.7777777777777778,0.35,0.4473798644559573,0.2685551119401403,0.8026650602167302,6,S12|S13|S23|S24|S27|S33|S34|S35|S36,0.9562645042638802
S17,behavior_eeg_et,first3,49,14,0.6631745103182844,0.7387755102040816,0.5,0.0,0.0,0.0,0.0,0.27927776106766294,0.9386489229009607,6,S12|S13|S23|S24|S27|S33|S34|S35|S36,0.9562645042638802
S17,behavior_eeg_et,full,133,21,0.6338303206634931,0.8860544217687074,0.6919642857142857,0.5142857142857142,0.6428571428571429,0.42857142857142855,0.45617511801425353,0.30132150904912697,0.8,6,S12|S13|S23|S24|S27|S33|S34|S35|S36,0.9562645042638802
S17,behavior_no_propensity,first1,133,21,0.27691429312717714,0.5646258503401359,0.5342261904761905,0.15384615384615385,0.4,0.09523809523809523,0.13122519606894606,0.16329742900859143,0.5493087574388041,3,S12|S13|S23|S24|S27|S33|S34|S35|S36,1.0871700363447914
S17,behavior_no_propensity,first2,92,20,0.5707671995153446,0.7708333333333334,0.7333333333333334,0.5945945945945946,0.6470588235294118,0.55,0.49594433590245335,0.23492321647379705,0.6,3,S12|S13|S23|S24|S27|S33|S34|S35|S36,1.0871700363447914
S17,behavior_no_propensity,first3,49,14,0.5046049620043171,0.7346938775510204,0.5214285714285715,0.125,0.5,0.07142857142857142,0.09784921095801632,0.21016731614969214,0.855840429717844,3,S12|S13|S23|S24|S27|S33|S34|S35|S36,1.0871700363447914
S17,behavior_no_propensity,full,133,21,0.6235092158097275,0.9009353741496597,0.6101190476190476,0.35714285714285715,0.7142857142857143,0.23809523809523808,0.35964730350387936,0.2760612959028186,0.81,3,S12|S13|S23|S24|S27|S33|S34|S35|S36,1.0871700363447914
S18,behavior,first1,140,19,0.3883076485040884,0.7648977816441932,0.613962592431492,0.32558139534883723,0.2916666666666667,0.3684210526315789,0.20712245537061227,0.23121499440499715,0.51,5,S02|S06|S12|S14|S19|S20|S31|S35|S43,1.040198404970725
S18,behavior,first2,131,19,0.6249428890355608,0.8688909774436091,0.7514097744360901,0.4383561643835616,0.2962962962962963,0.8421052631578947,0.3597126603307431,0.3231592088482762,0.5053674708351944,5,S02|S06|S12|S14|S19|S20|S31|S35|S43,1.040198404970725
S18,behavior,first3,105,15,0.5606141518404192,0.7992592592592592,0.65,0.36363636363636365,0.27586206896551724,0.5333333333333333,0.23479148566821317,0.39552996328898843,0.6393304297418305,5,S02|S06|S12|S14|S19|S20|S31|S35|S43,1.040198404970725
S18,behavior,full,140,19,0.689080681604435,0.9238799478033928,0.8316659417137886,0.53125,0.37777777777777777,0.8947368421052632,0.4864433811802233,0.4234453449291842,0.7145517665328402,5,S02|S06|S12|S14|S19|S20|S31|S35|S43,1.040198404970725
S18,behavior_et,first1,140,19,0.3829622964376594,0.7124836885602436,0.6552849064810787,0.42424242424242425,0.5,0.3684210526315789,0.35455158870904996,0.2330132814789457,0.73,22,S02|S06|S12|S14|S19|S20|S31|S35|S43,0.9088667957772054
S18,behavior_et,first2,131,19,0.5929445597140229,0.8425751879699248,0.7100563909774436,0.5294117647058824,0.6,0.47368421052631576,0.4645977292657491,0.3082932222008933,0.8217860596830194,22,S02|S06|S12|S14|S19|S20|S31|S35|S43,0.9088667957772054
S18,behavior_et,first3,105,15,0.40287110477676513,0.7651851851851852,0.6388888888888888,0.33962264150943394,0.23684210526315788,0.6,0.2022717276182296,0.3646684198862031,0.63,22,S02|S06|S12|S14|S19|S20|S31|S35|S43,0.9088667957772054
S18,behavior_et,full,140,19,0.6669880420763099,0.9195302305350153,0.8038277511961722,0.5357142857142857,0.40540540540540543,0.7894736842105263,0.47196244909592855,0.4057156606843429,0.7952343139804975,22,S02|S06|S12|S14|S19|S20|S31|S35|S43,0.9088667957772054
S18,behavior_eeg,first1,140,19,0.34598918279764923,0.7237929534580252,0.5778599391039583,0.2702702702702703,0.2777777777777778,0.2631578947368421,0.15932993285582173,0.19121405301349503,0.5775828102863195,6,S02|S06|S12|S14|S19|S20|S31|S35|S43,0.9897748715567481
S18,behavior_eeg,first2,131,19,0.46152624297226524,0.8280075187969924,0.6788063909774436,0.43902439024390244,0.4090909090909091,0.47368421052631576,0.33687924537807445,0.2744251971936407,0.6333075349981134,6,S02|S06|S12|S14|S19|S20|S31|S35|S43,0.9897748715567481
S18,behavior_eeg,first3,105,15,0.3915799687669727,0.7666666666666666,0.6000000000000001,0.3076923076923077,0.25,0.4,0.16666666666666666,0.341874412553651,0.64,6,S02|S06|S12|S14|S19|S20|S31|S35|S43,0.9897748715567481
S18,behavior_eeg,full,140,19,0.6129007521547734,0.9016963897346673,0.7986080904741192,0.4722222222222222,0.32075471698113206,0.8947368421052632,0.4216998926826983,0.3803824416760887,0.6397367452852654,6,S02|S06|S12|S14|S19|S20|S31|S35|S43,0.9897748715567481
S18,behavior_eeg_et,first1,140,19,0.485476145915297,0.7877337973031753,0.65311004784689,0.3492063492063492,0.25,0.5789473684210527,0.22591299788996203,0.22985705432615108,0.4615252376264996,8,S02|S06|S12|S14|S19|S20|S31|S35|S43,0.9326174997748815
S18,behavior_eeg_et,first2,131,19,0.6636768081977465,0.8834586466165413,0.7274436090225564,0.5405405405405406,0.5555555555555556,0.5263157894736842,0.46527966398355686,0.3238469955461626,0.76,8,S02|S06|S12|S14|S19|S20|S31|S35|S43,0.9326174997748815
S18,behavior_eeg_et,first3,105,15,0.48655716586151365,0.8148148148148148,0.6888888888888889,0.43243243243243246,0.36363636363636365,0.5333333333333333,0.3248275864741904,0.3921822503209114,0.7583898612947175,8,S02|S06|S12|S14|S19|S20|S31|S35|S43,0.9326174997748815
S18,behavior_eeg_et,full,140,19,0.7119970568913665,0.9438886472379295,0.8910395824271422,0.631578947368421,0.47368421052631576,0.9473684210526315,0.6023214332732922,0.4179751570203475,0.7698226769464185,8,S02|S06|S12|S14|S19|S20|S31|S35|S43,0.9326174997748815
S18,behavior_no_propensity,first1,140,19,0.33823495141076904,0.5852544584602001,0.5263157894736842,0.1,1.0,0.05263157894736842,0.21404667433975852,0.19318745849387986,0.7812119946335301,25,S02|S06|S12|S14|S19|S20|S31|S35|S43,1.0429459086234258
S18,behavior_no_propensity,first2,131,19,0.5325551215864808,0.8157894736842105,0.7577537593984962,0.5454545454545454,0.48,0.631578947368421,0.461953092497537,0.27949248948170025,0.6266903283379295,25,S02|S06|S12|S14|S19|S20|S31|S35|S43,1.0429459086234258
S18,behavior_no_propensity,first3,105,15,0.47745964363327315,0.7333333333333334,0.6777777777777778,0.41025641025641024,0.3333333333333333,0.5333333333333333,0.2962962962962963,0.345303498847144,0.6559547104618766,25,S02|S06|S12|S14|S19|S20|S31|S35|S43,1.0429459086234258
S18,behavior_no_propensity,full,140,19,0.6697343544354009,0.9295345802522836,0.8553719008264462,0.5205479452054794,0.35185185185185186,1.0,0.500076516948952,0.3926708358739104,0.6164768232540649,25,S02|S06|S12|S14|S19|S20|S31|S35|S43,1.0429459086234258
S19,behavior,first1,141,12,0.2615523050827244,0.7803617571059431,0.5823643410852712,0.23076923076923078,0.21428571428571427,0.25,0.15370529328617538,0.2503916364400945,0.56,5,S25|S28|S31|S36|S38|S40|S42|S43|S44,1.024372691315992
S19,behavior,first2,139,12,0.21734964009029606,0.7729658792650919,0.6571522309711286,0.3333333333333333,0.2777777777777778,0.4166666666666667,0.2629142297917141,0.3249386423568931,0.6833542128403981,5,S25|S28|S31|S36|S38|S40|S42|S43|S44,1.024372691315992
S19,behavior,first3,126,12,0.22406338507786594,0.7616959064327485,0.6140350877192983,0.2857142857142857,0.25,0.3333333333333333,0.20107367308916746,0.35656414405694076,0.75,5,S25|S28|S31|S36|S38|S40|S42|S43|S44,1.024372691315992
S19,behavior,full,141,12,0.3332664491524751,0.8753229974160206,0.7819767441860466,0.4,0.2727272727272727,0.75,0.37167206264629316,0.4179110523868115,0.6755109956770232,5,S25|S28|S31|S36|S38|S40|S42|S43|S44,1.024372691315992
S19,behavior_et,first1,141,12,0.19354943609749226,0.7189922480620154,0.5784883720930232,0.2222222222222222,0.2,0.25,0.14206591516789555,0.26139714848910667,0.6487940403668566,6,S25|S28|S31|S36|S38|S40|S42|S43|S44,1.0053277042633237
S19,behavior_et,first2,139,12,0.1916563871478732,0.7139107611548556,0.6414041994750657,0.29411764705882354,0.22727272727272727,0.4166666666666667,0.21761083498778686,0.3394400184746269,0.7222525298595428,6,S25|S28|S31|S36|S38|S40|S42|S43|S44,1.0053277042633237
S19,behavior_et,first3,126,12,0.2106346476035753,0.7178362573099415,0.6271929824561403,0.32,0.3076923076923077,0.3333333333333333,0.245485190498116,0.37377937859486016,0.826548006943982,6,S25|S28|S31|S36|S38|S40|S42|S43|S44,1.0053277042633237
S19,behavior_et,full,141,12,0.31794427672717146,0.8688630490956072,0.7703488372093024,0.375,0.25,0.75,0.34601432574571594,0.4309939985685315,0.7361712908744812,6,S25|S28|S31|S36|S38|S40|S42|S43|S44,1.0053277042633237
S19,behavior_eeg,first1,141,12,0.17783428810009072,0.7512919896640827,0.6085271317829457,0.25806451612903225,0.21052631578947367,0.3333333333333333,0.17737690935290132,0.2499927319322072,0.5249208905961776,3,S25|S28|S31|S36|S38|S40|S42|S43|S44,1.0246924387540362
S19,behavior_eeg,first2,139,12,0.19451796568780091,0.7519685039370079,0.6217191601049868,0.2564102564102564,0.18518518518518517,0.4166666666666667,0.1728186199346906,0.3267247105995528,0.5717283047810949,3,S25|S28|S31|S36|S38|S40|S42|S43|S44,1.0246924387540362
S19,behavior_eeg,first3,126,12,0.20151156613873913,0.7375730994152047,0.6381578947368421,0.30303030303030304,0.23809523809523808,0.4166666666666667,0.2176428750330035,0.35338349723153645,0.6844994037681156,3,S25|S28|S31|S36|S38|S40|S42|S43|S44,1.0246924387540362
S19,behavior_eeg,full,141,12,0.27241921435182614,0.8346253229974161,0.7732558139534884,0.3389830508474576,0.2127659574468085,0.8333333333333334,0.3234983196103153,0.4051074091318651,0.568534506595496,3,S25|S28|S31|S36|S38|S40|S42|S43|S44,1.0246924387540362
S19,behavior_eeg_et,first1,141,12,0.15787757570231606,0.6925064599483204,0.5281007751937985,0.15,0.10714285714285714,0.25,0.039311130834626645,0.24504204971570492,0.40716692239347124,2,S25|S28|S31|S36|S38|S40|S42|S43|S44,1.1030624262697173
S19,behavior_eeg_et,first2,139,12,0.1891017999980048,0.678477690288714,0.6515748031496063,0.27906976744186046,0.1935483870967742,0.5,0.20452988181151915,0.34077812570462124,0.5355764775565176,2,S25|S28|S31|S36|S38|S40|S42|S43|S44,1.1030624262697173
S19,behavior_eeg_et,first3,126,12,0.19197112037190667,0.6717836257309941,0.6096491228070176,0.27586206896551724,0.23529411764705882,0.3333333333333333,0.18842585576703197,0.3696587763371922,0.6761424993023729,2,S25|S28|S31|S36|S38|S40|S42|S43|S44,1.1030624262697173
S19,behavior_eeg_et,full,141,12,0.2536794366929781,0.789405684754522,0.751937984496124,0.3902439024390244,0.27586206896551724,0.6666666666666666,0.34785729399720033,0.4046735061821363,0.6361230117865283,2,S25|S28|S31|S36|S38|S40|S42|S43|S44,1.1030624262697173
S19,behavior_no_propensity,first1,141,12,0.1878314481873278,0.5429586563307494,0.5290697674418605,0.14285714285714285,0.125,0.16666666666666666,0.051149575460285514,0.2375386121636587,0.51,8,S25|S28|S31|S36|S38|S40|S42|S43|S44,1.0475323296038104
S19,behavior_no_propensity,first2,139,12,0.16518747655478727,0.5846456692913385,0.6295931758530183,0.2702702702702703,0.2,0.4166666666666667,0.18953184144270122,0.32055042373190684,0.603289918827288,8,S25|S28|S31|S36|S38|S40|S42|S43|S44,1.0475323296038104
S19,behavior_no_propensity,first3,126,12,0.17649376631176186,0.6337719298245614,0.5964912280701754,0.25,0.2,0.3333333333333333,0.15502186154571973,0.3540950701350257,0.7000000000000001,8,S25|S28|S31|S36|S38|S40|S42|S43|S44,1.0475323296038104
S19,behavior_no_propensity,full,141,12,0.280524335822025,0.7939276485788114,0.7199612403100775,0.29508196721311475,0.1836734693877551,0.75,0.2577921449464264,0.4289854902324947,0.5879276591117936,8,S25|S28|S31|S36|S38|S40|S42|S43|S44,1.0475323296038104
S20,behavior,first1,144,15,0.3047071507378126,0.7850129198966408,0.6744186046511628,0.30303030303030304,0.19607843137254902,0.6666666666666666,0.22281105029196718,0.4095821742796235,0.67,30,S07|S09|S17|S19|S23|S29|S30|S31|S43,1.001200987243755
S20,behavior,first2,67,9,0.32839715839715844,0.7701149425287357,0.7068965517241379,0.34615384615384615,0.20930232558139536,1.0,0.29429213183717134,0.5268687183287606,0.6013672378809765,30,S07|S09|S17|S19|S23|S29|S30|S31|S43,1.001200987243755
S20,behavior,first3,30,3,0.22692307692307695,0.7407407407407407,0.6111111111111112,0.2222222222222222,0.125,1.0,0.16666666666666666,0.6553935249646504,0.6091906655918469,30,S07|S09|S17|S19|S23|S29|S30|S31|S43,1.001200987243755
S20,behavior,full,144,15,0.32944723263392717,0.8697674418604651,0.748062015503876,0.3157894736842105,0.1875,1.0,0.30499714066520933,0.5000518705281946,0.6016798632072681,30,S07|S09|S17|S19|S23|S29|S30|S31|S43,1.001200987243755
S20,behavior_et,first1,144,15,0.2677381992195774,0.7684754521963825,0.6782945736434108,0.3076923076923077,0.2,0.6666666666666666,0.2288019266154875,0.3482209631345339,0.6034444518763611,3,S07|S09|S17|S19|S23|S29|S30|S31|S43,1.0416182913401038
S20,behavior_et,first2,67,9,0.29967692801026136,0.8122605363984675,0.7126436781609196,0.41379310344827586,0.3,0.6666666666666666,0.31692302760954477,0.472629587152111,0.759493263056784,3,S07|S09|S17|S19|S23|S29|S30|S31|S43,1.0416182913401038
S20,behavior_et,first3,30,3,0.23333333333333334,0.7654320987654322,0.7962962962962963,0.35294117647058826,0.21428571428571427,1.0,0.3563483225498992,0.6064024180173875,0.7499516052188295,3,S07|S09|S17|S19|S23|S29|S30|S31|S43,1.0416182913401038
S20,behavior_et,full,144,15,0.2837710205318507,0.8397932816537468,0.6968992248062016,0.3902439024390244,0.3076923076923077,0.5333333333333333,0.3127424319626077,0.4396054186961717,0.7100000000000001,3,S07|S09|S17|S19|S23|S29|S30|S31|S43,1.0416182913401038
S20,behavior_eeg,first1,144,15,0.25524276062872686,0.759173126614987,0.6356589147286822,0.24193548387096775,0.13761467889908258,1.0,0.1932286624193503,0.32931690725187457,0.34268824717011115,2,S07|S09|S17|S19|S23|S29|S30|S31|S43,1.1291446897419066
S20,behavior_eeg,first2,67,9,0.29868656035322705,0.8103448275862069,0.6896551724137931,0.3333333333333333,0.2,1.0,0.2754306972098739,0.4721502995313103,0.5447575606240167,2,S07|S09|S17|S19|S23|S29|S30|S31|S43,1.1291446897419066
S20,behavior_eeg,first3,30,3,0.2694805194805195,0.8024691358024691,0.5740740740740741,0.20689655172413793,0.11538461538461539,1.0,0.13074409009212268,0.5990618377923965,0.5290444961461154,2,S07|S09|S17|S19|S23|S29|S30|S31|S43,1.1291446897419066
S20,behavior_eeg,full,144,15,0.263445615764439,0.8036175710594314,0.6883720930232557,0.3055555555555556,0.19298245614035087,0.7333333333333333,0.23533687893655708,0.4304610670854648,0.5469456778632269,2,S07|S09|S17|S19|S23|S29|S30|S31|S43,1.1291446897419066
S20,behavior_eeg_et,first1,144,15,0.2023811419807556,0.7379844961240309,0.6953488372093023,0.2828282828282828,0.16666666666666666,0.9333333333333333,0.2420839754357787,0.3284230477487048,0.41000000000000003,2,S07|S09|S17|S19|S23|S29|S30|S31|S43,1.1243210850573382
S20,behavior_eeg_et,first2,67,9,0.30343489843489846,0.8141762452107281,0.7413793103448276,0.375,0.23076923076923078,1.0,0.3337751272095729,0.457535156118336,0.56,2,S07|S09|S17|S19|S23|S29|S30|S31|S43,1.1243210850573382
S20,behavior_eeg_et,first3,30,3,0.2694805194805195,0.8024691358024691,0.7407407407407407,0.3,0.17647058823529413,1.0,0.2914915440650688,0.5798708687225977,0.6597515828681715,2,S07|S09|S17|S19|S23|S29|S30|S31|S43,1.1243210850573382
S20,behavior_eeg_et,full,144,15,0.2688911342783104,0.8005167958656332,0.7108527131782946,0.3829787234042553,0.28125,0.6,0.3098601120450079,0.42184563705490696,0.6210783511942084,2,S07|S09|S17|S19|S23|S29|S30|S31|S43,1.1243210850573382
S20,behavior_no_propensity,first1,144,15,0.3105400882305876,0.7496124031007753,0.6356589147286822,0.2631578947368421,0.16393442622950818,0.6666666666666666,0.16773158659076717,0.4181641770733728,0.5724844284972758,8,S07|S09|S17|S19|S23|S29|S30|S31|S43,1.0525615811454951
S20,behavior_no_propensity,first2,67,9,0.31235904013681787,0.789272030651341,0.64272030651341,0.3076923076923077,0.18604651162790697,0.8888888888888888,0.20300707242471544,0.5600043210520673,0.66,8,S07|S09|S17|S19|S23|S29|S30|S31|S43,1.0525615811454951
S20,behavior_no_propensity,first3,30,3,0.5194805194805194,0.8395061728395061,0.6111111111111112,0.2222222222222222,0.125,1.0,0.16666666666666666,0.6742491483688354,0.6577912450559211,8,S07|S09|S17|S19|S23|S29|S30|S31|S43,1.0525615811454951
S20,behavior_no_propensity,full,144,15,0.354480128107787,0.8635658914728682,0.7248062015503876,0.297029702970297,0.1744186046511628,1.0,0.2800370832277278,0.51801154948771,0.5789248854222924,8,S07|S09|S17|S19|S23|S29|S30|S31|S43,1.0525615811454951
S21,behavior,first1,132,23,0.6203945404825723,0.7794176306342242,0.7413242919824492,0.5777777777777777,0.5909090909090909,0.5652173913043478,0.49124768903522503,0.2061263383789496,0.5911835836039644,10,S01|S09|S14|S20|S29|S32|S33|S41|S43,1.016311051265625
S21,behavior,first2,83,17,0.6335432971026401,0.7424242424242424,0.7125668449197862,0.5714285714285714,0.7272727272727273,0.47058823529411764,0.50601030309194,0.3514026525508926,0.7731333315372467,10,S01|S09|S14|S20|S29|S32|S33|S41|S43,1.016311051265625
S21,behavior,first3,43,13,0.701898676036607,0.8076923076923077,0.7012820512820512,0.5882352941176471,0.47619047619047616,0.7692307692307693,0.36986766120071485,0.30501752398734877,0.6054091562827428,10,S01|S09|S14|S20|S29|S32|S33|S41|S43,1.016311051265625
S21,behavior,full,132,23,0.6704145368317455,0.9078579976067012,0.8326685281212605,0.5915492957746479,0.4375,0.9130434782608695,0.5246366396127305,0.323822742271604,0.592294981877009,10,S01|S09|S14|S20|S29|S32|S33|S41|S43,1.016311051265625
S21,behavior_et,first1,132,23,0.6883274628838151,0.7977662544874352,0.7469086557638611,0.5245901639344263,0.42105263157894735,0.6956521739130435,0.41370212587819355,0.2677439670784004,0.5860364614111004,14,S01|S09|S14|S20|S29|S32|S33|S41|S43,0.9627368945215373
S21,behavior_et,first2,83,17,0.6982440336511517,0.7762923351158645,0.7393048128342246,0.5454545454545454,0.4444444444444444,0.7058823529411765,0.41228920298032495,0.3814548368913582,0.707228784344413,14,S01|S09|S14|S20|S29|S32|S33|S41|S43,0.9627368945215373
S21,behavior_et,first3,43,13,0.7370589385786586,0.8333333333333334,0.6358974358974359,0.5,0.4666666666666667,0.5384615384615384,0.26190809188692243,0.3698453695275063,0.7650189063043306,14,S01|S09|S14|S20|S29|S32|S33|S41|S43,0.9627368945215373
S21,behavior_et,full,132,23,0.7086742373646301,0.921021140805744,0.8406461906661349,0.5866666666666667,0.4230769230769231,0.9565217391304348,0.5288883905354257,0.3831974015655843,0.6567035742600759,14,S01|S09|S14|S20|S29|S32|S33|S41|S43,0.9627368945215373
S21,behavior_eeg,first1,132,23,0.5273993828024509,0.7522935779816513,0.5823693657758278,0.2857142857142857,0.8,0.17391304347826086,0.32733015943677324,0.14019033496239872,0.8,14,S01|S09|S14|S20|S29|S32|S33|S41|S43,0.8607739629912885
S21,behavior_eeg,first2,83,17,0.5802106246475871,0.712121212121212,0.6688948306595366,0.5,0.8571428571428571,0.35294117647058826,0.49055416269890056,0.3151258475719446,0.8520614659786224,14,S01|S09|S14|S20|S29|S32|S33|S41|S43,0.8607739629912885
S21,behavior_eeg,first3,43,13,0.6390906031472627,0.7153846153846154,0.6256410256410256,0.45454545454545453,0.5555555555555556,0.38461538461538464,0.2836828353358489,0.2823362445761991,0.8374522456255826,14,S01|S09|S14|S20|S29|S32|S33|S41|S43,0.8607739629912885
S21,behavior_eeg,full,132,23,0.5624935660863212,0.8436378141204627,0.6669325887514959,0.45454545454545453,0.47619047619047616,0.43478260869565216,0.34623993236428185,0.25621480486271053,0.8,14,S01|S09|S14|S20|S29|S32|S33|S41|S43,0.8607739629912885
S21,behavior_eeg_et,first1,132,23,0.6566394593066667,0.7674511368169126,0.598923015556442,0.3434343434343434,0.2236842105263158,0.7391304347826086,0.15184612022518507,0.37819565152467205,0.5292306770459567,13,S01|S09|S14|S20|S29|S32|S33|S41|S43,0.8258586926911224
S21,behavior_eeg_et,first2,83,17,0.5941680337144547,0.7326203208556149,0.6711229946524064,0.4528301886792453,0.3333333333333333,0.7058823529411765,0.27869849055305856,0.5048622197460338,0.8202546276287599,13,S01|S09|S14|S20|S29|S32|S33|S41|S43,0.8258586926911224
S21,behavior_eeg_et,first3,43,13,0.6709079024868498,0.7384615384615385,0.6115384615384616,0.5217391304347826,0.36363636363636365,0.9230769230769231,0.2425101829020563,0.43206292598746543,0.582902002551339,13,S01|S09|S14|S20|S29|S32|S33|S41|S43,0.8258586926911224
S21,behavior_eeg_et,full,132,23,0.5736869016922255,0.848823294774631,0.7730355005983247,0.5,0.3442622950819672,0.9130434782608695,0.41546284361638997,0.46933039863396325,0.7915807583115319,13,S01|S09|S14|S20|S29|S32|S33|S41|S43,0.8258586926911224
S21,behavior_no_propensity,first1,132,23,0.4593852303725093,0.6888711607499003,0.7149980055843638,0.5333333333333333,0.5454545454545454,0.5217391304347826,0.43765703204956413,0.22883321344852448,0.5757199760639307,6,S01|S09|S14|S20|S29|S32|S33|S41|S43,1.0634630651813926
S21,behavior_no_propensity,first2,83,17,0.6055637262296437,0.7272727272727273,0.6889483065953654,0.5,0.47368421052631576,0.5294117647058824,0.3629966697243633,0.3403885170637843,0.704629426815293,6,S01|S09|S14|S20|S29|S32|S33|S41|S43,1.0634630651813926
S21,behavior_no_propensity,first3,43,13,0.649564437016267,0.7769230769230769,0.6423076923076924,0.47619047619047616,0.625,0.38461538461538464,0.33590128063118535,0.36132156086522477,0.859072461308855,6,S01|S09|S14|S20|S29|S32|S33|S41|S43,1.0634630651813926
S21,behavior_no_propensity,full,132,23,0.597916837725737,0.8879138412445153,0.8384523334662943,0.625,0.4878048780487805,0.8695652173913043,0.5548710300902334,0.36890472855531803,0.646076119210985,6,S01|S09|S14|S20|S29|S32|S33|S41|S43,1.0634630651813926
S22,behavior,first1,136,21,0.2953392245310834,0.6519668737060041,0.5645962732919254,0.26666666666666666,0.25,0.2857142857142857,0.12245637363064615,0.2430750593981322,0.52,7,S03|S06|S07|S08|S19|S24|S40|S43|S44,1.0237692797305786
S22,behavior,first2,91,18,0.5542986628892347,0.8211567732115678,0.7309741248097412,0.52,0.40625,0.7222222222222222,0.385380746354175,0.27381644389786564,0.5190563797950744,7,S03|S06|S07|S08|S19|S24|S40|S43|S44,1.0237692797305786
S22,behavior,first3,36,9,0.6792331206804891,0.8189300411522634,0.6296296296296295,0.4444444444444444,0.4444444444444444,0.4444444444444444,0.25925925925925924,0.3531631607976225,0.7007125593315471,7,S03|S06|S07|S08|S19|S24|S40|S43|S44,1.0237692797305786
S22,behavior,full,136,21,0.6362800496436534,0.8857142857142857,0.6989648033126294,0.5,0.5263157894736842,0.47619047619047616,0.41475830290381593,0.32187595075982456,0.73,7,S03|S06|S07|S08|S19|S24|S40|S43|S44,1.0237692797305786
S22,behavior_et,first1,136,21,0.3295069279147243,0.6650103519668737,0.6312629399585921,0.3466666666666667,0.24074074074074073,0.6190476190476191,0.19387726485420492,0.2036069930147599,0.3794236063415353,2,S03|S06|S07|S08|S19|S24|S40|S43|S44,1.1072931354843731
S22,behavior_et,first2,91,18,0.5868984597848197,0.8006088280060882,0.7229832572298326,0.5555555555555556,0.5555555555555556,0.5555555555555556,0.4459665144596651,0.25861040494599186,0.5916949301657051,2,S03|S06|S07|S08|S19|S24|S40|S43|S44,1.1072931354843731
S22,behavior_et,first3,36,9,0.6626984126984128,0.8024691358024691,0.6666666666666667,0.5,0.45454545454545453,0.5555555555555556,0.3133397807202561,0.3151626504129833,0.67,2,S03|S06|S07|S08|S19|S24|S40|S43|S44,1.1072931354843731
S22,behavior_et,full,136,21,0.6606710885260961,0.8931677018633539,0.7358178053830228,0.5789473684210527,0.6470588235294118,0.5238095238095238,0.5153083919699585,0.28785418456091605,0.6625539946556092,2,S03|S06|S07|S08|S19|S24|S40|S43|S44,1.1072931354843731
S22,behavior_eeg,first1,136,21,0.3010552329098816,0.6931677018633541,0.6573498964803313,0.37681159420289856,0.2708333333333333,0.6190476190476191,0.23795403303897403,0.2956214113270535,0.49,4,S03|S06|S07|S08|S19|S24|S40|S43|S44,1.0056222641760784
S22,behavior_eeg,first2,91,18,0.6134593911858405,0.863013698630137,0.7233637747336378,0.5365853658536586,0.4782608695652174,0.6111111111111112,0.40946995831559313,0.36346696808442963,0.7039956145816377,4,S03|S06|S07|S08|S19|S24|S40|S43|S44,1.0056222641760784
S22,behavior_eeg,first3,36,9,0.6580328135152698,0.8148148148148149,0.7592592592592593,0.5925925925925926,0.4444444444444444,0.8888888888888888,0.4490502093697089,0.45665657437509966,0.7050831116570366,4,S03|S06|S07|S08|S19|S24|S40|S43|S44,1.0056222641760784
S22,behavior_eeg,full,136,21,0.6354855645625083,0.90351966873706,0.7573498964803314,0.5652173913043478,0.52,0.6190476190476191,0.48015457070177214,0.3954580804223523,0.74,4,S03|S06|S07|S08|S19|S24|S40|S43|S44,1.0056222641760784
S22,behavior_eeg_et,first1,136,21,0.36247349531495426,0.7035196687370601,0.6055900621118012,0.32727272727272727,0.2647058823529412,0.42857142857142855,0.17622684421256035,0.2719132804914432,0.5335596519889253,4,S03|S06|S07|S08|S19|S24|S40|S43|S44,0.9991537885098373
S22,behavior_eeg_et,first2,91,18,0.5795016889275367,0.8378995433789954,0.7294520547945205,0.6,0.75,0.5,0.5402757325434003,0.3148890902380367,0.734780214049599,4,S03|S06|S07|S08|S19|S24|S40|S43|S44,0.9991537885098373
S22,behavior_eeg_et,first3,36,9,0.6365323029796714,0.8065843621399177,0.6296296296296297,0.45454545454545453,0.38461538461538464,0.5555555555555556,0.23372319715296222,0.4008703798883491,0.7464698233989754,4,S03|S06|S07|S08|S19|S24|S40|S43|S44,0.9991537885098373
S22,behavior_eeg_et,full,136,21,0.6325443899598034,0.9014492753623189,0.7422360248447204,0.5581395348837209,0.5454545454545454,0.5714285714285714,0.4754047625468756,0.3568617510883247,0.7240703308582306,4,S03|S06|S07|S08|S19|S24|S40|S43|S44,0.9991537885098373
S22,behavior_no_propensity,first1,136,21,0.32763207302611297,0.662111801242236,0.5799171842650104,0.2857142857142857,0.35714285714285715,0.23809523809523808,0.19005740882442915,0.20264669463914986,0.43,13,S03|S06|S07|S08|S19|S24|S40|S43|S44,1.0508229259223274
S22,behavior_no_propensity,first2,91,18,0.7401539079543151,0.8759512937595129,0.7659817351598174,0.5454545454545454,0.40540540540540543,0.8333333333333334,0.43140159969213054,0.2684976697623075,0.4350786288579305,13,S03|S06|S07|S08|S19|S24|S40|S43|S44,1.0508229259223274
S22,behavior_no_propensity,first3,36,9,0.8488536155202824,0.934156378600823,0.7777777777777778,0.6363636363636364,0.5384615384615384,0.7777777777777778,0.5008354224706333,0.33588725907935035,0.6762808790110578,13,S03|S06|S07|S08|S19|S24|S40|S43|S44,1.0508229259223274
S22,behavior_no_propensity,full,136,21,0.7795403890484628,0.9407867494824017,0.8699792960662526,0.7391304347826086,0.68,0.8095238095238095,0.6902946241706088,0.2907153414014508,0.6318397066809914,13,S03|S06|S07|S08|S19|S24|S40|S43|S44,1.0508229259223274
S23,behavior,first1,144,21,0.30120610590715796,0.6918312040263259,0.5859465737514518,0.291970802919708,0.1724137931034483,0.9523809523809523,0.153289623220946,0.35515059706651503,0.3213997557307734,6,S02|S03|S05|S16|S18|S19|S24|S26|S42,1.0304598687388828
S23,behavior,first2,143,21,0.4186885719771602,0.7326307572209211,0.6865729898516784,0.40625,0.3023255813953488,0.6190476190476191,0.28802759743275613,0.4561068555275043,0.7542792982525296,6,S02|S03|S05|S16|S18|S19|S24|S26|S42,1.0304598687388828
S23,behavior,first3,131,19,0.45770224749634497,0.787593984962406,0.6804511278195489,0.36585365853658536,0.23809523809523808,0.7894736842105263,0.25436108986270045,0.527702555174136,0.6854259051156767,6,S02|S03|S05|S16|S18|S19|S24|S26|S42,1.0304598687388828
S23,behavior,full,144,21,0.6212195435897504,0.9194734804490902,0.805458768873403,0.4819277108433735,0.3225806451612903,0.9523809523809523,0.4354537398986838,0.593491792678833,0.8086557857918016,6,S02|S03|S05|S16|S18|S19|S24|S26|S42,1.0304598687388828
S23,behavior_et,first1,144,21,0.3026660976782077,0.7069299264421215,0.6515679442508711,0.36363636363636365,0.26666666666666666,0.5714285714285714,0.23082120545605203,0.2730405151637064,0.5132339000701904,6,S02|S03|S05|S16|S18|S19|S24|S26|S42,1.0031216207686413
S23,behavior_et,first2,143,21,0.41282033552382363,0.7291178766588603,0.5936768149882904,0.3076923076923077,0.3333333333333333,0.2857142857142857,0.1999219207465852,0.3502180048010566,0.7799055898069132,6,S02|S03|S05|S16|S18|S19|S24|S26|S42,1.0031216207686413
S23,behavior_et,first3,131,19,0.43786573450897903,0.7640977443609023,0.7255639097744361,0.4307692307692308,0.30434782608695654,0.7368421052631579,0.3328105175702079,0.41072981218800286,0.7247084089481469,6,S02|S03|S05|S16|S18|S19|S24|S26|S42,1.0031216207686413
S23,behavior_et,full,144,21,0.6356138759637062,0.926829268292683,0.8420441347270615,0.5405405405405406,0.37735849056603776,0.9523809523809523,0.5006286680411499,0.4810743702368604,0.76606081904787,6,S02|S03|S05|S16|S18|S19|S24|S26|S42,1.0031216207686413
S23,behavior_eeg,first1,144,21,0.25468208312386914,0.6554394115369725,0.5487804878048781,0.26666666666666666,0.16666666666666666,0.6666666666666666,0.06984302957695782,0.39090510095573133,0.51,5,S02|S03|S05|S16|S18|S19|S24|S26|S42,0.9885168154413836
S23,behavior_eeg,first2,143,21,0.4178236311528969,0.704527712724434,0.6709601873536299,0.39344262295081966,0.3,0.5714285714285714,0.26962858679375595,0.49463751474460527,0.78,5,S02|S03|S05|S16|S18|S19|S24|S26|S42,0.9885168154413836
S23,behavior_eeg,first3,131,19,0.40468398111291093,0.7678571428571429,0.724624060150376,0.4050632911392405,0.26666666666666666,0.8421052631578947,0.31751721812302064,0.5750941598915873,0.7860981678962707,5,S02|S03|S05|S16|S18|S19|S24|S26|S42,0.9885168154413836
S23,behavior_eeg,full,144,21,0.5668553320067616,0.9047619047619047,0.789198606271777,0.45977011494252873,0.30303030303030304,0.9523809523809523,0.4097029823057092,0.6419885898422864,0.8400000000000001,5,S02|S03|S05|S16|S18|S19|S24|S26|S42,0.9885168154413836
S23,behavior_eeg_et,first1,144,21,0.26022445935609845,0.6755710414247,0.6149825783972125,0.32,0.2222222222222222,0.5714285714285714,0.16765098418171126,0.3450905790862938,0.6105271198532798,5,S02|S03|S05|S16|S18|S19|S24|S26|S42,0.9693758473792595
S23,behavior_eeg_et,first2,143,21,0.3854081666892774,0.7154566744730678,0.6446135831381733,0.3829787234042553,0.34615384615384615,0.42857142857142855,0.2654294092078785,0.4409965890479255,0.8159409704232456,5,S02|S03|S05|S16|S18|S19|S24|S26|S42,0.9693758473792595
S23,behavior_eeg_et,first3,131,19,0.40107909924659596,0.7622180451127819,0.7568139097744361,0.4827586206896552,0.358974358974359,0.7368421052631579,0.3955561424926799,0.5101862870554887,0.8300000000000001,5,S02|S03|S05|S16|S18|S19|S24|S26|S42,0.9693758473792595
S23,behavior_eeg_et,full,144,21,0.6154588540461048,0.9237320944638018,0.8501742160278745,0.5555555555555556,0.39215686274509803,0.9523809523809523,0.5168324831526714,0.5880145902434986,0.8710938769759553,5,S02|S03|S05|S16|S18|S19|S24|S26|S42,0.9693758473792595
S23,behavior_no_propensity,first1,144,21,0.23905291706516096,0.6387921022067363,0.6184668989547039,0.32098765432098764,0.21666666666666667,0.6190476190476191,0.169618786115469,0.3262390765464968,0.5148616433143616,5,S02|S03|S05|S16|S18|S19|S24|S26|S42,1.0512773997906486
S23,behavior_no_propensity,first2,143,21,0.3707115689832039,0.6932084309133489,0.6686182669789227,0.36585365853658536,0.2459016393442623,0.7142857142857143,0.24135279695681203,0.42828403236149076,0.6062265621050439,5,S02|S03|S05|S16|S18|S19|S24|S26|S42,1.0512773997906486
S23,behavior_no_propensity,first3,131,19,0.43021958676461214,0.75046992481203,0.706766917293233,0.3855421686746988,0.25,0.8421052631578947,0.29131944372457985,0.5051582346435722,0.691476173653747,5,S02|S03|S05|S16|S18|S19|S24|S26|S42,1.0512773997906486
S23,behavior_no_propensity,full,144,21,0.6272954279663319,0.908246225319396,0.7653890824622531,0.4418604651162791,0.2923076923076923,0.9047619047619048,0.3764480291083634,0.5748258158564568,0.7858519892800937,5,S02|S03|S05|S16|S18|S19|S24|S26|S42,1.0512773997906486
S24,behavior,first1,144,18,0.22547855576523546,0.6834215167548502,0.5833333333333334,0.2641509433962264,0.2,0.3888888888888889,0.1285058810634358,0.21705163213320905,0.4285911539979654,5,S02|S09|S12|S16|S22|S28|S30|S37|S38,1.023140943846397
S24,behavior,first2,132,16,0.26588928022203795,0.6901939655172413,0.6508620689655172,0.3,0.1875,0.75,0.19704009023608218,0.3803666596385566,0.4846815518538157,5,S02|S09|S12|S16|S22|S28|S30|S37|S38,1.023140943846397
S24,behavior,first3,99,9,0.2642307674920815,0.691358024691358,0.5888888888888888,0.21621621621621623,0.14285714285714285,0.4444444444444444,0.11347803127252841,0.4637138712586779,0.6882518693052156,5,S02|S09|S12|S16|S22|S28|S30|S37|S38,1.023140943846397
S24,behavior,full,144,18,0.2746938744932652,0.7579365079365079,0.7380952380952381,0.35294117647058826,0.21428571428571427,1.0,0.3194382824999699,0.4525989534126388,0.5477482002130662,5,S02|S09|S12|S16|S22|S28|S30|S37|S38,1.023140943846397
S24,behavior_et,first1,144,18,0.2788411335014197,0.6825396825396826,0.6150793650793651,0.3018867924528302,0.22857142857142856,0.4444444444444444,0.17746050242093514,0.26928502983517116,0.53,7,S02|S09|S12|S16|S22|S28|S30|S37|S38,0.9940553488882884
S24,behavior_et,first2,132,16,0.30814198758760875,0.7295258620689655,0.5894396551724138,0.2558139534883721,0.15714285714285714,0.6875,0.11697801108357826,0.4343444396826354,0.5249090226491292,7,S02|S09|S12|S16|S22|S28|S30|S37|S38,0.9940553488882884
S24,behavior_et,first3,99,9,0.3226975619403175,0.6901234567901234,0.6555555555555556,0.32,0.25,0.4444444444444444,0.24297354707521818,0.514957303350622,0.78,7,S02|S09|S12|S16|S22|S28|S30|S37|S38,0.9940553488882884
S24,behavior_et,full,144,18,0.2912102895322715,0.7751322751322751,0.7063492063492064,0.3488372093023256,0.22058823529411764,0.8333333333333334,0.2733965759638985,0.4940259604611331,0.67,7,S02|S09|S12|S16|S22|S28|S30|S37|S38,0.9940553488882884
S24,behavior_eeg,first1,144,18,0.2266867022524299,0.6569664902998237,0.5793650793650793,0.2608695652173913,0.21428571428571427,0.3333333333333333,0.13263952726932274,0.17913528878448737,0.44,6,S02|S09|S12|S16|S22|S28|S30|S37|S38,0.9706551303685492
S24,behavior_eeg,first2,132,16,0.21463249888553487,0.6454741379310345,0.5075431034482758,0.15384615384615385,0.13043478260869565,0.1875,0.012980513656399894,0.32917029783129687,0.6983937296000392,6,S02|S09|S12|S16|S22|S28|S30|S37|S38,0.9706551303685492
S24,behavior_eeg,first3,99,9,0.25570572358498056,0.6592592592592592,0.6166666666666667,0.2857142857142857,0.25,0.3333333333333333,0.20552707683014623,0.40894721162439596,0.757717785618522,6,S02|S09|S12|S16|S22|S28|S30|S37|S38,0.9706551303685492
S24,behavior_eeg,full,144,18,0.2548623566458347,0.7191358024691359,0.5833333333333333,0.2702702702702703,0.2631578947368421,0.2777777777777778,0.1628690142091911,0.39707929227087235,0.76,6,S02|S09|S12|S16|S22|S28|S30|S37|S38,0.9706551303685492
S24,behavior_eeg_et,first1,144,18,0.23551347107050005,0.6247795414462081,0.5277777777777778,0.17142857142857143,0.17647058823529413,0.16666666666666666,0.05694068649569659,0.10187134974532658,0.5253034062999667,6,S02|S09|S12|S16|S22|S28|S30|S37|S38,0.9585566512987571
S24,behavior_eeg_et,first2,132,16,0.18129177698535362,0.6276939655172413,0.5075431034482758,0.15384615384615385,0.13043478260869565,0.1875,0.012980513656399894,0.22127102987107006,0.5675965705062403,6,S02|S09|S12|S16|S22|S28|S30|S37|S38,0.9585566512987571
S24,behavior_eeg_et,first3,99,9,0.23127973683459144,0.6617283950617284,0.5777777777777777,0.23529411764705882,0.25,0.2222222222222222,0.1640825308284734,0.29589016058228235,0.7127195699046356,6,S02|S09|S12|S16|S22|S28|S30|S37|S38,0.9585566512987571
S24,behavior_eeg_et,full,144,18,0.23626790356515934,0.7178130511463845,0.5753968253968254,0.2564102564102564,0.23809523809523808,0.2777777777777778,0.1413000702801674,0.2893009068340891,0.66,6,S02|S09|S12|S16|S22|S28|S30|S37|S38,0.9585566512987571
S24,behavior_no_propensity,first1,144,18,0.18149427130043252,0.5853174603174603,0.5952380952380952,0.2702702702702703,0.17857142857142858,0.5555555555555556,0.12921914767618442,0.30544326371616787,0.41297074907957904,4,S02|S09|S12|S16|S22|S28|S30|S37|S38,1.0669572090593322
S24,behavior_no_propensity,first2,132,16,0.2316699941400452,0.6551724137931034,0.6616379310344828,0.2978723404255319,0.1794871794871795,0.875,0.2145942510935853,0.49523766903263144,0.6,4,S02|S09|S12|S16|S22|S28|S30|S37|S38,1.0669572090593322
S24,behavior_no_propensity,first3,99,9,0.32638382572593094,0.7024691358024692,0.6333333333333333,0.2191780821917808,0.125,0.8888888888888888,0.16035674514745465,0.5808674626880221,0.6248817542105011,4,S02|S09|S12|S16|S22|S28|S30|S37|S38,1.0669572090593322
S24,behavior_no_propensity,full,144,18,0.2772734753884635,0.7098765432098766,0.6547619047619048,0.2956521739130435,0.17525773195876287,0.9444444444444444,0.21831359984157492,0.5534985100643502,0.65,4,S02|S09|S12|S16|S22|S28|S30|S37|S38,1.0669572090593322
S25,behavior,first1,140,7,0.3086275552404585,0.8453276047261009,0.6766917293233082,0.3,0.23076923076923078,0.42857142857142855,0.2653673703463574,0.2651900892811162,0.42441106384450744,2,S16|S21|S23|S26|S28|S35|S36|S42|S43,1.1351019021748427
S25,behavior,first2,132,6,0.8169642857142857,0.962962962962963,0.8611111111111112,0.2553191489361702,0.14634146341463414,1.0,0.32510161013223093,0.36296027774612105,0.4375188677961176,2,S16|S21|S23|S26|S28|S35|S36|S42|S43,1.1351019021748427
S25,behavior,first3,103,3,0.49696969696969695,0.8899999999999999,0.8083333333333333,0.4,0.2857142857142857,0.6666666666666666,0.4120277479483209,0.40660145719653196,0.6153038428588347,2,S16|S21|S23|S26|S28|S35|S36|S42|S43,1.1351019021748427
S25,behavior,full,140,7,0.5877551020408163,0.9667024704618689,0.8383458646616542,0.5882352941176471,0.5,0.7142857142857143,0.5726562866782,0.3875028696443354,0.6481052700317268,2,S16|S21|S23|S26|S28|S35|S36|S42|S43,1.1351019021748427
S25,behavior_et,first1,140,7,0.2505518861498324,0.7712137486573577,0.5676691729323308,0.2222222222222222,0.5,0.14285714285714285,0.24856567949974837,0.23025745595140115,0.6859245571223174,12,S16|S21|S23|S26|S28|S35|S36|S42|S43,0.9573282455756525
S25,behavior_et,first2,132,6,0.7214285714285714,0.9484126984126984,0.8293650793650793,0.7272727272727273,0.8,0.6666666666666666,0.7187561642845491,0.29203117401762446,0.7701996354623275,12,S16|S21|S23|S26|S28|S35|S36|S42|S43,0.9573282455756525
S25,behavior_et,first3,103,3,0.4407407407407407,0.8866666666666667,0.6616666666666666,0.4,0.5,0.3333333333333333,0.39403556489565794,0.31917125333860086,0.752562628550963,12,S16|S21|S23|S26|S28|S35|S36|S42|S43,0.9573282455756525
S25,behavior_et,full,140,7,0.8954648526077096,0.9946294307196563,0.9210526315789473,0.8,0.75,0.8571428571428571,0.790695492614867,0.3175332057156733,0.77,12,S16|S21|S23|S26|S28|S35|S36|S42|S43,0.9573282455756525
S25,behavior_eeg,first1,140,7,0.29880290285483047,0.8259935553168636,0.5601503759398496,0.18181818181818182,0.25,0.14285714285714285,0.15737789507292674,0.24221374488302638,0.4546582152446111,2,S16|S21|S23|S26|S28|S35|S36|S42|S43,1.112633077531652
S25,behavior_eeg,first2,132,6,0.7705938697318008,0.9603174603174602,0.8055555555555556,0.47058823529411764,0.36363636363636365,0.6666666666666666,0.46056618647183833,0.33166009515072364,0.5320112477649341,2,S16|S21|S23|S26|S28|S35|S36|S42|S43,1.112633077531652
S25,behavior_eeg,first3,103,3,0.4357142857142857,0.89,0.6616666666666666,0.4,0.5,0.3333333333333333,0.39403556489565794,0.36300261998639527,0.6754211831574488,2,S16|S21|S23|S26|S28|S35|S36|S42|S43,1.112633077531652
S25,behavior_eeg,full,140,7,0.6851473922902493,0.9817400644468314,0.9248120300751879,0.8571428571428571,0.8571428571428571,0.8571428571428571,0.849624060150376,0.37327350974082946,0.7004622217380638,2,S16|S21|S23|S26|S28|S35|S36|S42|S43,1.112633077531652
S25,behavior_eeg_et,first1,140,7,0.24699792960662525,0.7518796992481203,0.5676691729323308,0.2222222222222222,0.5,0.14285714285714285,0.24856567949974837,0.11590621545910836,0.5678758899370829,4,S16|S21|S23|S26|S28|S35|S36|S42|S43,1.0179912618671298
S25,behavior_eeg_et,first2,132,6,0.7088744588744589,0.9537037037037037,0.6666666666666666,0.5,1.0,0.3333333333333333,0.5683985600588052,0.17796886097075365,0.700746085354776,4,S16|S21|S23|S26|S28|S35|S36|S42|S43,1.0179912618671298
S25,behavior_eeg_et,first3,103,3,0.20982142857142855,0.8766666666666666,0.5,0.0,0.0,0.0,0.0,0.2063908915496567,0.6936745315489142,4,S16|S21|S23|S26|S28|S35|S36|S42|S43,1.0179912618671298
S25,behavior_eeg_et,full,140,7,0.6857142857142857,0.9860365198711063,0.5676691729323308,0.2222222222222222,0.5,0.14285714285714285,0.24856567949974837,0.21197663577539577,0.79,4,S16|S21|S23|S26|S28|S35|S36|S42|S43,1.0179912618671298
S25,behavior_no_propensity,first1,140,7,0.19109466175348866,0.8023630504833513,0.6541353383458647,0.23076923076923078,0.15789473684210525,0.42857142857142855,0.19617224880382775,0.2651993720659188,0.3935928234548278,2,S16|S21|S23|S26|S28|S35|S36|S42|S43,1.119551920399003
S25,behavior_no_propensity,first2,132,6,0.7944444444444445,0.9457671957671958,0.9126984126984128,0.8333333333333334,0.8333333333333334,0.8333333333333334,0.8253968253968254,0.3547169396823103,0.6641961479187012,2,S16|S21|S23|S26|S28|S35|S36|S42|S43,1.119551920399003
S25,behavior_no_propensity,first3,103,3,0.5249999999999999,0.87,0.8233333333333333,0.5714285714285714,0.5,0.6666666666666666,0.5628510875900897,0.38662716428053034,0.6815930001362406,2,S16|S21|S23|S26|S28|S35|S36|S42|S43,1.119551920399003
S25,behavior_no_propensity,full,140,7,0.6852448671776403,0.949516648764769,0.8458646616541353,0.6666666666666666,0.625,0.7142857142857143,0.6494998689336408,0.3687459109084947,0.7134322106838227,2,S16|S21|S23|S26|S28|S35|S36|S42|S43,1.119551920399003
S26,behavior,first1,135,33,0.3784020708321797,0.6788472964943554,0.5663992869875223,0.2727272727272727,0.5454545454545454,0.18181818181818182,0.20861391918504754,0.09516059314763103,0.54,7,S02|S05|S06|S07|S17|S22|S36|S41|S44,1.0075065891375252
S26,behavior,first2,69,21,0.4458557112467656,0.691468253968254,0.5133928571428571,0.08695652173913043,0.5,0.047619047619047616,0.07346510420043817,0.16130954631860708,0.68,7,S02|S05|S06|S07|S17|S22|S36|S41|S44,1.0075065891375252
S26,behavior,first3,31,8,0.5834704184704185,0.7336956521739131,0.5815217391304348,0.3333333333333333,0.5,0.25,0.21281413268968716,0.2712509843610948,0.7195942394661181,7,S02|S05|S06|S07|S17|S22|S36|S41|S44,1.0075065891375252
S26,behavior,full,135,33,0.4046366985300488,0.7067736185383244,0.4950980392156863,0.0,0.0,0.0,-0.04913653015078496,0.17357255750232273,0.8454974444707234,7,S02|S05|S06|S07|S17|S22|S36|S41|S44,1.0075065891375252
S26,behavior_et,first1,135,33,0.3201698460792369,0.6182412358882947,0.516042780748663,0.14285714285714285,0.3333333333333333,0.09090909090909091,0.05527899928227821,0.041958751281102484,0.5242410411979211,5,S02|S05|S06|S07|S17|S22|S36|S41|S44,1.000259388903136
S26,behavior_et,first2,69,21,0.3801245340717102,0.6091269841269841,0.4895833333333333,0.0,0.0,0.0,-0.0802111184899685,0.11626155458498694,0.7000000000000001,5,S02|S05|S06|S07|S17|S22|S36|S41|S44,1.000259388903136
S26,behavior_et,first3,31,8,0.560212083238399,0.7228260869565217,0.5,0.0,0.0,0.0,0.0,0.18284086931136345,0.72,5,S02|S05|S06|S07|S17|S22|S36|S41|S44,1.000259388903136
S26,behavior_et,full,135,33,0.35345298808262626,0.6749851455733809,0.49554367201426025,0.05263157894736842,0.2,0.030303030303030304,-0.02028184785787092,0.10347302556037904,0.6842120905958038,5,S02|S05|S06|S07|S17|S22|S36|S41|S44,1.000259388903136
S26,behavior_eeg,first1,135,33,0.30571324145198486,0.595068330362448,0.49242424242424243,0.18181818181818182,0.22727272727272727,0.15151515151515152,-0.017630415929856095,0.06361662960714765,0.4565126343808993,5,S02|S05|S06|S07|S17|S22|S36|S41|S44,0.993001200050436
S26,behavior_eeg,first2,69,21,0.3503179349077789,0.5714285714285714,0.4895833333333333,0.0,0.0,0.0,-0.0802111184899685,0.12532787586467856,0.7000000000000001,5,S02|S05|S06|S07|S17|S22|S36|S41|S44,0.993001200050436
S26,behavior_eeg,first3,31,8,0.4767411510058569,0.6847826086956522,0.5407608695652174,0.2,0.5,0.125,0.14520057987419369,0.21918115308207853,0.7056358185681431,5,S02|S05|S06|S07|S17|S22|S36|S41|S44,0.993001200050436
S26,behavior_eeg,full,135,33,0.3408643745297099,0.6476530005941771,0.49554367201426025,0.05263157894736842,0.2,0.030303030303030304,-0.02028184785787092,0.12307333499193195,0.73,5,S02|S05|S06|S07|S17|S22|S36|S41|S44,0.993001200050436
S26,behavior_eeg_et,first1,135,33,0.28555666778196415,0.5695187165775402,0.5066844919786097,0.16666666666666666,0.26666666666666666,0.12121212121212122,0.018281810603178267,0.10737635120749472,0.51,4,S02|S05|S06|S07|S17|S22|S36|S41|S44,0.9833928569243373
S26,behavior_eeg_et,first2,69,21,0.3278759331603671,0.5545634920634921,0.4895833333333333,0.0,0.0,0.0,-0.0802111184899685,0.09131073401026103,0.72,4,S02|S05|S06|S07|S17|S22|S36|S41|S44,0.9833928569243373
S26,behavior_eeg_et,first3,31,8,0.38352069077875534,0.6413043478260869,0.5,0.0,0.0,0.0,0.0,0.2633792435930621,0.7859246155348691,4,S02|S05|S06|S07|S17|S22|S36|S41|S44,0.9833928569243373
S26,behavior_eeg_et,full,135,33,0.314978740847479,0.6360665478312537,0.4857397504456328,0.05,0.14285714285714285,0.030303030303030304,-0.0552789992822782,0.099906838271353,0.67,4,S02|S05|S06|S07|S17|S22|S36|S41|S44,0.9833928569243373
S26,behavior_no_propensity,first1,135,33,0.29292058142299127,0.5329768270944741,0.5365418894830659,0.21739130434782608,0.38461538461538464,0.15151515151515152,0.10646980527881476,0.06897419470327872,0.431862783648751,4,S02|S05|S06|S07|S17|S22|S36|S41|S44,1.0512271343593529
S26,behavior_no_propensity,first2,69,21,0.38975158181381586,0.6091269841269841,0.5133928571428571,0.08695652173913043,0.5,0.047619047619047616,0.07346510420043817,0.14391651317693185,0.6920976228184168,4,S02|S05|S06|S07|S17|S22|S36|S41|S44,1.0512271343593529
S26,behavior_no_propensity,first3,31,8,0.507063060731539,0.6195652173913043,0.5407608695652174,0.2,0.5,0.125,0.14520057987419369,0.25829963818673163,0.679272038936615,4,S02|S05|S06|S07|S17|S22|S36|S41|S44,1.0512271343593529
S26,behavior_no_propensity,full,135,33,0.36459407647249475,0.6351752822341058,0.5053475935828877,0.05555555555555555,0.3333333333333333,0.030303030303030304,0.031181560935001608,0.1398000994214305,0.7037037214967939,4,S02|S05|S06|S07|S17|S22|S36|S41|S44,1.0512271343593529
S27,behavior,first1,127,10,0.6427761485826001,0.841025641025641,0.7816239316239316,0.42424242424242425,0.30434782608695654,0.7,0.3939235055322864,0.2739021663121351,0.48551479901629263,13,S01|S14|S15|S21|S23|S28|S32|S36|S38,1.0109374782146516
S27,behavior,first2,65,8,0.6177453673777203,0.8421052631578947,0.6820175438596492,0.3333333333333333,0.21428571428571427,0.75,0.24151593423176287,0.3638832110625047,0.51,13,S01|S14|S15|S21|S23|S28|S32|S36|S38,1.0109374782146516
S27,behavior,first3,33,5,0.67,0.8500000000000001,0.6857142857142857,0.38095238095238093,0.25,0.8,0.26647402004950604,0.4023726162585345,0.5588753814047033,13,S01|S14|S15|S21|S23|S28|S32|S36|S38,1.0109374782146516
S27,behavior,full,127,10,0.5892829947357854,0.9341880341880342,0.6743589743589744,0.4,0.4,0.4,0.3487179487179487,0.3647163550215443,0.812379816987298,13,S01|S14|S15|S21|S23|S28|S32|S36|S38,1.0109374782146516
S27,behavior_et,first1,127,10,0.6783763186125513,0.8102564102564103,0.7615384615384615,0.48,0.4,0.6,0.4365197023611312,0.3396663624705291,0.685024522771739,12,S01|S14|S15|S21|S23|S28|S32|S36|S38,0.9550954699089634
S27,behavior_et,first2,65,8,0.6472756410256411,0.8135964912280702,0.6787280701754386,0.5,0.75,0.375,0.48866391480018256,0.4086421129795222,0.8300000000000001,12,S01|S14|S15|S21|S23|S28|S32|S36|S38,0.9550954699089634
S27,behavior_et,first3,33,5,0.7619047619047619,0.8642857142857143,0.7464285714285714,0.5454545454545454,0.5,0.6,0.4581709669115176,0.44104255690719146,0.79,12,S01|S14|S15|S21|S23|S28|S32|S36|S38,0.9550954699089634
S27,behavior_et,full,127,10,0.5817525172231054,0.935042735042735,0.6371794871794871,0.375,0.5,0.3,0.348292234191906,0.39999629146470794,0.86,12,S01|S14|S15|S21|S23|S28|S32|S36|S38,0.9550954699089634
S27,behavior_eeg,first1,127,10,0.5937038469296534,0.8358974358974359,0.7974358974358975,0.38095238095238093,0.25,0.8,0.3690451625259511,0.3022635466470493,0.5,4,S01|S14|S15|S21|S23|S28|S32|S36|S38,1.0020478968971869
S27,behavior_eeg,first2,65,8,0.46961936090225564,0.8399122807017544,0.768640350877193,0.5555555555555556,0.5,0.625,0.4892178765964089,0.38386180767646205,0.6954076689180702,4,S01|S14|S15|S21|S23|S28|S32|S36|S38,1.0020478968971869
S27,behavior_eeg,first3,33,5,0.67,0.8500000000000001,0.8107142857142857,0.5714285714285714,0.4444444444444444,0.8,0.5002975305232068,0.4304206402915897,0.72,4,S01|S14|S15|S21|S23|S28|S32|S36|S38,1.0020478968971869
S27,behavior_eeg,full,127,10,0.43812046613517197,0.905982905982906,0.773076923076923,0.4,0.28,0.7,0.36994557506042336,0.39210938879354734,0.6852119308529478,4,S01|S14|S15|S21|S23|S28|S32|S36|S38,1.0020478968971869
S27,behavior_eeg_et,first1,127,10,0.3857856617067143,0.8452991452991454,0.7931623931623932,0.37209302325581395,0.24242424242424243,0.8,0.3600893593063023,0.3179460613746343,0.463499224682649,2,S01|S14|S15|S21|S23|S28|S32|S36|S38,1.1389978742206959
S27,behavior_eeg_et,first2,65,8,0.26069213645433154,0.736842105263158,0.680921052631579,0.35714285714285715,0.25,0.625,0.25756109818496586,0.4173688634083822,0.6116874071564338,2,S01|S14|S15|S21|S23|S28|S32|S36|S38,1.1389978742206959
S27,behavior_eeg_et,first3,33,5,0.35367965367965365,0.7571428571428571,0.675,0.4,0.3,0.6,0.2730663241619229,0.4606236968979691,0.6960665916252617,2,S01|S14|S15|S21|S23|S28|S32|S36|S38,1.1389978742206959
S27,behavior_eeg_et,full,127,10,0.27799983349983354,0.8752136752136752,0.5700854700854701,0.21052631578947367,0.2222222222222222,0.2,0.1471257395152328,0.4131169407151815,0.78,2,S01|S14|S15|S21|S23|S28|S32|S36|S38,1.1389978742206959
S27,behavior_no_propensity,first1,127,10,0.618767635872899,0.8927350427350428,0.7158119658119658,0.43478260869565216,0.38461538461538464,0.5,0.3835079272671047,0.2641510658376799,0.52,14,S01|S14|S15|S21|S23|S28|S32|S36|S38,1.0484838317613048
S27,behavior_no_propensity,first2,65,8,0.5624921101894786,0.8333333333333333,0.6787280701754386,0.5,0.75,0.375,0.48866391480018256,0.35332246927114636,0.76,14,S01|S14|S15|S21|S23|S28|S32|S36|S38,1.0484838317613048
S27,behavior_no_propensity,first3,33,5,0.7333333333333334,0.9142857142857144,0.6821428571428572,0.5,0.6666666666666666,0.4,0.45434411125112145,0.37169432007905207,0.7992934093330845,14,S01|S14|S15|S21|S23|S28|S32|S36|S38,1.0484838317613048
S27,behavior_no_propensity,full,127,10,0.5642413632119514,0.9358974358974359,0.8115384615384615,0.5384615384615384,0.4375,0.7,0.5057234787967008,0.3609336124161097,0.7377211192641595,14,S01|S14|S15|S21|S23|S28|S32|S36|S38,1.0484838317613048
S28,behavior,first1,129,16,0.53638514117683,0.8769358407079646,0.589325221238938,0.3,0.75,0.1875,0.33971780324367457,0.15988870184550913,0.5800000000000001,7,S03|S08|S16|S20|S21|S25|S33|S38|S44,1.0233911070992687
S28,behavior,first2,98,16,0.4958437376306646,0.8719512195121951,0.6509146341463414,0.42857142857142855,0.5,0.375,0.3403207422427858,0.21481543414446772,0.5949238608100197,7,S03|S08|S16|S20|S21|S25|S33|S38|S44,1.0233911070992687
S28,behavior,first3,71,14,0.5547453455066237,0.8709273182957393,0.7330827067669172,0.5714285714285714,0.5714285714285714,0.5714285714285714,0.46616541353383456,0.27745814894286674,0.6692884802818296,7,S03|S08|S16|S20|S21|S25|S33|S38|S44,1.0233911070992687
S28,behavior,full,129,16,0.6486146002690121,0.9397123893805309,0.8396017699115044,0.6666666666666666,0.6,0.75,0.6185444392683858,0.2954024304022161,0.6888455700874327,7,S03|S08|S16|S20|S21|S25|S33|S38|S44,1.0233911070992687
S28,behavior_et,first1,129,16,0.525383997341401,0.816924778761062,0.7204092920353982,0.36619718309859156,0.23636363636363636,0.8125,0.29380684101820537,0.2340444569555364,0.36950314911929044,4,S03|S08|S16|S20|S21|S25|S33|S38|S44,1.0288816895315906
S28,behavior_et,first2,98,16,0.5202649780774781,0.8467987804878049,0.7385670731707317,0.5625,0.5625,0.5625,0.4771341463414634,0.28152067639998024,0.5987412695631836,4,S03|S08|S16|S20|S21|S25|S33|S38|S44,1.0288816895315906
S28,behavior_et,first3,71,14,0.5465973286547822,0.8596491228070177,0.8063909774436091,0.5777777777777777,0.41935483870967744,0.9285714285714286,0.49158267766851765,0.3382943635675269,0.54,4,S03|S08|S16|S20|S21|S25|S33|S38|S44,1.0288816895315906
S28,behavior_et,full,129,16,0.6266390967517219,0.9380530973451329,0.8539823008849557,0.49230769230769234,0.32653061224489793,1.0,0.48080361361333857,0.36286172097505526,0.52,4,S03|S08|S16|S20|S21|S25|S33|S38|S44,1.0288816895315906
S28,behavior_eeg,first1,129,16,0.485170597626093,0.8495575221238938,0.53125,0.11764705882352941,1.0,0.0625,0.2348952559120767,0.1246964229458524,0.6441234096613797,4,S03|S08|S16|S20|S21|S25|S33|S38|S44,1.007162277689127
S28,behavior_eeg,first2,98,16,0.46088906296001353,0.8696646341463414,0.5815548780487805,0.2857142857142857,0.6,0.1875,0.2739809576809687,0.20227206285510743,0.7100000000000001,4,S03|S08|S16|S20|S21|S25|S33|S38|S44,1.007162277689127
S28,behavior_eeg,first3,71,14,0.5602912179137249,0.8771929824561403,0.5895989974937343,0.3157894736842105,0.6,0.21428571428571427,0.2786619179123149,0.2221820914829281,0.81,4,S03|S08|S16|S20|S21|S25|S33|S38|S44,1.007162277689127
S28,behavior_eeg,full,129,16,0.6840547897728748,0.9457964601769911,0.8036504424778761,0.7142857142857143,0.8333333333333334,0.625,0.6891592237433408,0.2541864763858706,0.75,4,S03|S08|S16|S20|S21|S25|S33|S38|S44,1.007162277689127
S28,behavior_eeg_et,first1,129,16,0.4827521675894726,0.754424778761062,0.6794800884955752,0.375,0.28125,0.5625,0.27395840397640037,0.26783231518758355,0.51,3,S03|S08|S16|S20|S21|S25|S33|S38|S44,1.0335112127658503
S28,behavior_eeg_et,first2,98,16,0.4465607595964589,0.8384146341463414,0.7141768292682926,0.5,0.45,0.5625,0.39283221780372135,0.33299471605188996,0.6402976304834539,3,S03|S08|S16|S20|S21|S25|S33|S38|S44,1.0335112127658503
S28,behavior_eeg_et,first3,71,14,0.5347096440457061,0.8508771929824561,0.8239348370927319,0.6046511627906976,0.4482758620689655,0.9285714285714286,0.5244033450225516,0.38824919747634673,0.6168265505270524,3,S03|S08|S16|S20|S21|S25|S33|S38|S44,1.0335112127658503
S28,behavior_eeg_et,full,129,16,0.6479596092365489,0.9430309734513274,0.8537057522123894,0.5263157894736842,0.36585365853658536,0.9375,0.5007697274086554,0.4112493705957435,0.6257218220017173,3,S03|S08|S16|S20|S21|S25|S33|S38|S44,1.0335112127658503
S28,behavior_no_propensity,first1,129,16,0.4700529575387888,0.7693584070796461,0.6742256637168141,0.48,0.6666666666666666,0.375,0.4508472849383516,0.23226540633874343,0.4916032195994348,15,S03|S08|S16|S20|S21|S25|S33|S38|S44,1.0414805081084428
S28,behavior_no_propensity,first2,98,16,0.48780277427176405,0.7439024390243901,0.7400914634146342,0.5,0.39285714285714285,0.6875,0.39286704137038775,0.30162612759337126,0.5024256192554127,15,S03|S08|S16|S20|S21|S25|S33|S38|S44,1.0414805081084428
S28,behavior_no_propensity,first3,71,14,0.6526517121480913,0.7957393483709273,0.6209273182957393,0.39285714285714285,0.2619047619047619,0.7857142857142857,0.19576372454420204,0.3623243939708656,0.5000235167416659,15,S03|S08|S16|S20|S21|S25|S33|S38|S44,1.0414805081084428
S28,behavior_no_propensity,full,129,16,0.7858612169564182,0.9303097345132744,0.8537057522123894,0.5263157894736842,0.36585365853658536,0.9375,0.5007697274086554,0.3807429437951524,0.5986060615260191,15,S03|S08|S16|S20|S21|S25|S33|S38|S44,1.0414805081084428
S29,behavior,first1,136,14,0.3620437054860134,0.7476580796252927,0.6059718969555035,0.2962962962962963,0.3076923076923077,0.2857142857142857,0.21904856149390295,0.2800776182728655,0.5621969992223412,3,S01|S06|S10|S20|S22|S33|S38|S39|S40,1.0572063361130473
S29,behavior,first2,114,13,0.27504949848616445,0.6740289413556739,0.5807311500380807,0.2608695652173913,0.3,0.23076923076923078,0.18142069579207074,0.34087822913077837,0.6705526852607726,3,S01|S06|S10|S20|S22|S33|S38|S39|S40,1.0572063361130473
S29,behavior,first3,82,12,0.30091834596610845,0.7226190476190476,0.6511904761904762,0.4,0.38461538461538464,0.4166666666666667,0.2926158536339937,0.3641353921919334,0.7446870140957108,3,S01|S06|S10|S20|S22|S33|S38|S39|S40,1.0572063361130473
S29,behavior,full,136,14,0.4427315998426644,0.9039812646370025,0.8711943793911007,0.6,0.46153846153846156,0.8571428571428571,0.5737098466641317,0.3953806462095064,0.65,3,S01|S06|S10|S20|S22|S33|S38|S39|S40,1.0572063361130473
S29,behavior_et,first1,136,14,0.32339937652931516,0.6744730679156908,0.6692037470725996,0.3870967741935484,0.35294117647058826,0.42857142857142855,0.31094670840846167,0.3298479516387863,0.6086242791378136,10,S01|S06|S10|S20|S22|S33|S38|S39|S40,0.9772838551332754
S29,behavior_et,first2,114,13,0.2644109284474856,0.6130997715156131,0.6092916984006094,0.3076923076923077,0.3076923076923077,0.3076923076923077,0.21858339680121858,0.3806545812832682,0.6860243090716275,10,S01|S06|S10|S20|S22|S33|S38|S39|S40,0.9772838551332754
S29,behavior_et,first3,82,12,0.30833642538180595,0.6666666666666667,0.5607142857142857,0.25,0.25,0.25,0.12142857142857143,0.4252857402330492,0.8026765988029615,10,S01|S06|S10|S20|S22|S33|S38|S39|S40,0.9772838551332754
S29,behavior_et,full,136,14,0.4253265664949766,0.8946135831381734,0.8548009367681498,0.5454545454545454,0.4,0.8571428571428571,0.5200500310734492,0.4569312112734598,0.7784748105087665,10,S01|S06|S10|S20|S22|S33|S38|S39|S40,0.9772838551332754
S29,behavior_eeg,first1,136,14,0.3300959955035536,0.7107728337236534,0.5509367681498829,0.19047619047619047,0.2857142857142857,0.14285714285714285,0.14010751810374328,0.23958012242527568,0.6027701041433546,4,S01|S06|S10|S20|S22|S33|S38|S39|S40,0.9987060633114235
S29,behavior_eeg,first2,114,13,0.2580463533501123,0.6473724295506473,0.5472201066260471,0.19047619047619047,0.25,0.15384615384615385,0.11751448346735271,0.2873095479189304,0.7100000000000001,4,S01|S06|S10|S20|S22|S33|S38|S39|S40,0.9987060633114235
S29,behavior_eeg,first3,82,12,0.31969504944492416,0.7321428571428571,0.5892857142857143,0.3,0.375,0.25,0.21271139836910244,0.31051232883842983,0.81,4,S01|S06|S10|S20|S22|S33|S38|S39|S40,0.9987060633114235
S29,behavior_eeg,full,136,14,0.46130022496482126,0.9039812646370025,0.8711943793911007,0.6,0.46153846153846156,0.8571428571428571,0.5737098466641317,0.3511273314190261,0.64,4,S01|S06|S10|S20|S22|S33|S38|S39|S40,0.9987060633114235
S29,behavior_eeg_et,first1,136,14,0.2863927393201662,0.7365339578454332,0.7236533957845432,0.3157894736842105,0.1935483870967742,0.8571428571428571,0.27292148193302634,0.2391797554377905,0.3550535399263556,15,S01|S06|S10|S20|S22|S33|S38|S39|S40,0.7798702760523932
S29,behavior_eeg_et,first2,114,13,0.30529022499198,0.7067783701447068,0.5795887281035796,0.25,0.21052631578947367,0.3076923076923077,0.1357610911734965,0.28004553054639114,0.65,15,S01|S06|S10|S20|S22|S33|S38|S39|S40,0.7798702760523932
S29,behavior_eeg_et,first3,82,12,0.36071295003807735,0.7273809523809525,0.6452380952380953,0.42105263157894735,0.5714285714285714,0.3333333333333333,0.36742654718146883,0.3020455914935688,0.8417207569786996,15,S01|S06|S10|S20|S22|S33|S38|S39|S40,0.7798702760523932
S29,behavior_eeg_et,full,136,14,0.47555744540485806,0.8875878220140515,0.8436768149882904,0.5945945945945946,0.4782608695652174,0.7857142857142857,0.5572127226758673,0.3425969004850177,0.8065403230262526,15,S01|S06|S10|S20|S22|S33|S38|S39|S40,0.7798702760523932
S29,behavior_no_propensity,first1,136,14,0.3118335400803507,0.7485362997658079,0.5591334894613583,0.21052631578947367,0.4,0.14285714285714285,0.190979515077454,0.17697433995849943,0.49,6,S01|S06|S10|S20|S22|S33|S38|S39|S40,1.069390206327146
S29,behavior_no_propensity,first2,114,13,0.24292156235760612,0.6542269611576542,0.5038080731150039,0.09523809523809523,0.125,0.07692307692307693,0.009476974473173605,0.21311050823383162,0.5134195722233166,6,S01|S06|S10|S20|S22|S33|S38|S39|S40,1.069390206327146
S29,behavior_no_propensity,first3,82,12,0.3016362487253659,0.7654761904761904,0.7119047619047618,0.43243243243243246,0.32,0.6666666666666666,0.32538904161686855,0.26454595167462414,0.4164826538827684,6,S01|S06|S10|S20|S22|S33|S38|S39|S40,1.069390206327146
S29,behavior_no_propensity,full,136,14,0.43177118757638894,0.9162763466042154,0.8823185011709602,0.5531914893617021,0.3939393939393939,0.9285714285714286,0.542030420796932,0.3105752889943473,0.53,6,S01|S06|S10|S20|S22|S33|S38|S39|S40,1.069390206327146
S30,behavior,first1,131,20,0.2942356082127129,0.6436936936936937,0.5594594594594595,0.24242424242424243,0.3076923076923077,0.2,0.14305885996676318,0.2072726476738471,0.5470775263478057,8,S06|S07|S08|S15|S28|S29|S32|S38|S44,1.0214810993063417
S30,behavior,first2,75,13,0.6212849665902938,0.8498759305210918,0.68424317617866,0.5263157894736842,0.8333333333333334,0.38461538461538464,0.5141487187108322,0.2850770960251491,0.7100000000000001,8,S06|S07|S08|S15|S28|S29|S32|S38|S44,1.0214810993063417
S30,behavior,first3,33,5,0.5393939393939393,0.8,0.6821428571428572,0.5,0.6666666666666666,0.4,0.45434411125112145,0.34067087326989026,0.7843644691838159,8,S06|S07|S08|S15|S28|S29|S32|S38|S44,1.0214810993063417
S30,behavior,full,131,20,0.5846194569890942,0.8252252252252252,0.6454954954954955,0.4444444444444444,0.8571428571428571,0.3,0.4653676265678033,0.28057836655897034,0.7682083926959471,8,S06|S07|S08|S15|S28|S29|S32|S38|S44,1.0214810993063417
S30,behavior_et,first1,131,20,0.29392490941116645,0.6288288288288287,0.5094594594594595,0.12903225806451613,0.18181818181818182,0.1,0.024534987303147356,0.1521502429519901,0.5766261460383733,6,S06|S07|S08|S15|S28|S29|S32|S38|S44,0.9991215351317878
S30,behavior_et,first2,75,13,0.5866067004404474,0.8610421836228288,0.5769230769230769,0.26666666666666666,1.0,0.15384615384615385,0.3614745588437089,0.20823922087748845,0.7608038658084291,6,S06|S07|S08|S15|S28|S29|S32|S38|S44,0.9991215351317878
S30,behavior_et,first3,33,5,0.40714285714285714,0.7785714285714285,0.5821428571428572,0.2857142857142857,0.5,0.2,0.24686980467612782,0.2757866224556258,0.777036420504252,6,S06|S07|S08|S15|S28|S29|S32|S38|S44,0.9991215351317878
S30,behavior_et,full,131,20,0.5118669269630765,0.8238738738738738,0.6454954954954955,0.4444444444444444,0.8571428571428571,0.3,0.4653676265678033,0.2016069034242448,0.7181962370872498,6,S06|S07|S08|S15|S28|S29|S32|S38|S44,0.9991215351317878
S30,behavior_eeg,first1,131,20,0.3222697947217341,0.6599099099099098,0.6209459459459459,0.358974358974359,0.3684210526315789,0.35,0.24706543259249655,0.19037935888494242,0.54,3,S06|S07|S08|S15|S28|S29|S32|S38|S44,1.0210456489491941
S30,behavior_eeg,first2,75,13,0.6262651456277386,0.8176178660049628,0.6457816377171216,0.4444444444444444,0.8,0.3076923076923077,0.4424521595673921,0.2473817586898804,0.7172860840655335,3,S06|S07|S08|S15|S28|S29|S32|S38|S44,1.0210456489491941
S30,behavior_eeg,first3,33,5,0.47663003663003667,0.7071428571428571,0.6642857142857144,0.4444444444444444,0.5,0.4,0.3609647718302481,0.2868815576939872,0.7100000000000001,3,S06|S07|S08|S15|S28|S29|S32|S38|S44,1.0210456489491941
S30,behavior_eeg,full,131,20,0.5616560888791899,0.822072072072072,0.640990990990991,0.42857142857142855,0.75,0.3,0.4235457193057154,0.24579764635280799,0.7000000000000001,3,S06|S07|S08|S15|S28|S29|S32|S38|S44,1.0210456489491941
S30,behavior_eeg_et,first1,131,20,0.28371921382975146,0.6612612612612613,0.563963963963964,0.25,0.3333333333333333,0.2,0.15950626624575204,0.1601066202039027,0.5700000000000001,3,S06|S07|S08|S15|S28|S29|S32|S38|S44,1.0122077451394418
S30,behavior_eeg_et,first2,75,13,0.6592921447053384,0.8709677419354839,0.6377171215880894,0.42105263157894735,0.6666666666666666,0.3076923076923077,0.3843131836828443,0.2285914159814517,0.6944656643301547,3,S06|S07|S08|S15|S28|S29|S32|S38|S44,1.0122077451394418
S30,behavior_eeg_et,first3,33,5,0.5155555555555555,0.7928571428571429,0.5821428571428572,0.2857142857142857,0.5,0.2,0.24686980467612782,0.3019277121533048,0.7696403055781066,3,S06|S07|S08|S15|S28|S29|S32|S38|S44,1.0122077451394418
S30,behavior_eeg_et,full,131,20,0.5995903306975664,0.8536036036036035,0.6204954954954955,0.38461538461538464,0.8333333333333334,0.25,0.4146165781862888,0.24234329766899576,0.7518545939223934,3,S06|S07|S08|S15|S28|S29|S32|S38|S44,1.0122077451394418
S30,behavior_no_propensity,first1,131,20,0.3217262341923709,0.6349099099099099,0.5659909909909909,0.24,0.6,0.15,0.24775410467254905,0.18519821808538364,0.539565920829773,8,S06|S07|S08|S15|S28|S29|S32|S38|S44,1.0522538802685233
S30,behavior_no_propensity,first2,75,13,0.603011669885119,0.9143920595533499,0.6377171215880894,0.42105263157894735,0.6666666666666666,0.3076923076923077,0.3843131836828443,0.25811544696489974,0.6900000000000001,8,S06|S07|S08|S15|S28|S29|S32|S38|S44,1.0522538802685233
S30,behavior_no_propensity,first3,33,5,0.5787301587301588,0.9214285714285715,0.6821428571428572,0.5,0.6666666666666666,0.4,0.45434411125112145,0.3348359321102951,0.7160367082465778,8,S06|S07|S08|S15|S28|S29|S32|S38|S44,1.0522538802685233
S30,behavior_no_propensity,full,131,20,0.6406040949075005,0.8745495495495496,0.5659909909909909,0.24,0.6,0.15,0.24775410467254905,0.26830056673697844,0.75,8,S06|S07|S08|S15|S28|S29|S32|S38|S44,1.0522538802685233
S31,behavior,first1,141,25,0.5641560657856929,0.7524137931034482,0.6494827586206897,0.41379310344827586,0.36363636363636365,0.48,0.26968155944373645,0.215512789415975,0.45,14,S05|S06|S24|S25|S27|S29|S32|S36|S39,1.0174733695267006
S31,behavior,first2,81,18,0.5207008801389387,0.7451499118165785,0.626984126984127,0.41379310344827586,0.5454545454545454,0.3333333333333333,0.3082056514117678,0.29961847725473806,0.7418557154409812,14,S05|S06|S24|S25|S27|S29|S32|S36|S39,1.0174733695267006
S31,behavior,first3,28,7,0.7245722531436818,0.8231292517006803,0.7619047619047619,0.6666666666666666,0.8,0.5714285714285714,0.5922200922639821,0.3667991384863853,0.7793763873793862,14,S05|S06|S24|S25|S27|S29|S32|S36|S39,1.0174733695267006
S31,behavior,full,141,25,0.6733042475951743,0.9020689655172414,0.7212068965517242,0.5531914893617021,0.5909090909090909,0.52,0.465632018531083,0.3004322542366407,0.6900000000000001,14,S05|S06|S24|S25|S27|S29|S32|S36|S39,1.0174733695267006
S31,behavior_et,first1,141,25,0.5552580029891249,0.7079310344827586,0.6870689655172414,0.5263157894736842,0.7692307692307693,0.4,0.49391711824450896,0.19229122415079292,0.5700000000000001,7,S05|S06|S24|S25|S27|S29|S32|S36|S39,0.9973484722567922
S31,behavior_et,first2,81,18,0.46046141016578335,0.6666666666666666,0.6071428571428572,0.37037037037037035,0.5555555555555556,0.2777777777777778,0.2834733547569204,0.25762581880445834,0.720079877641466,7,S05|S06|S24|S25|S27|S29|S32|S36|S39,0.9973484722567922
S31,behavior_et,first3,28,7,0.7086297760210805,0.7619047619047619,0.7380952380952381,0.5882352941176471,0.5,0.7142857142857143,0.4303314829119352,0.31358722171613146,0.6460310327284264,7,S05|S06|S24|S25|S27|S29|S32|S36|S39,0.9973484722567922
S31,behavior_et,full,141,25,0.6128730441510633,0.8772413793103447,0.7725862068965517,0.6153846153846154,0.5925925925925926,0.64,0.5291740797647766,0.27003314309086357,0.6596033154834401,7,S05|S06|S24|S25|S27|S29|S32|S36|S39,0.9973484722567922
S31,behavior_eeg,first1,141,25,0.554637116320845,0.7558620689655172,0.6584482758620689,0.46153846153846156,0.6428571428571429,0.36,0.404716242325776,0.2020615126858366,0.5788056133010171,3,S05|S06|S24|S25|S27|S29|S32|S36|S39,1.0375489395153237
S31,behavior_eeg,first2,81,18,0.5003963341132992,0.7469135802469136,0.7023809523809523,0.5238095238095238,0.4583333333333333,0.6111111111111112,0.368521737047751,0.3173715591798594,0.6497245403251263,3,S05|S06|S24|S25|S27|S29|S32|S36|S39,1.0375489395153237
S31,behavior_eeg,first3,28,7,0.6383458646616541,0.7755102040816326,0.7380952380952381,0.5882352941176471,0.5,0.7142857142857143,0.4303314829119352,0.39673543295689995,0.7274838726689117,3,S05|S06|S24|S25|S27|S29|S32|S36|S39,1.0375489395153237
S31,behavior_eeg,full,141,25,0.5851285604042029,0.8772413793103448,0.815344827586207,0.6440677966101694,0.5588235294117647,0.76,0.5630971887787579,0.3127253544880143,0.65,3,S05|S06|S24|S25|S27|S29|S32|S36|S39,1.0375489395153237
S31,behavior_eeg_et,first1,141,25,0.565389439173117,0.7531034482758621,0.6741379310344828,0.4878048780487805,0.625,0.4,0.4193796732613868,0.20428111583839914,0.6032245620091756,5,S05|S06|S24|S25|S27|S29|S32|S36|S39,0.9753870623574532
S31,behavior_eeg_et,first2,81,18,0.4887338572249271,0.7054673721340389,0.6666666666666666,0.48484848484848486,0.5333333333333333,0.4444444444444444,0.35675303400633784,0.28285549728222836,0.7100000000000001,5,S05|S06|S24|S25|S27|S29|S32|S36|S39,0.9753870623574532
S31,behavior_eeg_et,first3,28,7,0.7493053285387381,0.782312925170068,0.7380952380952381,0.5882352941176471,0.5,0.7142857142857143,0.4303314829119352,0.3503848362181867,0.7094712085796127,5,S05|S06|S24|S25|S27|S29|S32|S36|S39,0.9753870623574532
S31,behavior_eeg_et,full,141,25,0.6073612445482959,0.8768965517241379,0.8282758620689655,0.6785714285714286,0.6129032258064516,0.76,0.6054673875670102,0.2918912722392285,0.6629665241096959,5,S05|S06|S24|S25|S27|S29|S32|S36|S39,0.9753870623574532
S31,behavior_no_propensity,first1,141,25,0.5929603306997729,0.7470689655172414,0.6741379310344828,0.4878048780487805,0.625,0.4,0.4193796732613868,0.1637351787682121,0.48000000000000004,6,S05|S06|S24|S25|S27|S29|S32|S36|S39,1.0620927204356896
S31,behavior_no_propensity,first2,81,18,0.46105583389390303,0.7248677248677249,0.5595238095238095,0.25,0.5,0.16666666666666666,0.18898223650461363,0.24058189583413395,0.6663740952809651,6,S05|S06|S24|S25|S27|S29|S32|S36|S39,1.0620927204356896
S31,behavior_no_propensity,first3,28,7,0.7632452981192477,0.8843537414965986,0.8333333333333333,0.7058823529411765,0.6,0.8571428571428571,0.6024640760767093,0.32700754382780617,0.66,6,S05|S06|S24|S25|S27|S29|S32|S36|S39,1.0620927204356896
S31,behavior_no_propensity,full,141,25,0.672883273063277,0.9124137931034483,0.7055172413793103,0.5333333333333333,0.6,0.48,0.44995550902571835,0.2538589328950179,0.6650932470234958,6,S05|S06|S24|S25|S27|S29|S32|S36|S39,1.0620927204356896
S32,behavior,first1,144,17,0.3456618102973162,0.7288096340898564,0.6018990273274664,0.32,0.5,0.23529411764705882,0.287085929516978,0.27075795125630164,0.73,8,S06|S17|S20|S23|S35|S37|S39|S43|S44,1.0187260610499644
S32,behavior,first2,121,16,0.3502395768491037,0.7261904761904762,0.6616071428571428,0.4,0.3684210526315789,0.4375,0.30093195211774343,0.36987086625631194,0.7661687257313968,8,S06|S17|S20|S23|S35|S37|S39|S43|S44,1.0187260610499644
S32,behavior,first3,94,14,0.34859447464068904,0.6964285714285714,0.5973214285714286,0.3125,0.2777777777777778,0.35714285714285715,0.17611827925398638,0.45450287407383005,0.81,8,S06|S17|S20|S23|S35|S37|S39|S43|S44,1.0187260610499644
S32,behavior,full,144,17,0.3717830931955429,0.8286243631310792,0.6447429365446966,0.3333333333333333,0.25806451612903225,0.47058823529411764,0.2272655600685751,0.4904951710874836,0.8161937870160498,8,S06|S17|S20|S23|S35|S37|S39|S43|S44,1.0187260610499644
S32,behavior_et,first1,144,17,0.3033363643322545,0.729504400185271,0.5900880037054191,0.2857142857142857,0.36363636363636365,0.23529411764705882,0.21887749874096993,0.27447206123421586,0.6831132859172243,4,S06|S17|S20|S23|S35|S37|S39|S43|S44,1.0227344986181717
S32,behavior_et,first2,121,16,0.3099153612271349,0.7220238095238096,0.6520833333333333,0.3783783783783784,0.3333333333333333,0.4375,0.27205493726247443,0.36997455124520073,0.7411912172250072,4,S06|S17|S20|S23|S35|S37|S39|S43|S44,1.0227344986181717
S32,behavior_et,first3,94,14,0.2778169570087512,0.6794642857142857,0.6607142857142857,0.38095238095238093,0.2857142857142857,0.5714285714285714,0.2502318034804895,0.4565583508699498,0.72,4,S06|S17|S20|S23|S35|S37|S39|S43|S44,1.0227344986181717
S32,behavior_et,full,144,17,0.3093936010241453,0.8175081056044465,0.7230199166280686,0.3870967741935484,0.26666666666666666,0.7058823529411765,0.31051037217636446,0.4968306243212687,0.75113516949644,4,S06|S17|S20|S23|S35|S37|S39|S43|S44,1.0227344986181717
S32,behavior_eeg,first1,144,17,0.30359186381629294,0.7114404817044928,0.6857341361741547,0.3492063492063492,0.2391304347826087,0.6470588235294118,0.2570727796261192,0.23232573705414927,0.3915022638530442,2,S06|S17|S20|S23|S35|S37|S39|S43|S44,1.1229720960889935
S32,behavior_eeg,first2,121,16,0.29294755843208703,0.6875,0.6235119047619048,0.32558139534883723,0.25925925925925924,0.4375,0.20097759594311024,0.33599286803529277,0.6189813102616204,2,S06|S17|S20|S23|S35|S37|S39|S43|S44,1.1229720960889935
S32,behavior_eeg,first3,94,14,0.253332278012514,0.6464285714285714,0.6482142857142856,0.36363636363636365,0.26666666666666666,0.5714285714285714,0.22640106111984212,0.41363479466514386,0.66,2,S06|S17|S20|S23|S35|S37|S39|S43|S44,1.1229720960889935
S32,behavior_eeg,full,144,17,0.2830495146737861,0.8050023158869848,0.7327466419638722,0.38235294117647056,0.2549019607843137,0.7647058823529411,0.31406039911470857,0.4456355546911558,0.6506393460793929,2,S06|S17|S20|S23|S35|S37|S39|S43|S44,1.1229720960889935
S32,behavior_eeg_et,first1,144,17,0.23139869520004908,0.6262158406669756,0.49606299212598426,0.0,0.0,0.0,-0.030595290523437336,0.20134921138459402,0.91,22,S06|S17|S20|S23|S35|S37|S39|S43|S44,0.652230906831022
S32,behavior_eeg_et,first2,121,16,0.336464936453678,0.6172619047619047,0.5842261904761905,0.2857142857142857,0.6,0.1875,0.2866934678348619,0.23692234433910322,0.93,22,S06|S17|S20|S23|S35|S37|S39|S43|S44,0.652230906831022
S32,behavior_eeg_et,first3,94,14,0.3563268895902715,0.625,0.5589285714285714,0.2222222222222222,0.5,0.14285714285714285,0.20788046015507497,0.26909095796934784,0.93,22,S06|S17|S20|S23|S35|S37|S39|S43|S44,0.652230906831022
S32,behavior_eeg_et,full,144,17,0.4052146403098631,0.77674849467346,0.5979620194534506,0.3076923076923077,0.4444444444444444,0.23529411764705882,0.26117157449298234,0.31785623974347904,0.931572042125644,22,S06|S17|S20|S23|S35|S37|S39|S43|S44,0.652230906831022
S32,behavior_no_propensity,first1,144,17,0.3273556914359389,0.6547012505789718,0.7174617878647522,0.47368421052631576,0.42857142857142855,0.5294117647058824,0.3976281000221415,0.22786363866180184,0.5631042528152466,12,S06|S17|S20|S23|S35|S37|S39|S43|S44,1.050052362163669
S32,behavior_no_propensity,first2,121,16,0.4498486580919252,0.718452380952381,0.5842261904761905,0.2857142857142857,0.6,0.1875,0.2866934678348619,0.3177176344493204,0.7855776735508082,12,S06|S17|S20|S23|S35|S37|S39|S43|S44,1.050052362163669
S32,behavior_no_propensity,first3,94,14,0.4533860886379656,0.7223214285714286,0.6455357142857143,0.3870967741935484,0.35294117647058826,0.42857142857142855,0.26923949385803386,0.41548331969595975,0.7352129583647757,12,S06|S17|S20|S23|S35|S37|S39|S43|S44,1.050052362163669
S32,behavior_no_propensity,full,144,17,0.4479570014105492,0.8679944418712366,0.795738767948124,0.5,0.37142857142857144,0.7647058823529411,0.4449562434020522,0.4577957168221474,0.75,12,S06|S17|S20|S23|S35|S37|S39|S43|S44,1.050052362163669
S33,behavior,first1,124,21,0.46676787621010435,0.6888580674988442,0.6444752658344892,0.38235294117647056,0.2765957446808511,0.6190476190476191,0.22338677898164486,0.22066048244314806,0.4077325661254652,5,S01|S03|S07|S08|S16|S20|S22|S30|S44,1.0315706542045266
S33,behavior,first2,72,14,0.4412652542838804,0.7327586206896551,0.6305418719211823,0.4,0.3076923076923077,0.5714285714285714,0.21512568018035708,0.27555457088682384,0.5,5,S01|S03|S07|S08|S16|S20|S22|S30|S44,1.0315706542045266
S33,behavior,first3,29,7,0.6081841432225064,0.7337662337662337,0.672077922077922,0.5,0.4444444444444444,0.5714285714285714,0.31833123681909753,0.33651849010895035,0.67,5,S01|S03|S07|S08|S16|S20|S22|S30|S44,1.0315706542045266
S33,behavior,full,124,21,0.507433824344669,0.7762367082755433,0.6803051317614425,0.4864864864864865,0.5625,0.42857142857142855,0.40345441647542346,0.2990480220365908,0.72,5,S01|S03|S07|S08|S16|S20|S22|S30|S44,1.0315706542045266
S33,behavior_et,first1,124,21,0.5159659799401903,0.7253814147018031,0.6423948220064725,0.42424242424242425,0.5833333333333334,0.3333333333333333,0.3612874019935742,0.15802162423008875,0.5700000000000001,5,S01|S03|S07|S08|S16|S20|S22|S30|S44,1.0092398101796065
S33,behavior_et,first2,72,14,0.44242388586115633,0.7339901477832512,0.5812807881773399,0.3,0.5,0.21428571428571427,0.23278142562976673,0.20076083526429206,0.73,5,S01|S03|S07|S08|S16|S20|S22|S30|S44,1.0092398101796065
S33,behavior_et,first3,29,7,0.5788333471040238,0.7077922077922078,0.6428571428571428,0.4444444444444444,1.0,0.2857142857142857,0.48249790963716394,0.26746661755545387,0.81,5,S01|S03|S07|S08|S16|S20|S22|S30|S44,1.0092398101796065
S33,behavior_et,full,124,21,0.5096463918827971,0.7970411465557097,0.5758206195099399,0.27586206896551724,0.5,0.19047619047619047,0.23151098134033388,0.2278129811128301,0.7534267807006836,5,S01|S03|S07|S08|S16|S20|S22|S30|S44,1.0092398101796065
S33,behavior_eeg,first1,124,21,0.46945362538206614,0.6856218215441516,0.6527970411465557,0.38095238095238093,0.25396825396825395,0.7619047619047619,0.22926513087053874,0.24470957074194186,0.39,4,S01|S03|S07|S08|S16|S20|S22|S30|S44,0.9973084388766854
S33,behavior_eeg,first2,72,14,0.4765217882985127,0.7266009852216748,0.6477832512315271,0.42105263157894735,0.3333333333333333,0.5714285714285714,0.2481458334927326,0.32137702984942323,0.5743734015117992,4,S01|S03|S07|S08|S16|S20|S22|S30|S44,0.9973084388766854
S33,behavior_eeg,first3,29,7,0.5727380952380952,0.7077922077922078,0.6038961038961039,0.42105263157894735,0.3333333333333333,0.5714285714285714,0.1805404556443455,0.3801720121811176,0.6809797951067337,4,S01|S03|S07|S08|S16|S20|S22|S30|S44,0.9973084388766854
S33,behavior_eeg,full,124,21,0.4895632114811613,0.7868700878409616,0.7041146555709663,0.5263157894736842,0.5882352941176471,0.47619047619047616,0.4451599595996316,0.33479741528149576,0.75,4,S01|S03|S07|S08|S16|S20|S22|S30|S44,0.9973084388766854
S33,behavior_eeg_et,first1,124,21,0.38167656872366484,0.6809986130374479,0.665742024965326,0.45,0.47368421052631576,0.42857142857142855,0.34515919381181304,0.18583957902005604,0.5511496811202077,13,S01|S03|S07|S08|S16|S20|S22|S30|S44,0.8380889109647502
S33,behavior_eeg_et,first2,72,14,0.4759522020380332,0.7179802955665024,0.5270935960591133,0.125,0.5,0.07142857142857142,0.1305000397701628,0.21465194266703394,0.8200000000000001,13,S01|S03|S07|S08|S16|S20|S22|S30|S44,0.8380889109647502
S33,behavior_eeg_et,first3,29,7,0.6425717140002853,0.7012987012987012,0.6688311688311688,0.5,0.6,0.42857142857142855,0.3825184261187248,0.29390111668356533,0.6619737924951495,13,S01|S03|S07|S08|S16|S20|S22|S30|S44,0.8380889109647502
S33,behavior_eeg_et,full,124,21,0.5620978282218412,0.8109107720758205,0.5427646786870088,0.16666666666666666,0.6666666666666666,0.09523809523809523,0.2087806071271422,0.2380975040817453,0.8096765508073749,13,S01|S03|S07|S08|S16|S20|S22|S30|S44,0.8380889109647502
S33,behavior_no_propensity,first1,124,21,0.4907929913708882,0.7399445214979196,0.6634304207119741,0.4,0.2857142857142857,0.6666666666666666,0.2507624373170324,0.2277816913781628,0.36528480052948,9,S01|S03|S07|S08|S16|S20|S22|S30|S44,1.054762230152266
S33,behavior_no_propensity,first2,72,14,0.5228744136992699,0.7992610837438424,0.7376847290640394,0.5116279069767442,0.3793103448275862,0.7857142857142857,0.38359776074799085,0.31317841758330656,0.5276292606857086,9,S01|S03|S07|S08|S16|S20|S22|S30|S44,1.054762230152266
S33,behavior_no_propensity,first3,29,7,0.6291357452071737,0.8246753246753247,0.7272727272727273,0.5384615384615384,0.3684210526315789,1.0,0.4092237955355674,0.3905288916209649,0.543304090186803,9,S01|S03|S07|S08|S16|S20|S22|S30|S44,1.054762230152266
S33,behavior_no_propensity,full,124,21,0.5663545711831328,0.8236245954692557,0.7595931576514101,0.5161290322580645,0.3902439024390244,0.7619047619047619,0.41392391779447046,0.3267941914739147,0.5481374377554112,9,S01|S03|S07|S08|S16|S20|S22|S30|S44,1.054762230152266
S34,behavior,first1,138,22,0.3187157978213862,0.6849529780564263,0.5685736677115988,0.28,0.25,0.3181818181818182,0.12483959500057987,0.15231391663352645,0.42219929141227647,7,S01|S15|S16|S19|S20|S26|S27|S28|S38,1.0124091077859798
S34,behavior,first2,123,19,0.28345274474047527,0.6072874493927125,0.5182186234817814,0.23880597014925373,0.16666666666666666,0.42105263157894735,0.026995276239950853,0.2975794310734524,0.4710407240824266,7,S01|S15|S16|S19|S20|S26|S27|S28|S38,1.0124091077859798
S34,behavior,first3,103,13,0.2288581457189643,0.5632478632478632,0.5324786324786325,0.17391304347826086,0.2,0.15384615384615385,0.07285832574878644,0.407870178517786,0.79,7,S01|S15|S16|S19|S20|S26|S27|S28|S38,1.0124091077859798
S34,behavior,full,138,22,0.22205746039175425,0.5579937304075235,0.5556426332288401,0.2641509433962264,0.22580645161290322,0.3181818181818182,0.09761246256060427,0.4201747762120288,0.74,7,S01|S15|S16|S19|S20|S26|S27|S28|S38,1.0124091077859798
S34,behavior_et,first1,138,22,0.3249711854503564,0.6849529780564263,0.5913009404388715,0.31666666666666665,0.19387755102040816,0.8636363636363636,0.1473338535790956,0.3263977568434632,0.3869928095196232,5,S01|S15|S16|S19|S20|S26|S27|S28|S38,1.0030989665508014
S34,behavior_et,first2,123,19,0.30545167797213696,0.6376518218623481,0.603744939271255,0.31683168316831684,0.1951219512195122,0.8421052631578947,0.15907119074394444,0.49404042874409904,0.5823561782186681,5,S01|S15|S16|S19|S20|S26|S27|S28|S38,1.0030989665508014
S34,behavior_et,first3,103,13,0.23628549722765585,0.6324786324786325,0.5948717948717949,0.26373626373626374,0.15384615384615385,0.9230769230769231,0.1469747526253071,0.6065624301294679,0.6060711719773032,5,S01|S15|S16|S19|S20|S26|S27|S28|S38,1.0030989665508014
S34,behavior_et,full,138,22,0.2309816941832406,0.5662225705329154,0.530564263322884,0.27522935779816515,0.1724137931034483,0.6818181818181818,0.04635958599955344,0.6159726681484692,0.7586175150823111,5,S01|S15|S16|S19|S20|S26|S27|S28|S38,1.0030989665508014
S34,behavior_eeg,first1,138,22,0.30168047280127613,0.646551724137931,0.6038401253918495,0.32608695652173914,0.21428571428571427,0.6818181818181818,0.1520659775782882,0.14222089962466905,0.26582492887973785,4,S01|S15|S16|S19|S20|S26|S27|S28|S38,0.9888358432822957
S34,behavior_eeg,first2,123,19,0.28705911394711947,0.6123481781376519,0.5898279352226721,0.3076923076923077,0.2033898305084746,0.631578947368421,0.12996274931599244,0.26920415703358697,0.4160437296737326,4,S01|S15|S16|S19|S20|S26|S27|S28|S38,0.9888358432822957
S34,behavior_eeg,first3,103,13,0.23810515123213397,0.5888888888888889,0.5431623931623931,0.20689655172413793,0.1875,0.23076923076923078,0.07914232877015545,0.36005082176726994,0.7328865268013693,4,S01|S15|S16|S19|S20|S26|S27|S28|S38,0.9888358432822957
S34,behavior_eeg,full,138,22,0.23859014541933815,0.5963949843260188,0.5924764890282131,0.3157894736842105,0.2571428571428571,0.4090909090909091,0.1556141300133604,0.3769610939898353,0.7051173769103156,4,S01|S15|S16|S19|S20|S26|S27|S28|S38,0.9888358432822957
S34,behavior_eeg_et,first1,138,22,0.3176579063403845,0.6516457680250785,0.5438871473354232,0.2900763358778626,0.1743119266055046,0.8636363636363636,0.07886702074889264,0.27182623798000644,0.27,4,S01|S15|S16|S19|S20|S26|S27|S28|S38,0.9883737539291724
S34,behavior_eeg_et,first2,123,19,0.2909245494675202,0.6194331983805668,0.5928643724696356,0.3111111111111111,0.2692307692307692,0.3684210526315789,0.16439933368786894,0.42565607394629373,0.7192554300481623,4,S01|S15|S16|S19|S20|S26|S27|S28|S38,0.9883737539291724
S34,behavior_eeg_et,first3,103,13,0.2469476962652649,0.6461538461538461,0.5371794871794873,0.21052631578947367,0.16,0.3076923076923077,0.0575982138666744,0.5296944064422718,0.8,4,S01|S15|S16|S19|S20|S26|S27|S28|S38,0.9883737539291724
S34,behavior_eeg_et,full,138,22,0.23091534546012182,0.5591692789968652,0.5466300940438872,0.2828282828282828,0.18181818181818182,0.6363636363636364,0.06874266138840236,0.5652984929257545,0.7179567535537662,4,S01|S15|S16|S19|S20|S26|S27|S28|S38,0.9883737539291724
S34,behavior_no_propensity,first1,138,22,0.2405570139550797,0.5797413793103448,0.5748432601880877,0.2777777777777778,0.35714285714285715,0.22727272727272727,0.18148810561325862,0.18590326175309613,0.5,9,S01|S15|S16|S19|S20|S26|S27|S28|S38,1.0410053370801355
S34,behavior_no_propensity,first2,123,19,0.1960708351670964,0.5096153846153846,0.534919028340081,0.2571428571428571,0.17647058823529413,0.47368421052631576,0.0512311706785142,0.38095136023149256,0.5242684743621132,9,S01|S15|S16|S19|S20|S26|S27|S28|S38,1.0410053370801355
S34,behavior_no_propensity,first3,103,13,0.1809563542041564,0.47094017094017093,0.5034188034188034,0.19230769230769232,0.1282051282051282,0.38461538461538464,0.004681389380386035,0.5128626450172906,0.685391287875898,9,S01|S15|S16|S19|S20|S26|S27|S28|S38,1.0410053370801355
S34,behavior_no_propensity,full,138,22,0.1662589494936425,0.4984326018808777,0.4663009404388715,0.2,0.13793103448275862,0.36363636363636365,-0.049983782906757604,0.5040459952492645,0.7559156774511241,9,S01|S15|S16|S19|S20|S26|S27|S28|S38,1.0410053370801355
S35,behavior,first1,144,17,0.29464854360243714,0.6327003242241779,0.6762389995368225,0.4,0.34782608695652173,0.47058823529411764,0.31045719724967963,0.2797884456813336,0.5803275255723434,4,S03|S07|S17|S24|S27|S33|S37|S40|S42,1.0326472613803361
S35,behavior,first2,99,16,0.4078562976727443,0.6905120481927711,0.6908885542168675,0.45,0.375,0.5625,0.32792359711092567,0.36115842861960634,0.68,4,S03|S07|S17|S24|S27|S33|S37|S40|S42,1.0326472613803361
S35,behavior,first3,58,12,0.4994045036636222,0.717391304347826,0.7246376811594203,0.5333333333333333,0.4444444444444444,0.6666666666666666,0.3933832769405552,0.39902239524084954,0.7204994021642088,4,S03|S07|S17|S24|S27|S33|S37|S40|S42,1.0326472613803361
S35,behavior,full,144,17,0.4496990002370404,0.8642890226956925,0.8036127836961555,0.52,0.3939393939393939,0.7647058823529411,0.4661845874484483,0.42828747464550865,0.7034359021620318,4,S03|S07|S17|S24|S27|S33|S37|S40|S42,1.0326472613803361
S35,behavior_et,first1,144,17,0.39458818366573595,0.6322371468272349,0.7017137563686893,0.42857142857142855,0.36,0.5294117647058824,0.3436753224463078,0.27707138269518816,0.6,10,S03|S07|S17|S24|S27|S33|S37|S40|S42,0.9791188618692156
S35,behavior_et,first2,99,16,0.4854618782191133,0.7085843373493976,0.7161144578313253,0.47619047619047616,0.38461538461538464,0.625,0.3615469904983877,0.3897688673301177,0.74,10,S03|S07|S17|S24|S27|S33|S37|S40|S42,0.9791188618692156
S35,behavior_et,first3,58,12,0.5411332357066565,0.7083333333333334,0.6394927536231885,0.42424242424242425,0.3333333333333333,0.5833333333333334,0.23514766607313425,0.4379394339590237,0.7447791153734381,10,S03|S07|S17|S24|S27|S33|S37|S40|S42,0.9791188618692156
S35,behavior_et,full,144,17,0.5078050275676967,0.8675312644742936,0.8112552107457156,0.46153846153846156,0.3125,0.8823529411764706,0.42610508046920476,0.4530555563461449,0.72,10,S03|S07|S17|S24|S27|S33|S37|S40|S42,0.9791188618692156
S35,behavior_eeg,first1,144,17,0.3255493135636001,0.6442797591477537,0.6371005094951366,0.36363636363636365,0.375,0.35294117647058826,0.28153371388143883,0.20939854403129884,0.6330151229193717,5,S03|S07|S17|S24|S27|S33|S37|S40|S42,0.9806004097165978
S35,behavior_eeg,first2,99,16,0.4212173908472668,0.6882530120481927,0.7029367469879518,0.47368421052631576,0.4090909090909091,0.5625,0.35936272241992523,0.2594955878125297,0.65,5,S03|S07|S17|S24|S27|S33|S37|S40|S42,0.9806004097165978
S35,behavior_eeg,first3,58,12,0.5060586773766195,0.7228260869565217,0.6956521739130435,0.5217391304347826,0.5454545454545454,0.5,0.40433276969208887,0.3135520381660297,0.74283712172147,5,S03|S07|S17|S24|S27|S33|S37|S40|S42,0.9806004097165978
S35,behavior_eeg,full,144,17,0.4619514001045414,0.857341361741547,0.8075497915701714,0.5306122448979592,0.40625,0.7647058823529411,0.4774058686230742,0.34732867689389324,0.7060787246444008,5,S03|S07|S17|S24|S27|S33|S37|S40|S42,0.9806004097165978
S35,behavior_eeg_et,first1,144,17,0.3342212599805747,0.633163501621121,0.6449745252431681,0.3870967741935484,0.42857142857142855,0.35294117647058826,0.31580013988928424,0.20974706113338468,0.6142104937813498,4,S03|S07|S17|S24|S27|S33|S37|S40|S42,0.9817290778777219
S35,behavior_eeg_et,first2,99,16,0.4373723695477551,0.6972891566265061,0.6009036144578312,0.3333333333333333,0.5,0.25,0.27256498708241755,0.27915626839555874,0.75,4,S03|S07|S17|S24|S27|S33|S37|S40|S42,0.9817290778777219
S35,behavior_eeg_et,first3,58,12,0.5304709510066653,0.7246376811594203,0.6757246376811594,0.5,0.625,0.4166666666666667,0.4128594174179931,0.3271716483708086,0.76,4,S03|S07|S17|S24|S27|S33|S37|S40|S42,0.9817290778777219
S35,behavior_eeg_et,full,144,17,0.4745149747626527,0.8666049096804076,0.7410838351088467,0.5625,0.6,0.5294117647058824,0.5093120174405507,0.35120188957080245,0.78,4,S03|S07|S17|S24|S27|S33|S37|S40|S42,0.9817290778777219
S35,behavior_no_propensity,first1,144,17,0.36419382331302386,0.5810560444650301,0.6018990273274664,0.32,0.5,0.23529411764705882,0.287085929516978,0.27601248439815307,0.6900000000000001,12,S03|S07|S17|S24|S27|S33|S37|S40|S42,1.0517622317280937
S35,behavior_no_propensity,first2,99,16,0.4480694892877821,0.737198795180723,0.682605421686747,0.4827586206896552,0.5384615384615384,0.4375,0.3980354923407208,0.38590085054888873,0.7440120359924105,12,S03|S07|S17|S24|S27|S33|S37|S40|S42,1.0517622317280937
S35,behavior_no_propensity,first3,58,12,0.5940380651973268,0.8007246376811594,0.7336956521739131,0.5294117647058824,0.4090909090909091,0.75,0.3902002796443374,0.42942002775340243,0.6907305505540635,12,S03|S07|S17|S24|S27|S33|S37|S40|S42,1.0517622317280937
S35,behavior_no_propensity,full,144,17,0.5827162092040985,0.9157017137563687,0.850625289485873,0.5454545454545454,0.39473684210526316,0.8823529411764706,0.5133987690561087,0.45452143251895905,0.6947913590344515,12,S03|S07|S17|S24|S27|S33|S37|S40|S42,1.0517622317280937
S36,behavior,first1,139,14,0.2653623026846502,0.7085714285714286,0.5711428571428572,0.23076923076923078,0.25,0.21428571428571427,0.1524712073355711,0.19349798978232652,0.46,19,S12|S13|S25|S26|S27|S28|S35|S42|S44,1.0122708913414515
S36,behavior,first2,108,14,0.4470538799114131,0.8123100303951367,0.5911854103343465,0.3,0.5,0.21428571428571427,0.2674284369503055,0.24322662129998204,0.68,19,S12|S13|S25|S26|S27|S28|S35|S42|S44,1.0122708913414515
S36,behavior,first3,63,12,0.45530281141063206,0.7941176470588236,0.6176470588235294,0.38095238095238093,0.4444444444444444,0.3333333333333333,0.26403934479377983,0.27990844514634877,0.7323506924239072,19,S12|S13|S25|S26|S27|S28|S35|S42|S44,1.0122708913414515
S36,behavior,full,139,14,0.5938676681757444,0.9182857142857144,0.722,0.5,0.5,0.5,0.444,0.2948218246372484,0.7325240142417676,19,S12|S13|S25|S26|S27|S28|S35|S42|S44,1.0122708913414515
S36,behavior_et,first1,139,14,0.3328797347352664,0.7548571428571429,0.5,0.0,0.0,0.0,0.0,0.1164284941318224,0.81,14,S12|S13|S25|S26|S27|S28|S35|S42|S44,0.9660494500287465
S36,behavior_et,first2,108,14,0.46188532198013466,0.7955927051671733,0.5661094224924013,0.23529411764705882,0.6666666666666666,0.14285714285714285,0.27025020169356895,0.16655812985091298,0.7376474059711803,14,S12|S13|S25|S26|S27|S28|S35|S42|S44,0.9660494500287465
S36,behavior_et,first3,63,12,0.47316821301976686,0.7941176470588235,0.5416666666666666,0.15384615384615385,1.0,0.08333333333333333,0.2618174690443214,0.24023572923172087,0.851117170940746,14,S12|S13|S25|S26|S27|S28|S35|S42|S44,0.9660494500287465
S36,behavior_et,full,139,14,0.6048140427806504,0.9194285714285715,0.5991428571428571,0.3157894736842105,0.6,0.21428571428571427,0.3204594249984894,0.22086406413385337,0.8308680743280084,14,S12|S13|S25|S26|S27|S28|S35|S42|S44,0.9660494500287465
S36,behavior_eeg,first1,139,14,0.2711652650366894,0.6634285714285714,0.5434285714285714,0.17391304347826086,0.2222222222222222,0.14285714285714285,0.10622619678782105,0.1577928999988295,0.4808730207609408,4,S12|S13|S25|S26|S27|S28|S35|S42|S44,1.0086554031461008
S36,behavior_eeg,first2,108,14,0.38152771208765535,0.7750759878419453,0.6094224924012158,0.3125,0.2777777777777778,0.35714285714285715,0.19724546908861515,0.20372847067537134,0.49216846299893924,4,S12|S13|S25|S26|S27|S28|S35|S42|S44,1.0086554031461008
S36,behavior_eeg,first3,63,12,0.45225112419879854,0.7875816993464051,0.5318627450980392,0.14285714285714285,0.5,0.08333333333333333,0.14272793440459414,0.230116082798867,0.77,4,S12|S13|S25|S26|S27|S28|S35|S42|S44,1.0086554031461008
S36,behavior_eeg,full,139,14,0.6013136501538453,0.9268571428571428,0.6625714285714286,0.43478260869565216,0.5555555555555556,0.35714285714285715,0.3976493813965143,0.2596532111223653,0.7114157636960348,4,S12|S13|S25|S26|S27|S28|S35|S42|S44,1.0086554031461008
S36,behavior_eeg_et,first1,139,14,0.3082224986516201,0.6725714285714285,0.5991428571428571,0.3157894736842105,0.6,0.21428571428571427,0.3204594249984894,0.1300245593670461,0.5689821475081972,4,S12|S13|S25|S26|S27|S28|S35|S42|S44,1.0077083608512385
S36,behavior_eeg_et,first2,108,14,0.4352678510085527,0.790273556231003,0.5661094224924013,0.23529411764705882,0.6666666666666666,0.14285714285714285,0.27025020169356895,0.16963751282956868,0.68,4,S12|S13|S25|S26|S27|S28|S35|S42|S44,1.0077083608512385
S36,behavior_eeg_et,first3,63,12,0.495222470765949,0.8104575163398693,0.5318627450980392,0.14285714285714285,0.5,0.08333333333333333,0.14272793440459414,0.1858754369711119,0.7596106553077697,4,S12|S13|S25|S26|S27|S28|S35|S42|S44,1.0077083608512385
S36,behavior_eeg_et,full,139,14,0.6803758304498764,0.9371428571428572,0.6348571428571428,0.4,0.6666666666666666,0.2857142857142857,0.39941238614613084,0.22189973862908727,0.7280521368137514,4,S12|S13|S25|S26|S27|S28|S35|S42|S44,1.0077083608512385
S36,behavior_no_propensity,first1,139,14,0.18957063893649959,0.5837142857142857,0.5,0.0,0.0,0.0,0.0,0.2167570175026818,0.7068646058891759,11,S12|S13|S25|S26|S27|S28|S35|S42|S44,1.0543980210207113
S36,behavior_no_propensity,first2,108,14,0.3936478058731156,0.8153495440729484,0.5,0.0,0.0,0.0,0.0,0.27709833504977044,0.8013381373882293,11,S12|S13|S25|S26|S27|S28|S35|S42|S44,1.0543980210207113
S36,behavior_no_propensity,first3,63,12,0.5806871744923089,0.8202614379084967,0.7598039215686274,0.5263157894736842,0.38461538461538464,0.8333333333333334,0.41444210693117817,0.34005633280390785,0.5757288643808076,11,S12|S13|S25|S26|S27|S28|S35|S42|S44,1.0543980210207113
S36,behavior_no_propensity,full,139,14,0.5200515667921587,0.9194285714285715,0.734,0.56,0.6363636363636364,0.5,0.5217513122342692,0.3403026699591026,0.7820242643356323,11,S12|S13|S25|S26|S27|S28|S35|S42|S44,1.0543980210207113
S37,behavior,first1,144,22,0.3970743502692813,0.7529806259314455,0.6453055141579732,0.38461538461538464,0.3333333333333333,0.45454545454545453,0.25744845738984107,0.2149533834825787,0.54,7,S01|S03|S12|S19|S29|S31|S40|S41|S44,1.0221538858575467
S37,behavior,first2,127,22,0.5291635226991814,0.7822510822510823,0.722943722943723,0.5,0.4117647058823529,0.6363636363636364,0.3811099627257551,0.3039358853120503,0.6253226882761175,7,S01|S03|S12|S19|S29|S31|S40|S41|S44,1.0221538858575467
S37,behavior,first3,94,18,0.593050052205754,0.7945906432748538,0.7412280701754386,0.5454545454545454,0.46153846153846156,0.6666666666666666,0.4243847373959194,0.3337918112569667,0.68,7,S01|S03|S12|S19|S29|S31|S40|S41|S44,1.0221538858575467
S37,behavior,full,144,22,0.7151892944875604,0.9232488822652756,0.8356929955290611,0.5633802816901409,0.40816326530612246,0.9090909090909091,0.5098045277104326,0.3748109102663067,0.65,7,S01|S03|S12|S19|S29|S31|S40|S41|S44,1.0221538858575467
S37,behavior_et,first1,144,22,0.44328755792299457,0.7410581222056631,0.5838301043219076,0.29850746268656714,0.2222222222222222,0.45454545454545453,0.13013598507133367,0.2738307862956491,0.5240408327844407,7,S01|S03|S12|S19|S29|S31|S40|S41|S44,0.9983844378974146
S37,behavior_et,first2,127,22,0.5255873932477292,0.7831168831168831,0.6874458874458875,0.4266666666666667,0.3018867924528302,0.7272727272727273,0.2877120870634322,0.3616949886552931,0.6,7,S01|S03|S12|S19|S29|S31|S40|S41|S44,0.9983844378974146
S37,behavior_et,first3,94,18,0.5638552336159705,0.7982456140350878,0.7105263157894737,0.5454545454545454,0.6,0.5,0.4523975658955824,0.3924045456533737,0.81,7,S01|S03|S12|S19|S29|S31|S40|S41|S44,0.9983844378974146
S37,behavior_et,full,144,22,0.7459653147721979,0.9344262295081968,0.842026825633383,0.5526315789473685,0.3888888888888889,0.9545454545454546,0.5083505367916255,0.4271674560796883,0.67,7,S01|S03|S12|S19|S29|S31|S40|S41|S44,0.9983844378974146
S37,behavior_eeg,first1,144,22,0.46307847974726024,0.7365871833084948,0.639344262295082,0.36666666666666664,0.2894736842105263,0.5,0.22749172884199553,0.2360974253776173,0.5550144910812378,4,S01|S03|S12|S19|S29|S31|S40|S41|S44,1.0078266817756067
S37,behavior_eeg,first2,127,22,0.510395286653912,0.7896103896103897,0.7075757575757575,0.46153846153846156,0.3488372093023256,0.6818181818181818,0.3320005066067326,0.32750309487496776,0.62,4,S01|S03|S12|S19|S29|S31|S40|S41|S44,1.0078266817756067
S37,behavior_eeg,first3,94,18,0.5201386042723392,0.7916666666666666,0.7836257309941521,0.5833333333333334,0.4666666666666667,0.7777777777777778,0.47881534285526633,0.36451468806951604,0.7000000000000001,4,S01|S03|S12|S19|S29|S31|S40|S41|S44,1.0078266817756067
S37,behavior_eeg,full,144,22,0.7421321647810748,0.9288375558867363,0.7950819672131147,0.46808510638297873,0.3055555555555556,1.0,0.4246502900652006,0.3991763444824351,0.5700000000000001,4,S01|S03|S12|S19|S29|S31|S40|S41|S44,1.0078266817756067
S37,behavior_eeg_et,first1,144,22,0.4449940991134021,0.7455290611028316,0.6233233979135618,0.33766233766233766,0.23636363636363636,0.5909090909090909,0.1826376816135146,0.22182707149638897,0.43,4,S01|S03|S12|S19|S29|S31|S40|S41|S44,0.9886670952595622
S37,behavior_eeg_et,first2,127,22,0.5105342420609666,0.7857142857142858,0.6482683982683983,0.38202247191011235,0.2537313432835821,0.7727272727272727,0.22478718826234725,0.30487109972970694,0.4479599858865594,4,S01|S03|S12|S19|S29|S31|S40|S41|S44,0.9886670952595622
S37,behavior_eeg_et,first3,94,18,0.5676809258854807,0.7923976608187133,0.7280701754385965,0.5217391304347826,0.42857142857142855,0.6666666666666666,0.392455624471496,0.3398698278247042,0.703082342280282,4,S01|S03|S12|S19|S29|S31|S40|S41|S44,0.9886670952595622
S37,behavior_eeg_et,full,144,22,0.7494191450141514,0.9284649776453056,0.801043219076006,0.4883720930232558,0.328125,0.9545454545454546,0.4359283565469546,0.37691780981711215,0.61,4,S01|S03|S12|S19|S29|S31|S40|S41|S44,0.9886670952595622
S37,behavior_no_propensity,first1,144,22,0.35189925325086413,0.7024962742175856,0.6792101341281669,0.3855421686746988,0.26229508196721313,0.7272727272727273,0.26096355057921244,0.30982197759052116,0.46699636843469405,5,S01|S03|S12|S19|S29|S31|S40|S41|S44,1.0614517031441768
S37,behavior_no_propensity,first2,127,22,0.4160018937323327,0.767965367965368,0.6471861471861472,0.37894736842105264,0.2465753424657534,0.8181818181818182,0.22534328070432805,0.41551555259021244,0.5312253645875237,5,S01|S03|S12|S19|S29|S31|S40|S41|S44,1.0614517031441768
S37,behavior_no_propensity,first3,94,18,0.4487505944751831,0.7543859649122807,0.6271929824561404,0.38961038961038963,0.2542372881355932,0.8333333333333334,0.2070504445319037,0.4603479216073422,0.595600086354246,5,S01|S03|S12|S19|S29|S31|S40|S41|S44,1.0614517031441768
S37,behavior_no_propensity,full,144,22,0.6883161803445907,0.9321907600596125,0.7008196721311475,0.37606837606837606,0.23157894736842105,1.0,0.3049774033695041,0.4870561201953226,0.5192803806728786,5,S01|S03|S12|S19|S29|S31|S40|S41|S44,1.0614517031441768
S38,behavior,first1,141,27,0.29449457208081486,0.5776478232618584,0.5609161793372319,0.23529411764705882,0.5714285714285714,0.14814814814814814,0.22069654827619686,0.13576133105349034,0.59253802949732,13,S09|S13|S14|S19|S21|S22|S24|S34|S39,1.0141822770585456
S38,behavior,first2,129,26,0.42201597944084757,0.6796116504854368,0.5336071695294996,0.13793103448275862,0.6666666666666666,0.07692307692307693,0.17890452236691218,0.18196473403494487,0.7646978015610666,13,S09|S13|S14|S19|S21|S22|S24|S34|S39,1.0141822770585456
S38,behavior,first3,96,22,0.42775748158420784,0.6633906633906634,0.5773955773955775,0.2857142857142857,0.6666666666666666,0.18181818181818182,0.268767319880733,0.20185891445726156,0.79,13,S09|S13|S14|S19|S21|S22|S24|S34|S39,1.0141822770585456
S38,behavior,full,141,27,0.5787130734374353,0.8544509421702403,0.753411306042885,0.5862068965517241,0.5483870967741935,0.6296296296296297,0.4815186371308389,0.27390733889654173,0.6186173929409547,13,S09|S13|S14|S19|S21|S22|S24|S34|S39,1.0141822770585456
S38,behavior_et,first1,141,27,0.30153309767609904,0.5951916829109811,0.5238791423001949,0.125,0.4,0.07407407407407407,0.10160815619949388,0.1420879378280741,0.66,11,S09|S13|S14|S19|S21|S22|S24|S34|S39,0.9774682649926212
S38,behavior_et,first2,129,26,0.4180224968277036,0.6725168035847648,0.54798356982823,0.1935483870967742,0.6,0.11538461538461539,0.19944905927252182,0.19383545964956286,0.8,11,S09|S13|S14|S19|S21|S22|S24|S34|S39,0.9774682649926212
S38,behavior_et,first3,96,22,0.4409869029880714,0.6793611793611793,0.5,0.0,0.0,0.0,0.0,0.21741801562408608,0.9158607992258939,11,S09|S13|S14|S19|S21|S22|S24|S34|S39,0.9774682649926212
S38,behavior_et,full,141,27,0.5459072516192899,0.8278102664067576,0.7032163742690059,0.5084745762711864,0.46875,0.5555555555555556,0.38179898000111123,0.2786484311024348,0.65,11,S09|S13|S14|S19|S21|S22|S24|S34|S39,0.9774682649926212
S38,behavior_eeg,first1,141,27,0.282283257107735,0.6111111111111112,0.5813840155945419,0.34782608695652173,0.24615384615384617,0.5925925925925926,0.12848130633708235,0.2734514631278126,0.49,7,S09|S13|S14|S19|S21|S22|S24|S34|S39,0.9684035338763486
S38,behavior_eeg,first2,129,26,0.4111949304269108,0.6710231516056759,0.6000746825989545,0.36363636363636365,0.3448275862068966,0.38461538461538464,0.1923359666062802,0.35005784046280286,0.73,7,S09|S13|S14|S19|S21|S22|S24|S34|S39,0.9684035338763486
S38,behavior_eeg,first3,96,22,0.40455646139703666,0.6597051597051596,0.621007371007371,0.41025641025641024,0.47058823529411764,0.36363636363636365,0.2664593813352607,0.4009785380524894,0.8468574971863717,7,S09|S13|S14|S19|S21|S22|S24|S34|S39,0.9684035338763486
S38,behavior_eeg,full,141,27,0.48325329660023003,0.8164392462638077,0.6252436647173489,0.3875968992248062,0.24509803921568626,0.9259259259259259,0.220337126284346,0.45308765113776467,0.48000000000000004,7,S09|S13|S14|S19|S21|S22|S24|S34|S39,0.9684035338763486
S38,behavior_eeg_et,first1,141,27,0.26895121467204625,0.5831708901884339,0.5053606237816765,0.06451612903225806,0.25,0.037037037037037035,0.025409104121273136,0.25027611883396794,0.7042460289868441,5,S09|S13|S14|S19|S21|S22|S24|S34|S39,0.9827384300072817
S38,behavior_eeg_et,first2,129,26,0.4041513965914029,0.655713218820015,0.5815907393577296,0.29411764705882354,0.625,0.19230769230769232,0.2714178912541068,0.3252459438734276,0.8400000000000001,5,S09|S13|S14|S19|S21|S22|S24|S34|S39,0.9827384300072817
S38,behavior_eeg_et,first3,96,22,0.39137485909288194,0.6633906633906634,0.5,0.0,0.0,0.0,0.0,0.3993180803954601,0.9636665004672424,5,S09|S13|S14|S19|S21|S22|S24|S34|S39,0.9827384300072817
S38,behavior_eeg_et,full,141,27,0.48458423985359267,0.8151397011046134,0.7724171539961013,0.5411764705882353,0.39655172413793105,0.8518518518518519,0.4356580185418868,0.43973522775984825,0.7100000000000001,5,S09|S13|S14|S19|S21|S22|S24|S34|S39,0.9827384300072817
S38,behavior_no_propensity,first1,141,27,0.21867603446117748,0.4837556855100715,0.5097465886939571,0.06666666666666667,0.3333333333333333,0.037037037037037035,0.05315165258165999,0.1174674192641644,0.522454559803009,17,S09|S13|S14|S19|S21|S22|S24|S34|S39,1.044468270778485
S38,behavior_no_propensity,first2,129,26,0.3387420425284532,0.6221060492905153,0.542942494398805,0.21621621621621623,0.36363636363636365,0.15384615384615385,0.12336307988525293,0.17188423895096594,0.62,17,S09|S13|S14|S19|S21|S22|S24|S34|S39,1.044468270778485
S38,behavior_no_propensity,first3,96,22,0.38519123101307995,0.6824324324324323,0.49324324324324326,0.0,0.0,0.0,-0.05594144469629286,0.1967457396288713,0.7840073813091625,17,S09|S13|S14|S19|S21|S22|S24|S34|S39,1.044468270778485
S38,behavior_no_propensity,full,141,27,0.5429762956916453,0.8654970760233918,0.6915204678362573,0.5217391304347826,0.631578947368421,0.4444444444444444,0.44139029661077295,0.26690913282387646,0.7310471055182544,17,S09|S13|S14|S19|S21|S22|S24|S34|S39,1.044468270778485
S39,behavior,first1,143,13,0.39953609017110997,0.7710059171597634,0.7076923076923077,0.48,0.5,0.46153846153846156,0.43069267837532,0.2809828479181637,0.6073869575153698,24,S07|S09|S10|S22|S24|S28|S34|S35|S37,1.010751266832071
S39,behavior,first2,96,13,0.5701341853973433,0.7914735866543096,0.6955514365152919,0.3829787234042553,0.2647058823529412,0.6923076923076923,0.2798120577727183,0.3500229069031775,0.5512366687167776,24,S07|S09|S10|S22|S24|S28|S34|S35|S37,1.010751266832071
S39,behavior,first3,39,7,0.5459183673469388,0.7366071428571428,0.7075892857142857,0.5,0.4444444444444444,0.5714285714285714,0.3781612782675566,0.37948659138801777,0.6764917380882032,24,S07|S09|S10|S22|S24|S28|S34|S35|S37,1.010751266832071
S39,behavior,full,143,13,0.6899992424874917,0.9349112426035503,0.8730769230769231,0.5945945945945946,0.4583333333333333,0.8461538461538461,0.5739745453515204,0.3750562768924486,0.6752961947159333,24,S07|S09|S10|S22|S24|S28|S34|S35|S37,1.010751266832071
S39,behavior_et,first1,143,13,0.42673230443423993,0.7869822485207101,0.7461538461538462,0.5384615384615384,0.5384615384615384,0.5384615384615384,0.49230769230769234,0.28561877078943315,0.6935336470603942,12,S07|S09|S10|S22|S24|S28|S34|S35|S37,0.9688961820814649
S39,behavior_et,first2,96,13,0.5867692980557636,0.8285449490268767,0.70064874884152,0.5,0.5454545454545454,0.46153846153846156,0.43109339471835195,0.34413368053113425,0.7896213209629058,12,S07|S09|S10|S22|S24|S28|S34|S35|S37,0.9688961820814649
S39,behavior_et,first3,39,7,0.5146313070682818,0.7366071428571428,0.6830357142857143,0.5,0.6,0.42857142857142855,0.4202090316165287,0.3648031816268579,0.8240207913608261,12,S07|S09|S10|S22|S24|S28|S34|S35|S37,0.9688961820814649
S39,behavior_et,full,143,13,0.6043265850958159,0.9301775147928995,0.8615384615384616,0.47058823529411764,0.3157894736842105,0.9230769230769231,0.4705886038624534,0.3842755434187976,0.6515260869806463,12,S07|S09|S10|S22|S24|S28|S34|S35|S37,0.9688961820814649
S39,behavior_eeg,first1,143,13,0.42459083454625923,0.7520710059171598,0.7384615384615385,0.5,0.4666666666666667,0.5384615384615384,0.44744645862196,0.2278269910207995,0.54,4,S07|S09|S10|S22|S24|S28|S34|S35|S37,1.002909807018984
S39,behavior_eeg,first2,96,13,0.5243879354514094,0.7692307692307693,0.7066728452270621,0.5217391304347826,0.6,0.46153846153846156,0.4629935178894019,0.26629658446957666,0.6646862148154865,4,S07|S09|S10|S22|S24|S28|S34|S35|S37,1.002909807018984
S39,behavior_eeg,first3,39,7,0.4565296616230402,0.6875,0.6830357142857143,0.5,0.6,0.42857142857142855,0.4202090316165287,0.2849442882415576,0.73,4,S07|S09|S10|S22|S24|S28|S34|S35|S37,1.002909807018984
S39,behavior_eeg,full,143,13,0.5118156353450471,0.8970414201183432,0.7461538461538462,0.5384615384615384,0.5384615384615384,0.5384615384615384,0.49230769230769234,0.3045775795003752,0.7053959142078051,4,S07|S09|S10|S22|S24|S28|S34|S35|S37,1.002909807018984
S39,behavior_eeg_et,first1,143,13,0.43797505099646367,0.7585798816568047,0.7423076923076923,0.5185185185185185,0.5,0.5384615384615384,0.4687936026232281,0.17357113269659186,0.5174772216515108,8,S07|S09|S10|S22|S24|S28|S34|S35|S37,0.943654390435722
S39,behavior_eeg_et,first2,96,13,0.5841549752264038,0.8118628359592215,0.6946246524559778,0.48,0.5,0.46153846153846156,0.4027247327641816,0.21240816141168276,0.6303206937421452,8,S07|S09|S10|S22|S24|S28|S34|S35|S37,0.943654390435722
S39,behavior_eeg_et,first3,39,7,0.5182863219729579,0.7321428571428572,0.6830357142857143,0.5,0.6,0.42857142857142855,0.4202090316165287,0.2251886561130866,0.6756285339593887,8,S07|S09|S10|S22|S24|S28|S34|S35|S37,0.943654390435722
S39,behavior_eeg_et,full,143,13,0.5910201854882706,0.9301775147928995,0.676923076923077,0.45454545454545453,0.5555555555555556,0.38461538461538464,0.4188747462762507,0.26424320495420406,0.7762750736691735,8,S07|S09|S10|S22|S24|S28|S34|S35|S37,0.943654390435722
S39,behavior_no_propensity,first1,143,13,0.3999192802635564,0.7757396449704143,0.7,0.32653061224489793,0.2222222222222222,0.6153846153846154,0.26494773089015533,0.30489386753602454,0.44537337395277893,6,S07|S09|S10|S22|S24|S28|S34|S35|S37,1.059257370913876
S39,behavior_no_propensity,first2,96,13,0.6138192511389342,0.7859128822984246,0.7451343836886005,0.5833333333333334,0.6363636363636364,0.5384615384615384,0.5266706831547533,0.3705289770538608,0.67,6,S07|S09|S10|S22|S24|S28|S34|S35|S37,1.059257370913876
S39,behavior_no_propensity,first3,39,7,0.49744397759103637,0.7633928571428571,0.5959821428571428,0.3333333333333333,0.4,0.2857142857142857,0.22035351657939922,0.39728553325701976,0.8042259055195432,6,S07|S09|S10|S22|S24|S28|S34|S35|S37,1.059257370913876
S39,behavior_no_propensity,full,143,13,0.6583466533466533,0.9402366863905325,0.7692307692307693,0.5161290322580645,0.4444444444444444,0.6153846153846154,0.4666666666666667,0.40802263317408266,0.7170801932161504,6,S07|S09|S10|S22|S24|S28|S34|S35|S37,1.059257370913876
S40,behavior,first1,134,17,0.5162920747308837,0.8743086978381096,0.738562091503268,0.5,0.43478260869565216,0.5882352941176471,0.4211370139485603,0.2216456870534527,0.49,12,S02|S03|S08|S24|S27|S28|S30|S33|S39,1.017500595814907
S40,behavior,first2,97,12,0.59767343877122,0.9,0.6490196078431373,0.42105263157894735,0.5714285714285714,0.3333333333333333,0.379230468872994,0.30660707004291493,0.72,12,S02|S03|S08|S24|S27|S28|S30|S33|S39,1.017500595814907
S40,behavior,first3,55,9,0.6227781649608275,0.8695652173913044,0.6340579710144928,0.4,0.5,0.3333333333333333,0.31816261172667576,0.3426107189872049,0.7663666033744811,12,S02|S03|S08|S24|S27|S28|S30|S33|S39,1.017500595814907
S40,behavior,full,134,17,0.5939064403763555,0.9255907491201608,0.755656108597285,0.5555555555555556,0.5263157894736842,0.5882352941176471,0.4878404871567409,0.32752178965219814,0.7370791832605997,12,S02|S03|S08|S24|S27|S28|S30|S33|S39,1.017500595814907
S40,behavior_et,first1,134,17,0.4837898445390547,0.845148315736551,0.596279537456008,0.3076923076923077,0.4444444444444444,0.23529411764705882,0.25603840977704395,0.22692817916621022,0.7100000000000001,14,S02|S03|S08|S24|S27|S28|S30|S33|S39,0.9639174210899215
S40,behavior_et,first2,97,12,0.404240664845173,0.8362745098039216,0.678921568627451,0.45454545454545453,0.5,0.4166666666666667,0.38746560113990985,0.30014513993693376,0.7278827229232497,14,S02|S03|S08|S24|S27|S28|S30|S33|S39,0.9639174210899215
S40,behavior_et,first3,55,9,0.4477273950040168,0.785024154589372,0.6787439613526569,0.47058823529411764,0.5,0.4444444444444444,0.3751177565480253,0.3310406419363888,0.780360214427264,14,S02|S03|S08|S24|S27|S28|S30|S33|S39,0.9639174210899215
S40,behavior_et,full,134,17,0.579983517743658,0.9286073403720463,0.7599296128707893,0.5714285714285714,0.5555555555555556,0.5882352941176471,0.5073853226307095,0.3314267589863556,0.7774000618192883,14,S02|S03|S08|S24|S27|S28|S30|S33|S39,0.9639174210899215
S40,behavior_eeg,first1,134,17,0.4754880185336353,0.8491704374057315,0.7219708396178984,0.5,0.47368421052631576,0.5294117647058824,0.4235625861941025,0.1703347341894214,0.5058196769820319,3,S02|S03|S08|S24|S27|S28|S30|S33|S39,1.0251764747601344
S40,behavior_eeg,first2,97,12,0.5846185064935064,0.8901960784313725,0.6848039215686275,0.47619047619047616,0.5555555555555556,0.4166666666666667,0.4194485269325549,0.24507653144831512,0.64,3,S02|S03|S08|S24|S27|S28|S30|S33|S39,1.0251764747601344
S40,behavior_eeg,first3,55,9,0.5493375786854047,0.8526570048309179,0.644927536231884,0.42857142857142855,0.6,0.3333333333333333,0.37300192329612547,0.26445109085603197,0.7042660673459371,3,S02|S03|S08|S24|S27|S28|S30|S33|S39,1.0251764747601344
S40,behavior_eeg,full,134,17,0.5799900049286275,0.9215686274509804,0.6551030668677728,0.42857142857142855,0.5454545454545454,0.35294117647058826,0.37611345856515754,0.26464957932927713,0.7064454754193623,3,S02|S03|S08|S24|S27|S28|S30|S33|S39,1.0251764747601344
S40,behavior_eeg_et,first1,134,17,0.4864080706108434,0.8501759678230266,0.7214680744092509,0.45454545454545453,0.37037037037037035,0.5882352941176471,0.36752318873401313,0.21985371560970346,0.52,3,S02|S03|S08|S24|S27|S28|S30|S33|S39,1.0391403770942327
S40,behavior_eeg_et,first2,97,12,0.5349065738433555,0.8715686274509804,0.7029411764705882,0.46153846153846156,0.42857142857142855,0.5,0.3802744888212109,0.30866058708466204,0.6461170001824696,3,S02|S03|S08|S24|S27|S28|S30|S33|S39,1.0391403770942327
S40,behavior_eeg_et,first3,55,9,0.5377850119229429,0.8429951690821256,0.7016908212560387,0.47619047619047616,0.4166666666666667,0.5555555555555556,0.3613195409301558,0.3340323033657941,0.6773211604115938,3,S02|S03|S08|S24|S27|S28|S30|S33|S39,1.0391403770942327
S40,behavior_eeg_et,full,134,17,0.5646407417899504,0.9165409753645047,0.7428355957767723,0.5128205128205128,0.45454545454545453,0.5882352941176471,0.4363544236652608,0.32459566063845335,0.6801702486144171,3,S02|S03|S08|S24|S27|S28|S30|S33|S39,1.0391403770942327
S40,behavior_no_propensity,first1,134,17,0.327880108743408,0.697335344394168,0.637506284565108,0.35,0.30434782608695654,0.4117647058823529,0.24274177727066645,0.24454060964175126,0.4719989180564879,8,S02|S03|S08|S24|S27|S28|S30|S33|S39,1.0509454668732319
S40,behavior_no_propensity,first2,97,12,0.2599977276085055,0.696078431372549,0.6441176470588235,0.3333333333333333,0.25,0.5,0.2199278322772111,0.3157223042139073,0.5309563474944143,8,S02|S03|S08|S24|S27|S28|S30|S33|S39,1.0509454668732319
S40,behavior_no_propensity,first3,55,9,0.26391802161781397,0.6304347826086956,0.6243961352657005,0.36363636363636365,0.3076923076923077,0.4444444444444444,0.21664104046002292,0.3526452151211825,0.6952136924892965,8,S02|S03|S08|S24|S27|S28|S30|S33|S39,1.0509454668732319
S40,behavior_no_propensity,full,134,17,0.3708602623636327,0.8687782805429864,0.7171945701357466,0.4444444444444444,0.35714285714285715,0.5882352941176471,0.3556021700825837,0.34529174552924596,0.6841389536857605,8,S02|S03|S08|S24|S27|S28|S30|S33|S39,1.0509454668732319
S41,behavior,first1,137,12,0.16715006736894766,0.5526666666666666,0.5376666666666666,0.14285714285714285,0.5,0.08333333333333333,0.17756236949795526,0.22413025970441577,0.62,27,S09|S10|S17|S24|S25|S28|S30|S31|S35,0.9961021286520577
S41,behavior,first2,104,9,0.30176719325932827,0.6163742690058478,0.5450292397660819,0.16666666666666666,0.3333333333333333,0.1111111111111111,0.15128168515702486,0.2535501099549807,0.6733532101457769,27,S09|S10|S17|S24|S25|S28|S30|S31|S35,0.9961021286520577
S41,behavior,first3,60,9,0.4974943003398288,0.7298474945533768,0.6111111111111112,0.36363636363636365,1.0,0.2222222222222222,0.4420433223684922,0.25495408127705255,0.7683446464634904,27,S09|S10|S17|S24|S25|S28|S30|S31|S35,0.9961021286520577
S41,behavior,full,137,12,0.42131393476216134,0.7986666666666666,0.5753333333333334,0.25,0.5,0.16666666666666666,0.2529921195043994,0.2897977254686564,0.7592646204823195,27,S09|S10|S17|S24|S25|S28|S30|S31|S35,0.9961021286520577
S41,behavior_et,first1,137,12,0.15719502094054907,0.6093333333333333,0.5553333333333333,0.19047619047619047,0.2222222222222222,0.16666666666666666,0.1262804785359133,0.13102158596807156,0.56,17,S09|S10|S17|S24|S25|S28|S30|S31|S35,0.9268786837739216
S41,behavior_et,first2,104,9,0.33173456688278224,0.7134502923976608,0.6005847953216374,0.3076923076923077,0.5,0.2222222222222222,0.29411379426441087,0.1669671725338468,0.7322065578807484,17,S09|S10|S17|S24|S25|S28|S30|S31|S35,0.9268786837739216
S41,behavior_et,first3,60,9,0.5771731446788655,0.8540305010893245,0.6013071895424836,0.3333333333333333,0.6666666666666666,0.2222222222222222,0.33195449253833836,0.15347370859235526,0.79,17,S09|S10|S17|S24|S25|S28|S30|S31|S35,0.9268786837739216
S41,behavior_et,full,137,12,0.400862807672345,0.766,0.609,0.3157894736842105,0.42857142857142855,0.25,0.27988616210213707,0.19337962159927743,0.732059222279173,17,S09|S10|S17|S24|S25|S28|S30|S31|S35,0.9268786837739216
S41,behavior_eeg,first1,137,12,0.13664967428540592,0.5113333333333333,0.492,0.0,0.0,0.0,-0.03771236166328253,0.11824755548723857,0.5324594325007813,3,S09|S10|S17|S24|S25|S28|S30|S31|S35,1.007180199652173
S41,behavior_eeg,first2,104,9,0.22468642868604685,0.519298245614035,0.5502923976608187,0.18181818181818182,0.5,0.1111111111111111,0.205920844273183,0.16763166055226555,0.6462583283402703,3,S09|S10|S17|S24|S25|S28|S30|S31|S35,1.007180199652173
S41,behavior_eeg,first3,60,9,0.3930706259412287,0.6056644880174291,0.5555555555555556,0.2,1.0,0.1111111111111111,0.3099115966531633,0.14486175154646236,0.7617154826901176,3,S09|S10|S17|S24|S25|S28|S30|S31|S35,1.007180199652173
S41,behavior_eeg,full,137,12,0.2937619839234377,0.6926666666666667,0.5416666666666666,0.15384615384615385,1.0,0.08333333333333333,0.2767546517312798,0.16401498688616023,0.7370001260680381,3,S09|S10|S17|S24|S25|S28|S30|S31|S35,1.007180199652173
S41,behavior_eeg_et,first1,137,12,0.09891592379417108,0.44866666666666666,0.496,0.0,0.0,0.0,-0.026568446566202858,0.11607454321517129,0.65,5,S09|S10|S17|S24|S25|S28|S30|S31|S35,0.9565583055444241
S41,behavior_eeg_et,first2,104,9,0.11766571510427418,0.4502923976608187,0.5450292397660819,0.16666666666666666,0.3333333333333333,0.1111111111111111,0.15128168515702486,0.14429437952975813,0.6347173968228425,5,S09|S10|S17|S24|S25|S28|S30|S31|S35,0.9565583055444241
S41,behavior_eeg_et,first3,60,9,0.39698970760185487,0.6710239651416121,0.5,0.0,0.0,0.0,0.0,0.1306917980313301,0.8082608996015607,5,S09|S10|S17|S24|S25|S28|S30|S31|S35,0.9565583055444241
S41,behavior_eeg_et,full,137,12,0.2904637587898616,0.716,0.5753333333333334,0.25,0.5,0.16666666666666666,0.2529921195043994,0.17412734975236172,0.65,5,S09|S10|S17|S24|S25|S28|S30|S31|S35,0.9565583055444241
S41,behavior_no_propensity,first1,137,12,0.10330732439036992,0.4443333333333333,0.5336666666666666,0.13333333333333333,0.3333333333333333,0.08333333333333333,0.1300656805631864,0.19023423005629628,0.52,18,S09|S10|S17|S24|S25|S28|S30|S31|S35,1.0467348733483441
S41,behavior_no_propensity,first2,104,9,0.22821993585667477,0.7228070175438597,0.5345029239766081,0.14285714285714285,0.2,0.1111111111111111,0.09069145192910756,0.21981326433328482,0.4928614871068434,18,S09|S10|S17|S24|S25|S28|S30|S31|S35,1.0467348733483441
S41,behavior_no_propensity,first3,60,9,0.5080668660378804,0.8235294117647058,0.5,0.0,0.0,0.0,0.0,0.21749963064988453,0.745295569896698,18,S09|S10|S17|S24|S25|S28|S30|S31|S35,1.0467348733483441
S41,behavior_no_propensity,full,137,12,0.4165134713728064,0.7816666666666667,0.613,0.3333333333333333,0.5,0.25,0.31220711465747875,0.2524703507223269,0.67,18,S09|S10|S17|S24|S25|S28|S30|S31|S35,1.0467348733483441
S42,behavior,first1,142,19,0.43047259577850466,0.7513906718014548,0.6921266581086863,0.46153846153846156,0.45,0.47368421052631576,0.37605560604434196,0.23425524671312786,0.6289380965630212,19,S08|S18|S21|S23|S24|S26|S29|S33|S43,1.0109487914448685
S42,behavior,first2,132,19,0.5086147570024334,0.7484862598975314,0.6734979040521658,0.35714285714285715,0.23076923076923078,0.7894736842105263,0.24363864239558639,0.36271541588234174,0.49480955098614554,19,S08|S18|S21|S23|S24|S26|S29|S33|S43,1.0109487914448685
S42,behavior,first3,104,16,0.4727568961068864,0.7379261363636362,0.6051136363636364,0.3188405797101449,0.20754716981132076,0.6875,0.15172856862717635,0.414565522940113,0.5699926019256766,19,S08|S18|S21|S23|S24|S26|S29|S33|S43,1.0109487914448685
S42,behavior,full,142,19,0.5653791785051601,0.905862216516902,0.8010269576379974,0.4722222222222222,0.32075471698113206,0.8947368421052632,0.423771556071025,0.46135204862540885,0.7327504014968872,19,S08|S18|S21|S23|S24|S26|S29|S33|S43,1.0109487914448685
S42,behavior_et,first1,142,19,0.40844696643104456,0.685066324347454,0.6638853230637569,0.45161290322580644,0.5833333333333334,0.3684210526315789,0.4011780049107267,0.28024838088263926,0.6750483107566833,7,S08|S18|S21|S23|S24|S26|S29|S33|S43,0.999181774816371
S42,behavior_et,first2,132,19,0.4821237229980759,0.7191429902189101,0.7012109920819749,0.46511627906976744,0.4166666666666667,0.5263157894736842,0.3662521827757252,0.38702252078236965,0.7000000000000001,7,S08|S18|S21|S23|S24|S26|S29|S33|S43,0.999181774816371
S42,behavior_et,first3,104,16,0.4379823796339589,0.7073863636363635,0.5880681818181819,0.3,0.75,0.1875,0.33046111035119613,0.43744986575956524,0.85,7,S08|S18|S21|S23|S24|S26|S29|S33|S43,0.999181774816371
S42,behavior_et,full,142,19,0.540649390224942,0.8930252460419341,0.7807017543859649,0.44155844155844154,0.29310344827586204,0.8947368421052632,0.38882200823302854,0.49115299034706306,0.6895241022109986,7,S08|S18|S21|S23|S24|S26|S29|S33|S43,0.999181774816371
S42,behavior_eeg,first1,142,19,0.3884084081850365,0.7488232777064613,0.6756525459991443,0.3793103448275862,0.28205128205128205,0.5789473684210527,0.26795562916468885,0.23187183263436167,0.48000000000000004,3,S08|S18|S21|S23|S24|S26|S29|S33|S43,1.0449027310533454
S42,behavior_eeg,first2,132,19,0.5037618854191652,0.7578015836050302,0.6693060083837914,0.358974358974359,0.23728813559322035,0.7368421052631579,0.23907323200234978,0.36410437027613324,0.5460526951635727,3,S08|S18|S21|S23|S24|S26|S29|S33|S43,1.0449027310533454
S42,behavior_eeg,first3,104,16,0.4192010420460093,0.7343749999999999,0.6193181818181819,0.3287671232876712,0.21052631578947367,0.75,0.1730021869615367,0.41289109134903323,0.5700000000000001,3,S08|S18|S21|S23|S24|S26|S29|S33|S43,1.0449027310533454
S42,behavior_eeg,full,142,19,0.516116267538554,0.8840393667094566,0.7909713307659392,0.47761194029850745,0.3333333333333333,0.8421052631578947,0.41881767995548697,0.4522776356045629,0.6954481118917465,3,S08|S18|S21|S23|S24|S26|S29|S33|S43,1.0449027310533454
S42,behavior_eeg_et,first1,142,19,0.40453835511403985,0.7107402652973898,0.6878476679503638,0.4,0.3055555555555556,0.5789473684210527,0.2940092381323043,0.30845295957906144,0.5688198328018189,3,S08|S18|S21|S23|S24|S26|S29|S33|S43,1.0192193774502774
S42,behavior_eeg_et,first2,132,19,0.48386423267047785,0.7382394038192827,0.611318118304611,0.3047619047619048,0.18604651162790697,0.8421052631578947,0.1640150621791794,0.4574795733347083,0.5343362142461718,3,S08|S18|S21|S23|S24|S26|S29|S33|S43,1.0192193774502774
S42,behavior_eeg_et,first3,104,16,0.4267298126887085,0.7208806818181819,0.6051136363636364,0.3188405797101449,0.20754716981132076,0.6875,0.15172856862717635,0.5194423617078707,0.6964692045341838,3,S08|S18|S21|S23|S24|S26|S29|S33|S43,1.0192193774502774
S42,behavior_eeg_et,full,142,19,0.548770337387517,0.8712023962344887,0.6422764227642277,0.30158730158730157,0.17757009345794392,1.0,0.22478450875051798,0.5674550578417913,0.5353087544441223,3,S08|S18|S21|S23|S24|S26|S29|S33|S43,1.0192193774502774
S42,behavior_no_propensity,first1,142,19,0.33016129605336614,0.6598202824133504,0.6249465126230209,0.31746031746031744,0.22727272727272727,0.5263157894736842,0.18396877428718506,0.25210287075647164,0.42000000000000004,2,S08|S18|S21|S23|S24|S26|S29|S33|S43,1.1303965660350532
S42,behavior_no_propensity,first2,132,19,0.31508066928098194,0.6595249184909175,0.6471821145784815,0.3373493975903614,0.21875,0.7368421052631579,0.2067552817066667,0.40475798962694226,0.5508152512588886,2,S08|S18|S21|S23|S24|S26|S29|S33|S43,1.1303965660350532
S42,behavior_no_propensity,first3,104,16,0.21290974813837343,0.6299715909090909,0.5596590909090908,0.2631578947368421,0.22727272727272727,0.3125,0.10541191125326262,0.46276032838683867,0.7696194296894651,2,S08|S18|S21|S23|S24|S26|S29|S33|S43,1.1303965660350532
S42,behavior_no_propensity,full,142,19,0.42264313295925776,0.8275566966195977,0.7747111681643132,0.4507042253521127,0.3076923076923077,0.8421052631578947,0.38825114125399995,0.5011514286759873,0.7411728084087371,2,S08|S18|S21|S23|S24|S26|S29|S33|S43,1.1303965660350532
S43,behavior,first1,124,16,0.20285667511493832,0.5960648148148148,0.5127314814814814,0.09523809523809523,0.2,0.0625,0.04339326459702216,0.1791729220459538,0.6077661623858442,6,S02|S13|S14|S22|S23|S27|S30|S32|S39,1.020278460415291
S43,behavior,first2,78,15,0.42995666222704404,0.8105820105820106,0.5507936507936508,0.21052631578947367,0.5,0.13333333333333333,0.18151372660830073,0.2078649416947976,0.7100000000000001,6,S02|S13|S14|S22|S23|S27|S30|S32|S39,1.020278460415291
S43,behavior,first3,34,9,0.6206349206349207,0.8711111111111112,0.6822222222222223,0.5333333333333333,0.6666666666666666,0.4444444444444444,0.42176248989638454,0.26327738297336245,0.7739935580708763,6,S02|S13|S14|S22|S23|S27|S30|S32|S39,1.020278460415291
S43,behavior,full,124,16,0.5449320958332273,0.9039351851851851,0.5844907407407407,0.2857142857142857,0.6,0.1875,0.28797348323478345,0.2679228744199199,0.8200000000000001,6,S02|S13|S14|S22|S23|S27|S30|S32|S39,1.020278460415291
S43,behavior_et,first1,124,16,0.23865915608275373,0.6614583333333334,0.5243055555555556,0.17647058823529413,0.16666666666666666,0.1875,0.046261342500225074,0.215850307215606,0.571842434803643,15,S02|S13|S14|S22|S23|S27|S30|S32|S39,0.9347843038675462
S43,behavior_et,first2,78,15,0.4927216338336882,0.7936507936507937,0.611111111111111,0.37037037037037035,0.4166666666666667,0.3333333333333333,0.24273969375147303,0.2854633056200468,0.78,15,S02|S13|S14|S22|S23|S27|S30|S32|S39,0.9347843038675462
S43,behavior_et,first3,34,9,0.7079416951965971,0.8977777777777778,0.8644444444444443,0.7619047619047619,0.6666666666666666,0.8888888888888888,0.6729001506870189,0.3157616871244767,0.6972074462066997,15,S02|S13|S14|S22|S23|S27|S30|S32|S39,0.9347843038675462
S43,behavior_et,full,124,16,0.6244855415587123,0.8987268518518519,0.7847222222222222,0.625,0.625,0.625,0.5694444444444444,0.32504662024157666,0.8009093514596572,15,S02|S13|S14|S22|S23|S27|S30|S32|S39,0.9347843038675462
S43,behavior_eeg,first1,124,16,0.20984787418295306,0.5896990740740742,0.5347222222222222,0.16666666666666666,0.25,0.125,0.09476225544736293,0.17897148400304777,0.5506423310800033,7,S02|S13|S14|S22|S23|S27|S30|S32|S39,0.9651535458395039
S43,behavior_eeg,first2,78,15,0.4760124311806192,0.8222222222222222,0.5174603174603175,0.1111111111111111,0.3333333333333333,0.06666666666666667,0.0715660053495591,0.19829951207607222,0.7317480860334454,7,S02|S13|S14|S22|S23|S27|S30|S32|S39,0.9651535458395039
S43,behavior_eeg,first3,34,9,0.6403499278499278,0.8888888888888888,0.5355555555555556,0.18181818181818182,0.5,0.1111111111111111,0.13333333333333333,0.2795748522176462,0.8374416620924016,7,S02|S13|S14|S22|S23|S27|S30|S32|S39,0.9651535458395039
S43,behavior_eeg,full,124,16,0.5808573849943167,0.9212962962962963,0.5578703703703703,0.21052631578947367,0.6666666666666666,0.125,0.25252525252525254,0.2636619253504661,0.8486414242513253,7,S02|S13|S14|S22|S23|S27|S30|S32|S39,0.9651535458395039
S43,behavior_eeg_et,first1,124,16,0.22894577378547012,0.6180555555555556,0.5555555555555556,0.22857142857142856,0.21052631578947367,0.25,0.10340889791059751,0.12095877630335669,0.37443809563463387,5,S02|S13|S14|S22|S23|S27|S30|S32|S39,0.9690548872887992
S43,behavior_eeg_et,first2,78,15,0.4894401111369042,0.8063492063492064,0.5174603174603175,0.1111111111111111,0.3333333333333333,0.06666666666666667,0.0715660053495591,0.17739037758646867,0.7352537671724955,5,S02|S13|S14|S22|S23|S27|S30|S32|S39,0.9690548872887992
S43,behavior_eeg_et,first3,34,9,0.7272807439474107,0.9155555555555556,0.5355555555555556,0.18181818181818182,0.5,0.1111111111111111,0.13333333333333333,0.2050961668000502,0.8300000000000001,5,S02|S13|S14|S22|S23|S27|S30|S32|S39,0.9690548872887992
S43,behavior_eeg_et,full,124,16,0.632378319188981,0.9201388888888888,0.5578703703703703,0.21052631578947367,0.6666666666666666,0.125,0.25252525252525254,0.22051808484379323,0.8400000000000001,5,S02|S13|S14|S22|S23|S27|S30|S32|S39,0.9690548872887992
S43,behavior_no_propensity,first1,124,16,0.2042090253400007,0.4615162037037037,0.5081018518518519,0.09090909090909091,0.16666666666666666,0.0625,0.02531451046849353,0.16053558741846388,0.52,10,S02|S13|S14|S22|S23|S27|S30|S32|S39,1.0532132766046798
S43,behavior_no_propensity,first2,78,15,0.4227511644479437,0.7333333333333333,0.6015873015873016,0.34782608695652173,0.5,0.26666666666666666,0.2639315516295432,0.18977195215530884,0.62755103881913,10,S02|S13|S14|S22|S23|S27|S30|S32|S39,1.0532132766046798
S43,behavior_no_propensity,first3,34,9,0.6135840809753853,0.8488888888888889,0.48,0.0,0.0,0.0,-0.1044465935734187,0.24581365199650035,0.8338030689292484,10,S02|S13|S14|S22|S23|S27|S30|S32|S39,1.0532132766046798
S43,behavior_no_propensity,full,124,16,0.5806051582142113,0.9184027777777777,0.7581018518518519,0.6,0.6428571428571429,0.5625,0.5468051860543309,0.2564075512270773,0.67,10,S02|S13|S14|S22|S23|S27|S30|S32|S39,1.0532132766046798
S44,behavior,first1,139,16,0.28127975198614097,0.6392276422764228,0.6227134146341464,0.28125,0.1875,0.5625,0.16473780264715543,0.2923581166018685,0.4315006210045381,7,S05|S07|S08|S09|S14|S20|S22|S25|S32,1.0250834419874413
S44,behavior,first2,111,13,0.2736833228823309,0.6248037676609105,0.5879120879120879,0.2553191489361702,0.17647058823529413,0.46153846153846156,0.1226530869960561,0.3868439244525927,0.5781465311845143,7,S05|S07|S08|S09|S14|S20|S22|S25|S32,1.0250834419874413
S44,behavior,first3,69,12,0.5236627280740935,0.7032163742690059,0.6140350877192983,0.36363636363636365,0.4,0.3333333333333333,0.24556730365511298,0.4162362813949585,0.7809095567645449,7,S05|S07|S08|S09|S14|S20|S22|S25|S32,1.0250834419874413
S44,behavior,full,139,16,0.3895483386006621,0.7616869918699186,0.6768292682926829,0.38095238095238093,0.3076923076923077,0.5,0.28944816246681687,0.43541216389309584,0.7464072786497347,7,S05|S07|S08|S09|S14|S20|S22|S25|S32,1.0250834419874413
S44,behavior_et,first1,139,16,0.2520132136768333,0.6316056910569106,0.561229674796748,0.2222222222222222,0.2727272727272727,0.1875,0.14477819843298356,0.23612702080457326,0.6223082321882247,7,S05|S07|S08|S09|S14|S20|S22|S25|S32,0.9926434505618628
S44,behavior_et,first2,111,13,0.28817658289539777,0.6538461538461539,0.6593406593406593,0.36363636363636365,0.3,0.46153846153846156,0.2666279205438263,0.31817548500524984,0.6,7,S05|S07|S08|S09|S14|S20|S22|S25|S32,0.9926434505618628
S44,behavior_et,first3,69,12,0.42255069601834033,0.7090643274853802,0.6557017543859649,0.43478260869565216,0.45454545454545453,0.4166666666666667,0.3224342837674405,0.3255495316740395,0.6900000000000001,7,S05|S07|S08|S09|S14|S20|S22|S25|S32,0.9926434505618628
S44,behavior_et,full,139,16,0.4280200103626524,0.7825203252032521,0.6890243902439024,0.41025641025641024,0.34782608695652173,0.5,0.3246889254454856,0.36240018786286277,0.6898027883033561,7,S05|S07|S08|S09|S14|S20|S22|S25|S32,0.9926434505618628
S44,behavior_eeg,first1,139,16,0.2854627308241978,0.6026422764227642,0.5802845528455285,0.25806451612903225,0.26666666666666666,0.25,0.165165015884854,0.13612474586895043,0.49406921410199367,9,S05|S07|S08|S09|S14|S20|S22|S25|S32,0.9290934143483724
S44,behavior_eeg,first2,111,13,0.2586692161976179,0.5761381475667189,0.5282574568288854,0.125,0.3333333333333333,0.07692307692307693,0.11206636293610515,0.14254415072165097,0.75,9,S05|S07|S08|S09|S14|S20|S22|S25|S32,0.9290934143483724
S44,behavior_eeg,first3,69,12,0.5107288748832867,0.6695906432748538,0.5833333333333334,0.2857142857142857,1.0,0.16666666666666666,0.37655151676247356,0.15056979980157767,0.7642099917476827,9,S05|S07|S08|S09|S14|S20|S22|S25|S32,0.9290934143483724
S44,behavior_eeg,full,139,16,0.394684723930391,0.7464430894308942,0.6128048780487805,0.34782608695652173,0.5714285714285714,0.25,0.329256560754872,0.1940619120334121,0.7688286062442893,9,S05|S07|S08|S09|S14|S20|S22|S25|S32,0.9290934143483724
S44,behavior_eeg_et,first1,139,16,0.26915978860721235,0.6153455284552847,0.569359756097561,0.24,0.3333333333333333,0.1875,0.1799107728260367,0.1403545995624803,0.6063026813184372,5,S05|S07|S08|S09|S14|S20|S22|S25|S32,0.9675621345019237
S44,behavior_eeg_et,first2,111,13,0.2710084135181994,0.5910518053375197,0.5671114599686029,0.23529411764705882,0.19047619047619047,0.3076923076923077,0.11019972082772753,0.20082827301712725,0.524978200486212,5,S05|S07|S08|S09|S14|S20|S22|S25|S32,0.9675621345019237
S44,behavior_eeg_et,first3,69,12,0.4451787518537166,0.6388888888888888,0.581140350877193,0.3,0.375,0.25,0.19212550273373458,0.20224808955538098,0.62,5,S05|S07|S08|S09|S14|S20|S22|S25|S32,0.9675621345019237
S44,behavior_eeg_et,full,139,16,0.43763428330994686,0.7606707317073171,0.6590447154471545,0.41379310344827586,0.46153846153846156,0.375,0.34866217695426094,0.24863046396979321,0.6900000000000001,5,S05|S07|S08|S09|S14|S20|S22|S25|S32,0.9675621345019237
S44,behavior_no_propensity,first1,139,16,0.17484884469557946,0.5579268292682927,0.5015243902439024,0.12121212121212122,0.11764705882352941,0.125,0.0029698487185714066,0.21423932009463684,0.4,20,S05|S07|S08|S09|S14|S20|S22|S25|S32,1.0422238973497147
S44,behavior_no_propensity,first2,111,13,0.21505683757432115,0.5525902668759812,0.5184458398744113,0.17142857142857143,0.13636363636363635,0.23076923076923078,0.02975820972546382,0.2974469062981305,0.5700000000000001,20,S05|S07|S08|S09|S14|S20|S22|S25|S32,1.0422238973497147
S44,behavior_no_propensity,first3,69,12,0.40135784387120754,0.6359649122807017,0.587719298245614,0.32,0.3076923076923077,0.3333333333333333,0.17005425596285895,0.3131230590136155,0.6794293603030117,20,S05|S07|S08|S09|S14|S20|S22|S25|S32,1.0422238973497147
S44,behavior_no_propensity,full,139,16,0.3845491542696515,0.7820121951219513,0.6374491869918699,0.32558139534883723,0.25925925925925924,0.4375,0.22176541863237278,0.35944946163849867,0.6771614792130211,20,S05|S07|S08|S09|S14|S20|S22|S25|S32,1.0422238973497147
